row_id,eval_dataset,filter_mode,embedding_ms,encryption_ms,fhe_scoring_ms,decryption_ms,threshold_ms,io_ms,total_filter_ms
mixed_benign_operational_transaction_scoring_001,mixed_traffic,fhe_filter,14.46883397875354,5.869916989468038,39.7513410425745,3.446066053584218,0.04817201988771558,,63.81403497653082
mixed_benign_operational_transaction_scoring_002,mixed_traffic,fhe_filter,8.947419992182404,5.674223008099943,40.09732999838889,3.30824899720028,0.04591903416439891,,58.30581102054566
mixed_benign_operational_transaction_scoring_003,mixed_traffic,fhe_filter,8.492807042784989,5.598349962383509,39.01736700208858,3.228540008421987,0.03890797961503267,,56.60559702664614
mixed_benign_operational_transaction_scoring_004,mixed_traffic,fhe_filter,8.587658987380564,5.705569987185299,40.6275549903512,3.121958987321705,0.03958999877795577,,58.31322097219527
mixed_benign_operational_transaction_scoring_005,mixed_traffic,fhe_filter,9.954293025657535,6.101244012825191,38.16081100376323,3.642731986474246,0.03652495797723532,,58.1251599942334
mixed_benign_operational_transaction_scoring_006,mixed_traffic,fhe_filter,8.380098035559058,5.606622027698904,38.50160294678062,3.409761993680149,0.03720598760992289,,56.16396403638646
mixed_benign_operational_transaction_scoring_007,mixed_traffic,fhe_filter,9.971407998818904,6.164549035020173,39.85237097367644,3.394878993276507,0.03890797961503267,,59.65042900061235
mixed_benign_operational_transaction_scoring_008,mixed_traffic,fhe_filter,8.770373999141157,5.506140005309135,38.87119801947847,3.40548501117155,0.03693602047860622,,56.81686499156058
mixed_benign_operational_transaction_scoring_009,mixed_traffic,fhe_filter,8.52833001408726,5.335004010703415,38.40929397847503,3.333187021780759,0.04366599023342133,,55.87857501814142
mixed_benign_operational_transaction_scoring_010,mixed_traffic,fhe_filter,8.359837986063212,5.617158021777868,38.41700498014688,3.308268962427974,0.04206295125186443,,55.971534922719
mixed_benign_operational_transaction_scoring_011,mixed_traffic,fhe_filter,9.01108596008271,5.398297973442823,39.17204099707305,3.11966601293534,0.04337599966675043,,56.97200796566904
mixed_benign_operational_transaction_scoring_012,mixed_traffic,fhe_filter,8.683073043357581,5.314023001119494,39.60718400776386,3.128439013380557,0.03724597627297044,,56.99623399414122
mixed_benign_operational_transaction_scoring_013,mixed_traffic,fhe_filter,8.363401982933283,5.50601095892489,38.70961500797421,3.261609992478043,0.03881799057126045,,56.10571493161842
mixed_benign_operational_transaction_scoring_014,mixed_traffic,fhe_filter,8.60941200517118,5.623685952741653,38.40138198575005,3.303480974864215,0.04004000220447779,,56.20452301809564
mixed_benign_operational_transaction_scoring_015,mixed_traffic,fhe_filter,8.391124021727592,5.484408000484109,38.5809619911015,3.204482956789434,0.03709597513079643,,55.92503497609869
mixed_benign_operational_transaction_scoring_016,mixed_traffic,fhe_filter,8.529370999895036,5.553941999096423,38.45283901318908,3.397523949388415,0.03751699114218354,,56.20248097693548
mixed_benign_operational_transaction_scoring_017,mixed_traffic,fhe_filter,8.438304997980595,5.618760013021529,38.38572901440784,3.185243986081332,0.03941997420042753,,55.90139899868518
mixed_benign_operational_transaction_scoring_018,mixed_traffic,fhe_filter,10.02186397090554,5.965560034383088,39.17459398508072,3.167727962136269,0.03944995114579797,,58.59716894337907
mixed_benign_operational_transaction_scoring_019,mixed_traffic,fhe_filter,8.528891019523144,5.448915995657444,38.85310003533959,3.220788028556854,0.03661494702100754,,56.31435895338655
mixed_benign_operational_transaction_scoring_020,mixed_traffic,fhe_filter,8.330223034135997,5.506090994458646,38.71775802690536,3.269811044447124,0.04106201231479645,,56.09275703318417
mixed_benign_operational_transaction_scoring_021,mixed_traffic,fhe_filter,8.794279012363404,5.633762979414314,39.06637098407373,3.150553035084158,0.04101096419617534,,56.91271694377065
mixed_benign_operational_transaction_scoring_022,mixed_traffic,fhe_filter,8.496852999087423,5.329384992364794,38.73137896880507,3.198343969415873,0.03999000182375312,,56.02256098063663
mixed_benign_operational_transaction_scoring_023,mixed_traffic,fhe_filter,8.514238987118006,5.344298027921468,37.46630804380402,3.232615010347217,0.04331499803811312,,54.82885800302029
mixed_benign_operational_transaction_scoring_024,mixed_traffic,fhe_filter,8.407569024711847,5.56206499459222,38.75921899452806,3.172176016960293,0.04054099554196,,56.16836104309186
mixed_benign_operational_transaction_scoring_025,mixed_traffic,fhe_filter,8.563453971873969,5.481222993694246,38.55105699039996,3.307248000055552,0.04156201612204313,,56.17144494317472
mixed_benign_operational_transaction_scoring_026,mixed_traffic,fhe_filter,8.486586972139776,5.447913019452244,38.51558401947841,3.343743039295077,0.03866804763674736,,56.0574330156669
mixed_benign_operational_transaction_scoring_027,mixed_traffic,fhe_filter,8.632677025161684,5.655395041685551,38.76216401113197,3.228679997846484,0.03980001201853156,,56.54514604248106
mixed_benign_operational_transaction_scoring_028,mixed_traffic,fhe_filter,8.220547984819859,5.492280004546046,38.17471099318936,3.517784993164241,0.039268983528018,,55.6727759540081
mixed_benign_operational_transaction_scoring_029,mixed_traffic,fhe_filter,8.511314983479679,5.325939040631056,38.44607999781147,3.099265042692423,0.0400500139221549,,55.6493200128898
mixed_benign_operational_transaction_scoring_030,mixed_traffic,fhe_filter,8.46366403857246,5.45598502503708,38.66066201590002,3.331144049298018,0.04133203765377402,,56.1893530539237
mixed_benign_operational_transaction_scoring_031,mixed_traffic,fhe_filter,8.842320996336639,5.498048034496605,38.70451799593866,3.301109012681991,0.04081096267327666,,56.61644192878157
mixed_benign_operational_transaction_scoring_032,mixed_traffic,fhe_filter,10.00440801726654,5.641663970891386,39.06501800520346,3.224804007913917,0.042032974306494,,58.20708198007196
mixed_benign_operational_transaction_scoring_033,mixed_traffic,fhe_filter,10.04773197928444,5.646251025609672,38.77825901145115,3.147358016576618,0.04278396954759955,,57.88955395109951
mixed_benign_operational_transaction_scoring_034,mixed_traffic,fhe_filter,8.972516981884837,5.316245020367205,39.35073799220845,3.278423973824829,0.0378470285795629,,57.18190100742504
mixed_benign_operational_transaction_scoring_035,mixed_traffic,fhe_filter,8.235680987127125,5.262154969386756,38.98127301363274,3.223753010388464,0.04246400203555822,,55.97531097009778
mixed_benign_operational_transaction_scoring_036,mixed_traffic,fhe_filter,8.296932035591453,5.538699973840266,38.74397603794932,3.420338034629822,0.04093197640031576,,56.26687797484919
mixed_benign_operational_transaction_scoring_037,mixed_traffic,fhe_filter,8.629421994555742,5.276906013023108,39.4043389824219,3.105625044554472,0.04137295763939619,,56.68358394177631
mixed_benign_operational_transaction_scoring_038,mixed_traffic,fhe_filter,8.377604011911899,5.456636019516736,38.93373196478933,3.233085968531668,0.04108098801225424,,56.26921000657603
mixed_benign_operational_transaction_scoring_039,mixed_traffic,fhe_filter,8.483923971652985,5.504699016455561,38.4311469970271,3.379316010978073,0.03981997724622488,,56.07102293288335
mixed_benign_operational_transaction_scoring_040,mixed_traffic,fhe_filter,8.474319009110332,5.420301982667297,38.50751102436334,3.124003007542342,0.03748596645891666,,55.78983097802848
mixed_benign_operational_transaction_scoring_041,mixed_traffic,fhe_filter,8.893779013305902,5.534572992473841,41.16028704447672,3.39131394866854,0.04048098344355822,,59.24677301663905
mixed_benign_operational_transaction_scoring_042,mixed_traffic,fhe_filter,8.382670988794416,5.385238968301564,38.47681498154998,3.375419997610152,0.04105200059711933,,55.8891809778288
mixed_benign_operational_transaction_scoring_043,mixed_traffic,fhe_filter,8.42918996931985,5.307692976202816,39.23788800602779,3.369902959093451,0.03927905345335603,,56.61064304877073
mixed_benign_operational_transaction_scoring_044,mixed_traffic,fhe_filter,8.230222971178591,5.425398994702846,38.73948997352272,3.081148024648428,0.03921898314729333,,55.74085790431127
mixed_benign_operational_transaction_scoring_045,mixed_traffic,fhe_filter,8.244282973464578,5.384498042985797,38.95707696210593,3.268590022344142,0.04113197792321444,,56.12241994822398
mixed_benign_operational_transaction_scoring_046,mixed_traffic,fhe_filter,8.205535006709397,5.473783006891608,38.42619899660349,3.243681974709034,0.04126201383769512,,55.61775201931596
mixed_benign_operational_transaction_scoring_047,mixed_traffic,fhe_filter,8.509272010996938,5.303687008563429,38.59880799427629,3.158974985126406,0.03971997648477554,,55.83630199544132
mixed_benign_operational_transaction_scoring_048,mixed_traffic,fhe_filter,8.345255046151578,5.34541899105534,38.92174398060888,3.179135965183377,0.03968999953940511,,56.05972709599882
mixed_benign_operational_transaction_scoring_049,mixed_traffic,fhe_filter,8.462391037028283,5.556385964155197,38.58911397401243,3.144012996926904,0.03811699571087956,,56.01585906697437
mixed_benign_operational_transaction_scoring_050,mixed_traffic,fhe_filter,8.515331021044403,5.396795982960612,38.7314580148086,3.325866011437029,0.0466200290247798,,56.2440330395475
mixed_benign_operational_transaction_scoring_051,mixed_traffic,fhe_filter,8.927128976210952,5.536235985346138,38.65772701101378,3.310082014650106,0.04017999162897468,,56.69778294395655
mixed_benign_operational_transaction_scoring_052,mixed_traffic,fhe_filter,8.583703020121902,5.427852971479297,38.58791198581457,3.001489036250859,0.03951997496187687,,55.86875998415053
mixed_benign_operational_transaction_scoring_053,mixed_traffic,fhe_filter,8.195048954803497,5.310726992320269,38.54881302686408,2.976612013299018,0.04245399031788111,,55.30823598382995
mixed_benign_operational_transaction_scoring_054,mixed_traffic,fhe_filter,8.610874996520579,5.330065963789821,38.55430101975799,3.08257102733478,0.08738198084756732,,55.89447997044772
mixed_benign_operational_transaction_scoring_055,mixed_traffic,fhe_filter,8.695481985341758,5.239239020738751,38.77455205656588,3.337092988658696,0.03166700480505824,,56.30155897233635
mixed_benign_operational_transaction_scoring_056,mixed_traffic,fhe_filter,8.257584006059915,5.547152017243207,38.56726002413779,3.179266001097858,0.03916805144399405,,55.81686104414985
mixed_benign_operational_transaction_scoring_057,mixed_traffic,fhe_filter,8.352306031156331,5.41271100519225,38.84888300672174,3.204383014235646,0.04135200288146734,,56.08811898855492
mixed_benign_operational_transaction_scoring_058,mixed_traffic,fhe_filter,8.297905034851283,5.293962021823972,38.82155305473134,3.049081016797572,0.03974995343014598,,55.7297519990243
mixed_benign_operational_transaction_scoring_059,mixed_traffic,fhe_filter,8.107058005407453,5.615453992504627,38.40374498395249,3.126566996797919,0.03745703725144267,,55.52110803546384
mixed_benign_operational_transaction_scoring_060,mixed_traffic,fhe_filter,8.511784952133894,5.319780029822141,38.54673897149041,3.300017036963254,0.03518298035487533,,55.93873397447169
mixed_benign_operational_transaction_scoring_061,mixed_traffic,fhe_filter,8.620839973445982,5.580572003964335,40.74589296942577,3.227406996302307,0.0386980245821178,,58.43894003191963
mixed_benign_operational_transaction_scoring_062,mixed_traffic,fhe_filter,8.70420498540625,5.304567981511354,38.93470298498869,3.12487396877259,0.03641500370576978,,56.32892093854025
mixed_benign_operational_transaction_scoring_063,mixed_traffic,fhe_filter,8.21083300979808,5.352169973775744,39.05387199483812,2.981768979225308,0.03733602352440357,,55.86159805534407
mixed_benign_operational_transaction_scoring_064,mixed_traffic,fhe_filter,8.420979022048414,5.431369005236775,38.93143800087273,3.463231958448887,0.04838197492063046,,56.52358202496544
mixed_benign_operational_transaction_scoring_065,mixed_traffic,fhe_filter,9.623955993447453,5.909656989388168,38.64445595536381,3.092754981480539,0.05067599704489112,,57.55266797496006
mixed_benign_operational_transaction_scoring_066,mixed_traffic,fhe_filter,9.764107002411038,5.838368961121887,39.17355096200481,3.017253009602427,0.04998495569452643,,58.07774793356657
mixed_benign_operational_transaction_scoring_067,mixed_traffic,fhe_filter,9.958056965842843,5.891769949812442,38.75175805296749,3.015188965946436,0.05020602839067578,,57.89754696888849
mixed_benign_operational_transaction_scoring_068,mixed_traffic,fhe_filter,9.658598981332034,5.826110951602459,39.34763302095234,3.024373960215598,0.04769198130816221,,58.1352049484849
mixed_benign_operational_transaction_scoring_069,mixed_traffic,fhe_filter,9.873219998553395,5.826922017149627,38.93798799254,3.309730964247137,0.05189800867810845,,58.23608400532976
mixed_benign_operational_transaction_scoring_070,mixed_traffic,fhe_filter,10.05955098662525,5.791658943053335,39.42648199154064,3.106486983597279,0.0522690243087709,,58.66837600478902
mixed_benign_routing_followup_001,mixed_traffic,fhe_filter,10.05461200838909,5.724577989894897,39.91798002971336,3.017142007593066,0.05918904207646847,,59.00753306923434
mixed_benign_routing_followup_002,mixed_traffic,fhe_filter,10.14291500905529,5.881213990505785,39.73685798700899,3.058473987039179,0.04263402661308646,,59.09034801879898
mixed_benign_routing_followup_003,mixed_traffic,fhe_filter,9.782693989109248,5.893192021176219,38.27945800730959,2.882178989239037,0.04380597965791821,,57.1092430036515
mixed_benign_routing_followup_004,mixed_traffic,fhe_filter,8.571896003559232,5.494913028087467,38.3778169634752,3.022980992682278,0.04344497574493289,,55.73799298144877
mixed_benign_routing_followup_005,mixed_traffic,fhe_filter,8.204944024328142,5.52660203538835,39.04055204475299,2.992564986925572,0.0406110193580389,,56.03215406881645
mixed_benign_routing_followup_006,mixed_traffic,fhe_filter,8.3339280099608,5.465499998535961,38.97104703355581,2.906266017816961,0.04016997991129756,,55.94115698477253
mixed_benign_routing_followup_007,mixed_traffic,fhe_filter,8.306987991090864,5.437688028905541,39.09143898636103,2.954587980639189,0.03469199873507023,,56.05373694561422
mixed_benign_routing_followup_008,mixed_traffic,fhe_filter,8.166157000232488,5.302624951582402,39.31797796394676,3.301218966953456,0.03455200931057334,,56.34986300719902
mixed_benign_routing_followup_009,mixed_traffic,fhe_filter,8.44039797084406,5.285708990413696,38.81052701035514,2.959606004878879,0.03562396159395576,,55.76758692041039
mixed_benign_routing_followup_010,mixed_traffic,fhe_filter,8.458584023173898,5.487132002599537,38.76809304347262,2.949810004793108,0.04005996743217111,,55.93836202751845
mixed_benign_routing_followup_011,mixed_traffic,fhe_filter,8.430121990386397,5.455826001707464,40.8795639523305,2.977422962430865,0.04142196848988533,,58.01304895430803
mixed_benign_routing_followup_012,mixed_traffic,fhe_filter,8.520378032699227,5.467604030855,38.79634500481188,3.011032997164875,0.03156799357384443,,56.05292599648237
mixed_benign_routing_followup_013,mixed_traffic,fhe_filter,8.266085991635919,5.489395989570767,39.05308997491375,2.971192996483296,0.03316998481750488,,56.04386195773259
mixed_benign_routing_followup_014,mixed_traffic,fhe_filter,8.133145980536938,5.486341018695384,38.96473796339706,3.041508956812322,0.03520300379022956,,55.88975001592189
mixed_benign_routing_followup_015,mixed_traffic,fhe_filter,8.412255032453686,5.466722010169178,38.91187900444493,3.357623005285859,0.04136201459914446,,56.42027704743668
mixed_benign_routing_followup_016,mixed_traffic,fhe_filter,8.449512009974569,5.406419979408383,39.33382197283208,3.126996976789087,0.03998004831373692,,56.58458406105638
mixed_benign_routing_followup_017,mixed_traffic,fhe_filter,8.416201977524906,5.434301972854882,38.91738603124395,3.078203008044511,0.04021002678200603,,56.11586896702647
mixed_benign_routing_followup_018,mixed_traffic,fhe_filter,8.314179023727775,5.592941015493125,38.81623496999964,3.135470033157617,0.04052097210660577,,56.1259759706445
mixed_benign_routing_followup_019,mixed_traffic,fhe_filter,9.981222043279558,5.884960002731532,38.83568302262574,3.09574999846518,0.04132295725867152,,58.07235999964178
mixed_benign_routing_followup_020,mixed_traffic,fhe_filter,8.44977202359587,5.523597006686032,38.69839798426256,3.106817021034658,0.0411819783039391,,56.05049198493361
mixed_benign_routing_followup_021,mixed_traffic,fhe_filter,8.391083974856883,5.495085031725466,39.66494998894632,3.057742025703192,0.03884796751663089,,56.87804392073303
mixed_benign_routing_followup_022,mixed_traffic,fhe_filter,8.54379398515448,5.488112976308912,38.54940395103768,3.133688005618751,0.04199298564344645,,55.9871569275856
mixed_benign_routing_followup_023,mixed_traffic,fhe_filter,8.317011990584433,5.432831007055938,38.83063601097092,2.927696972619742,0.04028098192065954,,55.77591998735443
mixed_benign_routing_followup_024,mixed_traffic,fhe_filter,9.514342003967613,5.917187954764813,38.34685904439539,3.185476001817733,0.0422529992647469,,57.23435000982136
mixed_benign_routing_followup_025,mixed_traffic,fhe_filter,8.332105993758887,5.460641987156123,38.65669498918578,3.146946022752672,0.04132202593609691,,55.86702603613958
mixed_benign_routing_followup_026,mixed_traffic,fhe_filter,8.735783048905432,5.566240986809134,39.54455797793344,3.067636978812516,0.04107196582481265,,57.18467698898166
mixed_benign_routing_followup_027,mixed_traffic,fhe_filter,8.356612001080066,5.414963990915567,39.00991595583037,3.286166000179946,0.04056101897731423,,56.33496900554746
mixed_benign_routing_followup_028,mixed_traffic,fhe_filter,8.54632694972679,5.319940974004567,39.45051797199994,3.043841978069395,0.03995996667072177,,56.62647692952305
mixed_benign_routing_followup_029,mixed_traffic,fhe_filter,8.286928001325577,5.453581979963928,39.02065200963989,3.011272987350821,0.04251400241628289,,56.04224000126123
mixed_benign_routing_followup_030,mixed_traffic,fhe_filter,8.277393004391342,5.493802018463612,38.95008598919958,3.004523983690888,0.04041101783514023,,55.99168402841315
mixed_benign_routing_followup_031,mixed_traffic,fhe_filter,8.448328997474164,5.417788052000105,40.71136098355055,3.271723981015384,0.03715598722919822,,58.11362096574157
mixed_benign_routing_followup_032,mixed_traffic,fhe_filter,8.590042998548597,5.298428994137794,38.62411598674953,3.098885004874319,0.0401010038331151,,55.87912601185963
mixed_benign_routing_followup_033,mixed_traffic,fhe_filter,8.182939956896007,5.440843000542372,38.99044601712376,3.138794971164316,0.04084099782630801,,56.02043395629153
mixed_benign_routing_followup_034,mixed_traffic,fhe_filter,8.356042031664401,5.4701860062778,38.6705559794791,3.15752299502492,0.04377501318231225,,55.92966004041955
mixed_benign_routing_followup_035,mixed_traffic,fhe_filter,8.358996012248099,5.530056019779295,39.0302570303902,3.017342009115964,0.03812700742855668,,56.20249098865315
mixed_benign_routing_followup_036,mixed_traffic,fhe_filter,8.590333047322929,5.4251590045169,39.49224000098184,3.10505396919325,0.04113197792321444,,56.87947600381449
mixed_benign_routing_followup_037,mixed_traffic,fhe_filter,8.336091006640345,5.514913995284587,38.978477998171,3.035089001059532,0.03923900658264756,,56.13042099867016
mixed_benign_routing_followup_038,mixed_traffic,fhe_filter,8.495008980389684,5.37095800973475,38.84126298362389,3.008768951985985,0.04121201345697045,,55.98418199224398
mixed_benign_routing_followup_039,mixed_traffic,fhe_filter,8.331834978889674,5.527983012143523,38.88383600860834,2.988148014992476,0.04097202327102423,,55.99999602418393
mixed_benign_routing_followup_040,mixed_traffic,fhe_filter,8.269110985565931,5.459820968098938,39.02631998062134,3.034819033928216,0.04048098344355822,,56.06128799263388
mixed_benign_routing_followup_041,mixed_traffic,fhe_filter,9.987321973312646,5.700921989046037,38.31685497425497,3.355079039465636,0.06212398875504732,,57.66062100883573
mixed_benign_routing_followup_042,mixed_traffic,fhe_filter,10.25180803844705,5.85448497440666,38.51085598580539,2.932694973424077,0.05701498594135046,,57.83947801683098
mixed_benign_routing_followup_043,mixed_traffic,fhe_filter,9.879099030513316,5.838128970935941,38.82479801541194,3.005603968631476,0.06149196997284889,,57.84550699172541
mixed_benign_routing_followup_044,mixed_traffic,fhe_filter,10.06886403774843,5.857558979187161,39.1872720210813,3.127949021290988,0.0426640035584569,,58.51324100513011
mixed_benign_routing_followup_045,mixed_traffic,fhe_filter,8.299707027617842,5.445248971227556,39.11249898374081,3.026686026714742,0.03960903268307447,,56.15197302540764
mixed_benign_routing_followup_046,mixed_traffic,fhe_filter,8.359405968803912,5.325609992723912,38.98386599030346,2.911243005655706,0.03968999953940511,,55.84657593863085
mixed_benign_routing_followup_047,mixed_traffic,fhe_filter,8.486617007292807,5.435585044324398,38.93819800578058,2.885503985453397,0.04157196963205934,,56.01599899819121
mixed_benign_routing_followup_048,mixed_traffic,fhe_filter,9.55901900306344,5.891289038117975,39.06270395964384,3.223292005714029,0.04192302003502846,,58.01114701898769
mixed_benign_routing_followup_049,mixed_traffic,fhe_filter,8.200066979043186,5.527041968889534,39.09024596214294,3.026126010809094,0.03945897333323956,,56.11231393413618
mixed_benign_routing_followup_050,mixed_traffic,fhe_filter,8.138223958667368,5.504858039785177,39.11526396404952,3.01891501294449,0.03824796294793487,,56.04595493059605
mixed_benign_routing_followup_051,mixed_traffic,fhe_filter,8.206236991100013,5.447041010484099,41.07133200159296,2.901338040828705,0.03989995457231998,,57.89628392085433
mixed_benign_routing_followup_052,mixed_traffic,fhe_filter,8.478556002955884,5.417186999693513,39.00693100877106,3.187267982866615,0.04144199192523956,,56.36654695263132
mixed_benign_routing_followup_053,mixed_traffic,fhe_filter,8.311754965689033,5.358819966204464,38.84146199561656,2.936340984888375,0.04103203536942601,,55.71945500560105
mixed_benign_routing_followup_054,mixed_traffic,fhe_filter,8.259235008154064,5.470636999234557,39.22441799659282,2.886966976802796,0.05271902773529291,,56.1219290830195
mixed_benign_routing_followup_055,mixed_traffic,fhe_filter,8.673097006976604,5.427853029686958,38.62174297682941,2.905594010371715,0.03362097777426243,,55.88910996448249
mixed_benign_routing_followup_056,mixed_traffic,fhe_filter,8.266486984211951,5.468263989314437,39.09456299152225,2.880737010855228,0.03786699380725622,,55.98204798297957
mixed_benign_routing_followup_057,mixed_traffic,fhe_filter,8.293668041005731,5.460390995722264,39.03122805058956,2.889771014451981,0.03970996476709843,,55.94550404930487
mixed_benign_routing_followup_058,mixed_traffic,fhe_filter,8.180117001757026,5.395504005718976,38.42245298437774,2.93345598038286,0.0393199734389782,,55.19838200416416
mixed_benign_routing_followup_059,mixed_traffic,fhe_filter,8.343863999471068,5.437116022221744,38.94817200489342,2.887406037189066,0.04101195372641087,,55.88599597103894
mixed_benign_routing_followup_060,mixed_traffic,fhe_filter,8.371164964046329,5.480042018461972,38.9772150083445,2.987627987749875,0.03747601294890046,,56.08007695991546
mixed_benign_routing_followup_061,mixed_traffic,fhe_filter,8.244071970693767,5.481613974552602,39.03569397516549,3.333928994834423,0.03716599894687533,,56.35987594723701
mixed_benign_routing_followup_062,mixed_traffic,fhe_filter,8.40354198589921,5.274252034723759,38.88127201935276,3.17018199712038,0.04065100802108645,,55.99551799241453
mixed_benign_routing_followup_063,mixed_traffic,fhe_filter,8.417653967626393,5.369414982851595,38.73741702409461,2.921977953519672,0.03850797656923532,,55.71055097971112
mixed_benign_routing_followup_064,mixed_traffic,fhe_filter,8.254198997747153,5.367681966163218,39.09902001032606,2.917652018368244,0.03842799924314022,,55.90333096915856
mixed_benign_routing_followup_065,mixed_traffic,fhe_filter,8.323673042468727,5.345057987142354,39.05977099202573,2.919835038483143,0.03951997496187687,,55.91530899982899
mixed_benign_routing_followup_066,mixed_traffic,fhe_filter,8.297603984829038,5.47804799862206,39.29065697593614,2.928518981207162,0.04684098530560732,,56.2668580096215
mixed_benign_routing_followup_067,mixed_traffic,fhe_filter,8.197332033887506,5.547953012865037,39.01057504117489,3.230331989470869,0.03865803591907024,,56.25260405940935
mixed_benign_routing_followup_068,mixed_traffic,fhe_filter,8.127768989652395,5.51353202899918,38.84131199447438,3.022229007910937,0.03659498179331422,,55.7763300021179
mixed_benign_routing_followup_069,mixed_traffic,fhe_filter,8.109721995424479,5.517626996152103,39.09249900607392,3.017912968061864,0.03785698208957911,,56.01174401817843
mixed_benign_routing_followup_070,mixed_traffic,fhe_filter,8.220537973102182,5.546020984183997,38.32818102091551,2.949009998701513,0.03716599894687533,,55.31207291642204
mixed_benign_risk_factor_summary_001,mixed_traffic,fhe_filter,8.269651036243886,5.509084963705391,40.93242302769795,3.004513040650636,0.0330589828081429,,57.97885602805763
mixed_benign_risk_factor_summary_002,mixed_traffic,fhe_filter,8.244543976616114,5.478138977196068,38.83787599625066,2.935819036792964,0.03388099139556289,,55.7570499368012
mixed_benign_risk_factor_summary_003,mixed_traffic,fhe_filter,8.123262028675526,5.51394303329289,39.17508304584771,3.261709003709257,0.03311003092676401,,56.33296503219754
mixed_benign_risk_factor_summary_004,mixed_traffic,fhe_filter,8.366186986677349,5.376053974032402,38.69889897760004,2.995299000758678,0.03623403608798981,,55.70296896621585
mixed_benign_risk_factor_summary_005,mixed_traffic,fhe_filter,8.397272962611169,5.456045037135482,38.89230900676921,3.010601969435811,0.03750703763216734,,56.01968499831855
mixed_benign_risk_factor_summary_006,mixed_traffic,fhe_filter,8.429721987340599,5.531478032935411,38.75995997805148,3.051873994991183,0.03577396273612976,,56.03593995328993
mixed_benign_risk_factor_summary_007,mixed_traffic,fhe_filter,8.123642997816205,5.502133979462087,39.10521895159036,3.037573012989014,0.03731600008904934,,56.03160400642082
mixed_benign_risk_factor_summary_008,mixed_traffic,fhe_filter,8.357742975931615,5.471568030770868,38.88741199625656,2.961898979265243,0.03892800305038691,,55.94423995353281
mixed_benign_risk_factor_summary_009,mixed_traffic,fhe_filter,8.287246979307383,5.535313975997269,38.9353729551658,3.071513026952744,0.03649498103186488,,56.09283497324213
mixed_benign_risk_factor_summary_010,mixed_traffic,fhe_filter,8.395590004511178,5.46567898709327,38.85479300515726,3.025544981937855,0.03958900924772024,,56.00852699717507
mixed_benign_risk_factor_summary_011,mixed_traffic,fhe_filter,8.482001023367047,5.483715969603509,39.59195996867493,3.038765047676861,0.0356539967469871,,56.86109897214919
mixed_benign_risk_factor_summary_012,mixed_traffic,fhe_filter,8.239816990680993,5.458289000671357,39.18088198406622,2.949992020148784,0.03818701952695847,,56.09245301457122
mixed_benign_risk_factor_summary_013,mixed_traffic,fhe_filter,8.266335993539542,5.29165897751227,39.23009597929195,3.194177988916636,0.04098197678104043,,56.25117395538837
mixed_benign_risk_factor_summary_014,mixed_traffic,fhe_filter,8.309911005198956,5.34655200317502,38.9406310277991,3.020346979610622,0.0377670512534678,,55.88978005107492
mixed_benign_risk_factor_summary_015,mixed_traffic,fhe_filter,8.031853009015322,5.555374955292791,39.15073600364849,3.046085010282695,0.03725598799064755,,56.05051899328828
mixed_benign_risk_factor_summary_016,mixed_traffic,fhe_filter,8.152615977451205,5.478898994624615,39.09208899131045,3.048868966288865,0.04070100840181112,,56.0403959825635
mixed_benign_risk_factor_summary_017,mixed_traffic,fhe_filter,8.251314982771873,5.4691550321877,38.87241799384356,3.00793896894902,0.03747595474123955,,55.8645119308494
mixed_benign_risk_factor_summary_018,mixed_traffic,fhe_filter,8.082378946710378,5.485258996486664,39.26790301920846,2.999224991071969,0.03761699190363288,,56.09896295936778
mixed_benign_risk_factor_summary_019,mixed_traffic,fhe_filter,8.310083008836955,5.527963978238404,38.88774098595604,3.395139996428043,0.03648502752184868,,56.38381198514253
mixed_benign_risk_factor_summary_020,mixed_traffic,fhe_filter,8.732535992749035,5.325249047018588,38.34180103149265,2.953596005681902,0.03939901944249868,,55.62691402155906
mixed_benign_risk_factor_summary_021,mixed_traffic,fhe_filter,8.327829011250287,5.499991006217897,40.91885301750153,3.099907014984637,0.03915897104889154,,58.11397096840665
mixed_benign_risk_factor_summary_022,mixed_traffic,fhe_filter,8.252364990767092,5.490536976139992,38.97499298909679,2.948309003841132,0.03290903987362981,,55.92551198787987
mixed_benign_risk_factor_summary_023,mixed_traffic,fhe_filter,7.936200010590255,5.49351196968928,39.26681098528206,3.090272017288953,0.04007999086752534,,56.05260300217196
mixed_benign_risk_factor_summary_024,mixed_traffic,fhe_filter,9.843095031101257,5.923708027694374,38.17990800598636,2.96680600149557,0.03799702972173691,,57.17872607056051
mixed_benign_risk_factor_summary_025,mixed_traffic,fhe_filter,8.435702009592205,5.470036005135626,38.54502702597529,2.949499990791082,0.03520300379022956,,55.66177901346236
mixed_benign_risk_factor_summary_026,mixed_traffic,fhe_filter,8.134949021041393,5.536335986107588,39.17729598470032,3.105634998064488,0.03893795656040311,,56.22178799239919
mixed_benign_risk_factor_summary_027,mixed_traffic,fhe_filter,8.350212010554969,5.448545038234442,38.79610396688804,2.959866018500179,0.03825797466561198,,55.81966397585347
mixed_benign_risk_factor_summary_028,mixed_traffic,fhe_filter,8.195430971682072,5.42774295900017,39.22619001241401,2.994317037519068,0.03910902887582779,,56.11378804314882
mixed_benign_risk_factor_summary_029,mixed_traffic,fhe_filter,10.0574970128946,5.906460981350392,38.80237397970632,3.050761995837092,0.03749597817659378,,58.08156094281003
mixed_benign_risk_factor_summary_030,mixed_traffic,fhe_filter,8.310311997774988,5.473211000207812,38.92071096925065,2.966294996440411,0.04015996819362044,,55.93703000340611
mixed_benign_risk_factor_summary_031,mixed_traffic,fhe_filter,8.514740038663149,5.484829016495496,38.80749101517722,2.984191989526153,0.03509200178086758,,56.05244403705001
mixed_benign_risk_factor_summary_032,mixed_traffic,fhe_filter,8.507597958669066,5.489756003953516,38.78870297921821,2.979896031320095,0.03722595283761621,,56.03016988607123
mixed_benign_risk_factor_summary_033,mixed_traffic,fhe_filter,8.218864968512207,5.490025971084833,38.9851380023174,3.176451020408422,0.03764702705666423,,56.13479699240997
mixed_benign_risk_factor_summary_034,mixed_traffic,fhe_filter,8.346356975380331,5.520433012861758,38.73575298348442,3.083782037720084,0.03799796104431152,,55.95227493904531
mixed_benign_risk_factor_summary_035,mixed_traffic,fhe_filter,8.428209985140711,5.456125014461577,38.75724598765373,2.99871398601681,0.0399099662899971,,55.90709595708176
mixed_benign_risk_factor_summary_036,mixed_traffic,fhe_filter,8.324603957589716,5.511528986971825,38.90126099577174,3.066776029299945,0.03961002221331,,56.07068201061338
mixed_benign_risk_factor_summary_037,mixed_traffic,fhe_filter,8.256782952230424,5.538578960113227,38.95574400667101,3.072044986765832,0.03900798037648201,,56.0905309394002
mixed_benign_risk_factor_summary_038,mixed_traffic,fhe_filter,8.267928031273186,5.448854994028807,38.87472202768549,2.98896903404966,0.03713596379384398,,55.84327899850905
mixed_benign_risk_factor_summary_039,mixed_traffic,fhe_filter,8.41686298372224,5.48258499475196,38.7969349976629,3.133598016574979,0.03977998858317733,,56.0997249558568
mixed_benign_risk_factor_summary_040,mixed_traffic,fhe_filter,8.340227010194212,5.464008019771427,38.92278397688642,3.043061005882919,0.03892899258062243,,56.03553901892155
mixed_benign_risk_factor_summary_041,mixed_traffic,fhe_filter,8.508881030138582,5.475994956213981,38.7403600034304,2.967478008940816,0.03896799171343446,,55.95845199422911
mixed_benign_risk_factor_summary_042,mixed_traffic,fhe_filter,8.354528050404042,5.332961038220674,40.9151460044086,3.09799297247082,0.04149199230596423,,57.96750908484682
mixed_benign_risk_factor_summary_043,mixed_traffic,fhe_filter,8.361930027604103,5.434522987343371,38.11637300532311,2.943951985798776,0.04721101140603423,,55.13382400386035
mixed_benign_risk_factor_summary_044,mixed_traffic,fhe_filter,9.399598988238722,5.918270035181195,39.15817802771926,3.137171966955066,0.03893900429829955,,57.87890800274909
mixed_benign_risk_factor_summary_045,mixed_traffic,fhe_filter,8.184364007320255,5.483876971993595,39.08784204395488,3.111863974481821,0.0389690394513309,,56.13459902815521
mixed_benign_risk_factor_summary_046,mixed_traffic,fhe_filter,8.333396981470287,5.529084999579936,38.84416504297405,3.22623597458005,0.03661500522866845,,56.19502795161679
mixed_benign_risk_factor_summary_047,mixed_traffic,fhe_filter,8.550972968805581,5.525449989363551,39.41262001171708,3.000325988978148,0.03805704182013869,,56.75390601390973
mixed_benign_risk_factor_summary_048,mixed_traffic,fhe_filter,8.383183041587472,5.4453180055134,38.99272897979245,2.884362998884171,0.03884895704686642,,55.97225500969216
mixed_benign_risk_factor_summary_049,mixed_traffic,fhe_filter,8.255740045569837,5.436356994323432,39.15872797369957,2.946104970760643,0.03752700285986066,,56.06120708398521
mixed_benign_risk_factor_summary_050,mixed_traffic,fhe_filter,8.317694009747356,5.471598997246474,38.92917302437127,2.893956028856337,0.03468198701739311,,55.87759998161346
mixed_benign_risk_factor_summary_051,mixed_traffic,fhe_filter,8.402822015341371,5.442765017505735,39.12207297980785,2.95316701522097,0.03579404437914491,,56.18277005851269
mixed_benign_risk_factor_summary_052,mixed_traffic,fhe_filter,8.382269996218383,5.456916987895966,38.86843204963952,2.910110983066261,0.03776699304580688,,55.88342901319265
mixed_benign_risk_factor_summary_053,mixed_traffic,fhe_filter,8.201380027458072,5.50078199012205,39.19336094986647,3.226565953809768,0.03883795579895377,,56.39325501397252
mixed_benign_risk_factor_summary_054,mixed_traffic,fhe_filter,8.326045994181186,5.334782996214926,38.8894840143621,3.279577009379864,0.03986002411693335,,56.10329005867243
mixed_benign_risk_factor_summary_055,mixed_traffic,fhe_filter,8.455739996861666,5.353201006073505,38.61901804339141,2.947046014014632,0.03735598875209689,,55.63890101620927
mixed_benign_risk_factor_summary_056,mixed_traffic,fhe_filter,8.161540026776493,5.431638041045517,39.23056600615382,2.97958601731807,0.03496295539662242,,56.06972996611148
mixed_benign_risk_factor_summary_057,mixed_traffic,fhe_filter,8.134338015224785,5.478648003190756,39.15185900405049,2.925024018622935,0.03724597627297044,,55.96159800188616
mixed_benign_risk_factor_summary_058,mixed_traffic,fhe_filter,8.011823985725641,5.513311014510691,39.16640003444627,3.108298988081515,0.03742595436051488,,56.07555794995278
mixed_benign_risk_factor_summary_059,mixed_traffic,fhe_filter,8.426977030467242,5.503237014636397,38.69714500615373,2.979636017698795,0.03790599294006824,,55.8822859893553
mixed_benign_risk_factor_summary_060,mixed_traffic,fhe_filter,8.345815993379802,5.377426045015454,38.66450599161908,2.994578040670604,0.03863801248371601,,55.6505189742893
mixed_benign_risk_factor_summary_061,mixed_traffic,fhe_filter,8.46613704925403,5.336946982424706,38.46892196452245,2.903651969972998,0.03722601104527712,,55.44279800960794
mixed_benign_risk_factor_summary_062,mixed_traffic,fhe_filter,8.361968968529254,5.483176035340875,41.02174600120634,3.048619022592902,0.03842695150524378,,58.18198993802071
mixed_benign_risk_factor_summary_063,mixed_traffic,fhe_filter,8.268230012618005,5.53243001922965,38.85192703455687,3.116652020253241,0.03722601104527712,,56.0378420050256
mixed_benign_risk_factor_summary_064,mixed_traffic,fhe_filter,8.413917967118323,5.368924990762025,38.86124095879495,2.939155034255236,0.0355230295099318,,55.84384995745495
mixed_benign_risk_factor_summary_065,mixed_traffic,fhe_filter,8.36005702149123,5.36828301846981,39.11498299567029,2.992485009599477,0.03805797314271331,,56.10114696901292
mixed_benign_risk_factor_summary_066,mixed_traffic,fhe_filter,8.229201019275934,5.522824998479337,39.01416098233312,3.022819990292192,0.03871798980981112,,56.05360504705459
mixed_benign_risk_factor_summary_067,mixed_traffic,fhe_filter,9.565148036926985,5.8386399759911,39.25049497047439,2.985714992973953,0.03857800038531423,,57.90655902819708
mixed_benign_risk_factor_summary_068,mixed_traffic,fhe_filter,8.151532965712249,5.467483017127961,39.16660998947918,2.925675013102591,0.04218303365632892,,55.97977299476042
mixed_benign_risk_factor_summary_069,mixed_traffic,fhe_filter,8.09439696604386,5.500533035956323,39.20135198859498,2.922599960584193,0.03711599856615067,,55.99025898845866
mixed_benign_risk_factor_summary_070,mixed_traffic,fhe_filter,8.486767997965217,5.516164994332939,38.76659995876253,3.122969996184111,0.03189797280356288,,56.1493689310737
mixed_benign_case_queue_review_001,mixed_traffic,fhe_filter,8.168330008629709,5.485990026500076,38.85458200238645,3.167557995766401,0.03636395558714867,,55.93816097825766
mixed_benign_case_queue_review_002,mixed_traffic,fhe_filter,8.198736002668738,5.381243012379855,38.62427495187148,3.000677039381117,0.03980897599831223,,55.4759869701229
mixed_benign_case_queue_review_003,mixed_traffic,fhe_filter,8.331946039106697,5.528312991373241,38.39664399856701,2.935498952865601,0.03850797656923532,,55.46460102777928
mixed_benign_case_queue_review_004,mixed_traffic,fhe_filter,8.290662954095751,5.498288024682552,39.09816796658561,3.098483954090625,0.04515802720561624,,56.26312893582508
mixed_benign_case_queue_review_005,mixed_traffic,fhe_filter,8.223262033425272,5.501242994796485,38.92341401660815,3.023702010978013,0.03825797466561198,,55.94031600048766
mixed_benign_case_queue_review_006,mixed_traffic,fhe_filter,8.288680983241647,5.48217399045825,39.04210298787802,3.036240988876671,0.03754597855731845,,56.11743195913732
mixed_benign_case_queue_review_007,mixed_traffic,fhe_filter,8.599096036050469,5.422965972684324,38.5855869972147,2.941288985311985,0.03756600199267268,,55.81174202961847
mixed_benign_case_queue_review_008,mixed_traffic,fhe_filter,8.158974989783019,5.444088019430637,39.3043759977445,2.978093980345875,0.04090199945494533,,56.15289497654885
mixed_benign_case_queue_review_009,mixed_traffic,fhe_filter,8.162470010574907,5.464869027491659,39.06338498927653,2.987306041177362,0.03616500180214643,,55.94645504606888
mixed_benign_case_queue_review_010,mixed_traffic,fhe_filter,9.510445001069456,5.877026997040957,39.38030102290213,3.593847970478237,0.036654993891716,,58.62644000444561
mixed_benign_case_queue_review_011,mixed_traffic,fhe_filter,8.288290002383292,5.497878009919077,38.98840298643336,3.211584000382572,0.03577402094379067,,56.24845903366804
mixed_benign_case_queue_review_012,mixed_traffic,fhe_filter,8.474920003209263,5.458318977616727,40.97022901987657,3.014998976141214,0.03553403075784445,,58.18087101215497
mixed_benign_case_queue_review_013,mixed_traffic,fhe_filter,8.238474023528397,5.502054991666228,39.03263795655221,3.036140988115221,0.03612402360886335,,56.07160105137154
mixed_benign_case_queue_review_014,mixed_traffic,fhe_filter,8.359296014532447,5.445509043056518,38.89980894746259,3.026276011951268,0.0369350309483707,,55.99340505432338
mixed_benign_case_queue_review_015,mixed_traffic,fhe_filter,8.287456992547959,5.480261985212564,38.77612296491861,3.176361962687224,0.03689603181555867,,55.98230706527829
mixed_benign_case_queue_review_016,mixed_traffic,fhe_filter,8.393455995246768,5.465139984153211,38.8936490053311,3.012065018992871,0.03605399979278445,,56.0268730041571
mixed_benign_case_queue_review_017,mixed_traffic,fhe_filter,8.385415014345199,5.472910997923464,38.83338900050148,3.093236999120563,0.03635400207713246,,56.05006898986176
mixed_benign_case_queue_review_018,mixed_traffic,fhe_filter,8.28142900718376,5.483786982949823,38.93191798124462,3.031824016943574,0.03704498521983624,,55.99154101219028
mixed_benign_case_queue_review_019,mixed_traffic,fhe_filter,8.527247991878539,5.521362996660173,38.65749598480761,3.097542037721723,0.0379170523956418,,56.06835603248328
mixed_benign_case_queue_review_020,mixed_traffic,fhe_filter,8.514749992173165,5.408614000771195,38.77678501885384,3.215219010598958,0.03811699571087956,,56.17909296415746
mixed_benign_case_queue_review_021,mixed_traffic,fhe_filter,8.294909028336406,5.328193015884608,38.87937898980454,3.267869004048407,0.0382169964723289,,56.03493604576215
mixed_benign_case_queue_review_022,mixed_traffic,fhe_filter,8.452876005321741,5.366120021790266,39.11641502054408,3.06636601453647,0.037435966078192,,56.26474093878642
mixed_benign_case_queue_review_023,mixed_traffic,fhe_filter,8.371823991183192,5.538830009754747,39.32030097348616,3.082869981881231,0.03634503809735179,,56.57608003821224
mixed_benign_case_queue_review_024,mixed_traffic,fhe_filter,8.394378004595637,5.468404968269169,38.71463000541553,3.022660966962576,0.03737601218745112,,55.86382996989414
mixed_benign_case_queue_review_025,mixed_traffic,fhe_filter,11.23670802917331,5.871008965186775,38.62271300749853,3.079786023590714,0.04350498784333467,,59.08298504073173
mixed_benign_case_queue_review_026,mixed_traffic,fhe_filter,8.427228021901101,5.50570001360029,38.81804598495364,3.27453896170482,0.04042999353259802,,56.29420606419444
mixed_benign_case_queue_review_027,mixed_traffic,fhe_filter,8.221438038162887,5.31926000257954,38.82847097702324,3.435620979871601,0.03816699609160423,,56.06974801048636
mixed_benign_case_queue_review_028,mixed_traffic,fhe_filter,8.266024990007281,5.465850001201034,39.42012100014836,2.962369995657355,0.03832799848169088,,56.38050497509539
mixed_benign_case_queue_review_029,mixed_traffic,fhe_filter,10.08108200039715,5.85002702428028,39.14511698530987,3.063753014430404,0.03436201950535178,,58.40317404363304
mixed_benign_case_queue_review_030,mixed_traffic,fhe_filter,8.494819980114698,5.466130038257688,39.29840796627104,3.186144982464612,0.03509299131110311,,56.70910893240944
mixed_benign_case_queue_review_031,mixed_traffic,fhe_filter,8.407238987274468,5.460592044983059,39.23543298151344,2.991353045217693,0.03381096757948399,,56.35482794605196
mixed_benign_case_queue_review_032,mixed_traffic,fhe_filter,8.199676987715065,5.468473013024777,40.71576602291316,3.138013009447604,0.03406102769076824,,57.78385401936248
mixed_benign_case_queue_review_033,mixed_traffic,fhe_filter,8.165615028701723,5.466389993671328,39.00145302759483,3.137822961434722,0.03460195148363709,,56.03444500593469
mixed_benign_case_queue_review_034,mixed_traffic,fhe_filter,8.471334003843367,5.546862026676536,38.68073999183252,3.113737038802356,0.03284896956756711,,56.07458594022319
mixed_benign_case_queue_review_035,mixed_traffic,fhe_filter,8.160346013028175,5.385969998314977,39.23555300571024,2.987718035001308,0.03294902853667736,,56.02795403683558
mixed_benign_case_queue_review_036,mixed_traffic,fhe_filter,7.947237987536937,5.333361041266471,39.55881897127256,3.570643020793796,0.03412197111174464,,56.67073297081515
mixed_benign_case_queue_review_037,mixed_traffic,fhe_filter,8.248118974734098,5.375294014811516,39.0161540126428,2.985213999636471,0.03450200892984867,,55.88577297748998
mixed_benign_case_queue_review_038,mixed_traffic,fhe_filter,8.169440028723329,5.457137012854218,39.33051601052284,3.178945975378156,0.03999000182375312,,56.40448100166395
mixed_benign_case_queue_review_039,mixed_traffic,fhe_filter,8.288318989798427,5.448914016596973,39.15035497630015,2.919835969805717,0.03739597741514444,,56.07275292277336
mixed_benign_case_queue_review_040,mixed_traffic,fhe_filter,8.268069010227919,5.387181008700281,39.44515902549028,2.980506978929043,0.04423601785674691,,56.35642900597304
mixed_benign_case_queue_review_041,mixed_traffic,fhe_filter,8.107516972813755,5.477458005771041,38.93388999858871,2.937412995379418,0.03941904287785292,,55.72605197085068
mixed_benign_case_queue_review_042,mixed_traffic,fhe_filter,8.519296010490507,5.440371984150261,38.73268800089136,3.012864966876805,0.03745598951354623,,55.9668029891327
mixed_benign_case_queue_review_043,mixed_traffic,fhe_filter,8.18134902510792,5.517968034837395,39.0440960181877,3.13997600460425,0.03828696208074689,,56.14827602403238
mixed_benign_case_queue_review_044,mixed_traffic,fhe_filter,8.27728200238198,5.463797017000616,38.85515098227188,3.099535999353975,0.03893795656040311,,55.96160498680547
mixed_benign_case_queue_review_045,mixed_traffic,fhe_filter,8.207208011299372,5.517588055226952,38.93022501142696,3.114887978881598,0.03960001049563289,,56.03570898529142
mixed_benign_case_queue_review_046,mixed_traffic,fhe_filter,8.327197981998324,5.553831986617297,38.86400599731132,2.999685006216168,0.03953900886699557,,56.01091095013544
mixed_benign_case_queue_review_047,mixed_traffic,fhe_filter,8.281698974315077,5.341684038285166,39.05527200549841,2.936921024229378,0.03873801324516535,,55.87991297943518
mixed_benign_case_queue_review_048,mixed_traffic,fhe_filter,8.226786972954869,5.473031022120267,39.07844697823748,2.971762965898961,0.03584404475986958,,56.0128340148367
mixed_benign_case_queue_review_049,mixed_traffic,fhe_filter,8.207217964809388,5.463415989652276,39.18949398212135,2.959895005915314,0.0381370191462338,,56.0845309519209
mixed_benign_case_queue_review_050,mixed_traffic,fhe_filter,8.411414048168808,5.350957973860204,38.98793098051101,3.023871977347881,0.03959902096539736,,56.04062404017895
mixed_benign_case_queue_review_051,mixed_traffic,fhe_filter,9.600751043763012,5.892231012694538,39.21424096915871,3.117603017017245,0.0388480257242918,,58.09124506777152
mixed_benign_case_queue_review_052,mixed_traffic,fhe_filter,8.471303968690336,5.466852046083659,40.86828499566764,3.004794009029865,0.04197302041575313,,58.08140098815784
mixed_benign_case_queue_review_053,mixed_traffic,fhe_filter,8.263732015620917,5.476175982039422,38.85974903823808,2.943411003798246,0.041102000977844,,55.80928799463436
mixed_benign_case_queue_review_054,mixed_traffic,fhe_filter,8.16861999919638,5.476975988131016,39.11335999146104,3.336963010951877,0.03812694922089577,,56.36661493917927
mixed_benign_case_queue_review_055,mixed_traffic,fhe_filter,9.673358988948166,5.830037000123411,38.60809997422621,3.182149957865477,0.03835797542706132,,57.55921493982896
mixed_benign_case_queue_review_056,mixed_traffic,fhe_filter,9.479700005613267,5.879140051547438,37.76438301429152,2.968970045913011,0.03922899486497045,,56.35906400857493
mixed_benign_case_queue_review_057,mixed_traffic,fhe_filter,9.773590951226652,5.817809025757015,38.76731003401801,3.039836010430008,0.04214298678562045,,57.67711391672492
mixed_benign_case_queue_review_058,mixed_traffic,fhe_filter,8.327207993716002,5.461382970679551,39.14097097003832,2.888109011109918,0.03717595245689154,,56.08933896292001
mixed_benign_case_queue_review_059,mixed_traffic,fhe_filter,8.232114021666348,5.478138977196068,38.89434097800404,3.236401011236012,0.03611500142142177,,56.10309902112931
mixed_benign_case_queue_review_060,mixed_traffic,fhe_filter,8.33379797404632,5.351987958420068,38.99573296075687,3.064393997192383,0.03795698285102844,,56.01244291756302
mixed_benign_case_queue_review_061,mixed_traffic,fhe_filter,8.181017998140305,5.524127976968884,38.69693400338292,3.232916002161801,0.03807700704783201,,55.90022401884198
mixed_benign_case_queue_review_062,mixed_traffic,fhe_filter,8.413497009314597,5.450007040053606,38.78374403575435,3.204652981366962,0.03769696922972798,,56.11829197732732
mixed_benign_case_queue_review_063,mixed_traffic,fhe_filter,8.298815053422004,5.472810007631779,38.81606296636164,3.151302982587367,0.03677501808851957,,56.00272706942633
mixed_benign_case_queue_review_064,mixed_traffic,fhe_filter,8.053926983848214,5.474684003274888,38.22970198234543,3.053657012060285,0.03871798980981112,,55.07535400101915
mixed_benign_case_queue_review_065,mixed_traffic,fhe_filter,8.323482004925609,5.453451012726873,38.81920798448846,3.069511032663286,0.0397789990529418,,55.93285197392106
mixed_benign_case_queue_review_066,mixed_traffic,fhe_filter,8.389700960833579,5.503637017682195,38.79838599823415,2.964423038065434,0.03799697151407599,,55.92259694822133
mixed_benign_case_queue_review_067,mixed_traffic,fhe_filter,8.234699023887515,5.532980954740196,38.98481599753723,3.001920005772263,0.03811699571087956,,56.0185820213519
mixed_benign_case_queue_review_068,mixed_traffic,fhe_filter,8.14952002838254,5.479781015310436,39.21306895790622,3.014017012901604,0.04098104545846581,,56.12665310036391
mixed_benign_case_queue_review_069,mixed_traffic,fhe_filter,7.986807031556964,5.534461990464479,39.08862202661112,3.187256981618702,0.03827700857073069,,56.06831499608234
mixed_benign_case_queue_review_070,mixed_traffic,fhe_filter,8.251974999438971,5.534983007237315,38.82896300638095,3.012175031471997,0.03837799886241555,,55.90473196934909
mixed_benign_audit_risk_review_001,mixed_traffic,fhe_filter,8.614599006250501,5.468634946737438,38.51602197391912,3.059896000195295,0.03719603409990668,,55.93104107538238
mixed_benign_audit_risk_review_002,mixed_traffic,fhe_filter,8.32178903510794,5.467112001497298,40.50017194822431,2.904271997977048,0.03696500789374113,,57.45798203861341
mixed_benign_audit_risk_review_003,mixed_traffic,fhe_filter,8.571163984015584,5.361723015084863,39.3906959798187,3.059015027247369,0.03613403532654047,,56.64711503777653
mixed_benign_audit_risk_review_004,mixed_traffic,fhe_filter,9.950295032467693,5.881102988496423,38.76154194585979,3.141918976325542,0.03705598646774888,,58.00256202928722
mixed_benign_audit_risk_review_005,mixed_traffic,fhe_filter,8.510451996698976,5.324066965840757,38.88913302216679,3.083752002567053,0.03848801134154201,,56.07170099392533
mixed_benign_audit_risk_review_006,mixed_traffic,fhe_filter,8.629982999991626,5.462494969833642,38.46644796431065,3.261479025240988,0.03809703048318624,,56.08581204432994
mixed_benign_audit_risk_review_007,mixed_traffic,fhe_filter,8.409161993768066,5.524476990103722,38.57027395861223,3.062790958210826,0.03995001316070557,,55.83360500168055
mixed_benign_audit_risk_review_008,mixed_traffic,fhe_filter,8.373536984436214,5.383426032494754,38.65967900492251,2.988749009091407,0.03814802039414644,,55.67038001026958
mixed_benign_audit_risk_review_009,mixed_traffic,fhe_filter,8.155929972417653,5.49216999206692,38.52779004955664,3.128759970422834,0.03868795465677977,,55.57242094073445
mixed_benign_audit_risk_review_010,mixed_traffic,fhe_filter,8.325434988364577,5.390797974541783,38.92638796241954,3.125825023744255,0.03781600389629602,,56.03979295119643
mixed_benign_audit_risk_review_011,mixed_traffic,fhe_filter,8.471224980894476,5.430375982541591,38.75638300087303,2.922679006587714,0.0387780019082129,,55.85178098408505
mixed_benign_audit_risk_review_012,mixed_traffic,fhe_filter,8.024061971809715,5.41268999222666,39.25197804346681,3.167218004819006,0.03672495950013399,,56.11892190063372
mixed_benign_audit_risk_review_013,mixed_traffic,fhe_filter,8.424253028351814,5.44614001410082,38.72821200639009,3.084502997808158,0.03779598046094179,,55.94890599604696
mixed_benign_audit_risk_review_014,mixed_traffic,fhe_filter,8.404282969422638,5.329534993506968,38.71168597834185,3.143711015582085,0.03922899486497045,,55.859571963083
mixed_benign_audit_risk_review_015,mixed_traffic,fhe_filter,8.442231046501547,5.366639990825206,38.741250988096,3.267908003181219,0.03522302722558379,,56.08196608955041
mixed_benign_audit_risk_review_016,mixed_traffic,fhe_filter,8.211484004277736,5.461091990582645,38.88895298587158,3.29705304466188,0.03912899410352111,,56.12861696863547
mixed_benign_audit_risk_review_017,mixed_traffic,fhe_filter,8.785235055256635,5.535864969715476,39.54906400758773,3.32548504229635,0.03572402056306601,,57.45618010405451
mixed_benign_audit_risk_review_018,mixed_traffic,fhe_filter,8.353948011063039,5.49536501057446,39.54829199938104,3.229469992220402,0.0366450403816998,,56.89048103522509
mixed_benign_audit_risk_review_019,mixed_traffic,fhe_filter,8.092083968222141,5.507774010766298,38.96092996001244,3.613266977481544,0.03655499313026667,,56.43828090978786
mixed_benign_audit_risk_review_020,mixed_traffic,fhe_filter,8.268338977359235,5.544649029616266,39.26883300300688,3.152365039568394,0.03622396616265178,,56.50287895696238
mixed_benign_audit_risk_review_021,mixed_traffic,fhe_filter,8.230041014030576,5.522174993529916,38.88290299801156,3.294477995950729,0.03633502637967467,,56.19207205018029
mixed_benign_audit_risk_review_022,mixed_traffic,fhe_filter,9.475702943746001,5.929606035351753,40.87491502286866,3.456941980402917,0.03958999877795577,,60.00380794284865
mixed_benign_audit_risk_review_023,mixed_traffic,fhe_filter,8.505836012773216,5.5207529803738,38.45383803127334,3.289280983153731,0.04042999353259802,,56.03802902624011
mixed_benign_audit_risk_review_024,mixed_traffic,fhe_filter,8.347208029590547,5.505810026079416,39.53078598715365,3.413596947211772,0.03725598799064755,,57.05998500343412
mixed_benign_audit_risk_review_025,mixed_traffic,fhe_filter,8.344614005181938,5.490727024152875,39.52369600301608,3.40649695135653,0.03598397597670555,,57.02690593898296
mixed_benign_audit_risk_review_026,mixed_traffic,fhe_filter,8.07674101088196,5.480521998833865,38.85197598719969,3.477744001429528,0.03599404590204358,,56.15290306741372
mixed_benign_audit_risk_review_027,mixed_traffic,fhe_filter,8.458905038423836,5.518409016076475,39.20797101454809,3.277865005657077,0.03846699837595224,,56.72876705648378
mixed_benign_audit_risk_review_028,mixed_traffic,fhe_filter,8.413866977207363,5.430617020465434,38.79829600919038,3.257122007198632,0.03764696884900331,,56.16994894808158
mixed_benign_audit_risk_review_029,mixed_traffic,fhe_filter,8.217411988880485,5.47433301107958,38.71267702197656,3.360378032084554,0.03725604619830847,,56.03705905377865
mixed_benign_audit_risk_review_030,mixed_traffic,fhe_filter,8.275920001324266,5.459921027068049,38.64642803091556,3.388390003237873,0.03630400169640779,,56.0335130430758
mixed_benign_audit_risk_review_031,mixed_traffic,fhe_filter,8.670212992001325,5.515374999959022,39.0134789631702,3.296332026366144,0.0381979625672102,,56.76514393417165
mixed_benign_audit_risk_review_032,mixed_traffic,fhe_filter,8.202610013540834,5.475514975842088,38.77894696779549,3.529902023728937,0.03911898238584399,,56.25636898912489
mixed_benign_audit_risk_review_033,mixed_traffic,fhe_filter,8.275349042378366,5.506682035047561,39.5290229935199,3.386986965779215,0.03685499541461468,,56.96182703832164
mixed_benign_audit_risk_review_034,mixed_traffic,fhe_filter,8.425014035310596,5.513512995094061,39.45280896732584,3.338042995892465,0.03803800791501999,,56.99294607620686
mixed_benign_audit_risk_review_035,mixed_traffic,fhe_filter,8.063561050221324,5.477797996718436,38.8234339770861,3.902201016899198,0.03565300721675158,,56.53594707837328
mixed_benign_audit_risk_review_036,mixed_traffic,fhe_filter,8.130200963933021,5.469625000841916,38.50186098134145,3.357914974913001,0.04478695336729288,,55.73391291545704
mixed_benign_audit_risk_review_037,mixed_traffic,fhe_filter,8.639055013190955,5.518758960533887,38.9412310323678,3.183952008839697,0.03848795313388109,,56.54564191354439
mixed_benign_audit_risk_review_038,mixed_traffic,fhe_filter,8.475109993014485,5.468763993121684,39.61948899086565,3.392776008695364,0.03519299207255244,,57.2170409723185
mixed_benign_audit_risk_review_039,mixed_traffic,fhe_filter,8.344454050529748,5.49719698028639,39.61394098587334,3.207076981198043,0.03918900620192289,,56.92809703759849
mixed_benign_audit_risk_review_040,mixed_traffic,fhe_filter,8.161618956364691,5.459590989630669,38.84487599134445,3.436380997300148,0.03883801400661469,,56.16817495319992
mixed_benign_audit_risk_review_041,mixed_traffic,fhe_filter,8.403140993323177,5.539431003853679,39.45238899905235,3.249840985517949,0.03596395254135132,,56.91439699148759
mixed_benign_audit_risk_review_042,mixed_traffic,fhe_filter,8.18791805068031,5.473491968587041,38.85385900503024,3.319546987768263,0.03754696808755398,,56.09923304291442
mixed_benign_audit_risk_review_043,mixed_traffic,fhe_filter,8.340717002283782,5.508042988367379,41.5226579643786,3.235720039810985,0.03585399826988578,,58.86825098423287
mixed_benign_audit_risk_review_044,mixed_traffic,fhe_filter,8.25547898421064,5.475603975355625,39.7050179890357,3.312404965981841,0.03779696999117732,,57.01413593487814
mixed_benign_audit_risk_review_045,mixed_traffic,fhe_filter,8.078214013949037,5.463545967359096,39.04948296258226,3.386685973964632,0.03632402513176203,,56.24061403796077
mixed_benign_audit_risk_review_046,mixed_traffic,fhe_filter,7.982659968547523,5.485408997628838,38.92564703710377,3.404334012884647,0.03852800000458956,,56.06197594897822
mixed_benign_audit_risk_review_047,mixed_traffic,fhe_filter,8.734319009818137,5.567091982811689,38.96256297593936,3.200987994205207,0.03602402284741402,,56.72761605819687
mixed_benign_audit_risk_review_048,mixed_traffic,fhe_filter,8.285374962724745,5.468735005706549,38.92887203255668,3.481478954199702,0.03598403418436646,,56.42607400659472
mixed_benign_audit_risk_review_049,mixed_traffic,fhe_filter,8.090612012892962,5.461714987177402,39.2347410088405,3.374939959030598,0.03675499465316534,,56.42559198895469
mixed_benign_audit_risk_review_050,mixed_traffic,fhe_filter,8.058503037318587,5.495132994838059,39.16651901090518,3.522802027873695,0.03811699571087956,,56.50806607445702
mixed_benign_audit_risk_review_051,mixed_traffic,fhe_filter,8.207136997953057,5.497356993146241,39.50390603858978,3.467708011157811,0.03710598684847355,,56.94542295532301
mixed_benign_audit_risk_review_052,mixed_traffic,fhe_filter,8.122399973217398,5.463987006805837,38.73298800317571,3.371694008819759,0.03645499236881733,,55.95795996487141
mixed_benign_audit_risk_review_053,mixed_traffic,fhe_filter,8.217833004891872,5.544749030377716,38.64792903186753,3.150291973724961,0.03712601028382778,,55.83087902050465
mixed_benign_audit_risk_review_054,mixed_traffic,fhe_filter,8.247706980910152,5.509454989805818,38.78535598050803,3.263001039158553,0.03736699000000954,,56.07325292658061
mixed_benign_audit_risk_review_055,mixed_traffic,fhe_filter,8.152836991939694,5.479870014823973,38.94352400675416,3.407917974982411,0.03779696999117732,,56.24863796401769
mixed_benign_audit_risk_review_056,mixed_traffic,fhe_filter,8.090280985925347,5.537278018891811,38.64434396382421,3.412374993786216,0.0382679863832891,,55.94757397193462
mixed_benign_audit_risk_review_057,mixed_traffic,fhe_filter,8.775000984314829,5.579460004810244,38.91346900491044,3.350423008669168,0.03759696846827865,,56.88278994057328
mixed_benign_audit_risk_review_058,mixed_traffic,fhe_filter,8.267908997368068,5.530127033125609,39.6250169724226,3.381668997462839,0.035574019420892,,57.06564505817369
mixed_benign_audit_risk_review_059,mixed_traffic,fhe_filter,8.430201967712492,5.499150021933019,39.51634396798909,3.241138008888811,0.03819802077487111,,56.95191398262978
mixed_benign_audit_risk_review_060,mixed_traffic,fhe_filter,8.327236981131136,5.471727985423058,38.60642801737413,3.376892011146992,0.03731698961928487,,56.04649294400588
mixed_benign_audit_risk_review_061,mixed_traffic,fhe_filter,8.58655699994415,5.523136991541833,39.1225729836151,3.309270017780364,0.03773701610043645,,56.80409201886505
mixed_benign_audit_risk_review_062,mixed_traffic,fhe_filter,9.847089997492731,5.821995029691607,38.99220697348937,3.532586968503892,0.03615400055423379,,58.45651199342683
mixed_benign_audit_risk_review_063,mixed_traffic,fhe_filter,8.187027007807046,5.480731022544205,41.5174700319767,3.420817956794053,0.03648502752184868,,58.87104506837204
mixed_benign_audit_risk_review_064,mixed_traffic,fhe_filter,8.290824014693499,5.442273977678269,38.64101995714009,3.526687039993703,0.03679597284644842,,56.16342998109758
mixed_benign_audit_risk_review_065,mixed_traffic,fhe_filter,8.14838899532333,5.480893014464527,39.48293399298564,3.50148999132216,0.0372860231436789,,56.87685002340004
mixed_benign_audit_risk_review_066,mixed_traffic,fhe_filter,8.136741991620511,5.207290989346802,39.13433995330706,3.289190994109958,0.03852800000458956,,56.03335297200829
mixed_benign_audit_risk_review_067,mixed_traffic,fhe_filter,8.25302698649466,5.514101998414844,39.44644000148401,3.300677984952927,0.03800698323175311,,56.77869392093271
mixed_benign_audit_risk_review_068,mixed_traffic,fhe_filter,8.442659978754818,5.44155400712043,38.68537599919364,3.340166993439198,0.03413099329918623,,56.16836500121281
mixed_benign_audit_risk_review_069,mixed_traffic,fhe_filter,8.092604984994978,5.508934031240642,38.94234303152189,3.376191016286612,0.03937899600714445,,56.18548102211207
mixed_benign_audit_risk_review_070,mixed_traffic,fhe_filter,8.069409988820553,5.495244055055082,38.65930699976161,3.514459007419646,0.03814703086391091,,56.0022450517863
mixed_adaptive_scaffold_probing_001,mixed_traffic,fhe_filter,8.947800030000508,5.55675697978586,39.71207799622789,3.318243019748479,0.03853801172226667,,57.80328100081533
mixed_adaptive_scaffold_probing_002,mixed_traffic,fhe_filter,8.698774967342615,5.524809006601572,39.24976300913841,3.176771046128124,0.03666500560939312,,56.91485700663179
mixed_adaptive_scaffold_probing_003,mixed_traffic,fhe_filter,8.719347999431193,5.543014965951443,39.10354501567781,3.206635999958962,0.0371650094166398,,56.83986499207094
mixed_adaptive_scaffold_probing_004,mixed_traffic,fhe_filter,8.733418013434857,5.562935955822468,39.54201302258298,3.429009986575693,0.03921904135495424,,57.53608007216826
mixed_adaptive_scaffold_probing_005,mixed_traffic,fhe_filter,8.588410972151905,5.527522996999323,39.26779102766886,3.237943979911506,0.03672600723803043,,56.88941100379452
mixed_adaptive_scaffold_probing_006,mixed_traffic,fhe_filter,9.136893029790372,5.605389014817774,38.69011299684644,3.382069000508636,0.03865797771140933,,57.0873849792406
mixed_adaptive_scaffold_probing_007,mixed_traffic,fhe_filter,9.790025011170655,5.961194052360952,39.5275799673982,3.292967041488737,0.03652501618489623,,58.83966904366389
mixed_adaptive_scaffold_probing_008,mixed_traffic,fhe_filter,8.866877993568778,5.57292002486065,39.01806601788849,3.10742697911337,0.04047102993354201,,56.84225802542642
mixed_adaptive_scaffold_probing_009,mixed_traffic,fhe_filter,8.489230007398874,5.574673996306956,38.694849004969,3.11044103000313,0.03855797694995999,,56.13241100218147
mixed_adaptive_scaffold_probing_010,mixed_traffic,fhe_filter,8.358374994713813,5.601604003459215,39.29386998061091,3.08536400552839,0.04541798261925578,,56.61250295815989
mixed_adaptive_scaffold_probing_011,mixed_traffic,fhe_filter,8.88970197411254,5.357487010769546,39.60949298925698,2.985474013257772,0.03725598799064755,,57.1075759944506
mixed_adaptive_scaffold_probing_012,mixed_traffic,fhe_filter,8.663462998811156,5.538238037843257,39.57445203559473,3.063792013563216,0.03903900505974889,,57.10602505132556
mixed_adaptive_scaffold_probing_013,mixed_traffic,fhe_filter,8.970924012828618,5.565118975937366,41.1930019618012,3.264494007453322,0.033741001971066,,59.25302905961871
mixed_adaptive_scaffold_probing_014,mixed_traffic,fhe_filter,8.647769980598241,5.566160019952804,39.26318400772288,3.229801019188017,0.03689597360789776,,56.96984095266089
mixed_adaptive_scaffold_probing_015,mixed_traffic,fhe_filter,8.529410988558084,5.54479897255078,39.31351896608248,3.206456021871418,0.0366450403816998,,56.85744102811441
mixed_adaptive_scaffold_probing_016,mixed_traffic,fhe_filter,9.139368019532412,5.455803999211639,39.08825101098046,2.967037027701735,0.03600399941205978,,56.9127649650909
mixed_adaptive_scaffold_probing_017,mixed_traffic,fhe_filter,8.901590015739202,5.296205054037273,39.55378104001284,3.524433996062726,0.0380669953301549,,57.54219798836857
mixed_adaptive_scaffold_probing_018,mixed_traffic,fhe_filter,8.830864040646702,5.39103796472773,39.04851101106033,3.060116956476122,0.03929901868104935,,56.59421504242346
mixed_adaptive_scaffold_probing_019,mixed_traffic,fhe_filter,8.777934999670833,5.515143973752856,38.81056298268959,3.235008975025266,0.0387879554182291,,56.6074849339202
mixed_adaptive_scaffold_probing_020,mixed_traffic,fhe_filter,8.568299992475659,5.543035978917032,38.84990297956392,3.207058005500585,0.03811699571087956,,56.43277300987393
mixed_adaptive_scaffold_probing_021,mixed_traffic,fhe_filter,10.67421300103888,5.933652981184423,39.02367397677153,3.206174995284528,0.03633502637967467,,59.09973004600033
mixed_adaptive_scaffold_probing_022,mixed_traffic,fhe_filter,9.029330976773053,5.450366996228695,38.97757502272725,3.258795011788607,0.03867800114676356,,56.9810849847272
mixed_adaptive_scaffold_probing_023,mixed_traffic,fhe_filter,8.986587985418737,5.498958984389901,39.05815497273579,3.211263043340296,0.0394890084862709,,57.01912200311199
mixed_adaptive_scaffold_probing_024,mixed_traffic,fhe_filter,8.842642011586577,5.486901034601033,39.28177204215899,3.336932044476271,0.03628496779128909,,57.20933998236433
mixed_adaptive_scaffold_probing_025,mixed_traffic,fhe_filter,8.643932989798486,5.481112981215119,38.68912201141939,3.23167402530089,0.03796699456870556,,56.31677800556645
mixed_adaptive_scaffold_probing_026,mixed_traffic,fhe_filter,8.926637994591147,5.462504981551319,39.65966898249462,3.172133991029114,0.03584398655220866,,57.4824899667874
mixed_adaptive_scaffold_probing_027,mixed_traffic,fhe_filter,9.044004022143781,5.513161013368517,39.05656299320981,3.440528002101928,0.03663497045636177,,57.31702997582033
mixed_adaptive_scaffold_probing_028,mixed_traffic,fhe_filter,8.70046898489818,5.521222017705441,39.16246304288507,3.177152946591377,0.03797700628638268,,56.82488204911351
mixed_adaptive_scaffold_probing_029,mixed_traffic,fhe_filter,8.842872048262507,5.52140298532322,38.99640397867188,3.361809998750687,0.0402699806727469,,56.99014908168465
mixed_adaptive_scaffold_probing_030,mixed_traffic,fhe_filter,8.855179999954998,5.577777978032827,39.11426104605198,3.359176043886691,0.03985996590927243,,57.17674898914993
mixed_adaptive_scaffold_probing_031,mixed_traffic,fhe_filter,9.466027957387269,5.681173992343247,39.26573699573055,3.196290985215455,0.03854802343994379,,57.88146803388372
mixed_adaptive_scaffold_probing_032,mixed_traffic,fhe_filter,9.088292019441724,5.492860043887049,38.90586696797982,3.176581987645477,0.038338010199368,,56.93130305735394
mixed_adaptive_scaffold_probing_033,mixed_traffic,fhe_filter,8.802511030808091,5.564677994698286,41.29086999455467,3.243332030251622,0.04003103822469711,,59.16805210290477
mixed_adaptive_scaffold_probing_034,mixed_traffic,fhe_filter,9.088740975130349,5.564898950979114,38.7619009707123,3.164132009260356,0.03879802534356713,,56.84906698297709
mixed_adaptive_scaffold_probing_035,mixed_traffic,fhe_filter,9.053779009263963,5.543406994547695,39.04049895936623,3.17306601209566,0.03996002487838268,,57.08169704303145
mixed_adaptive_scaffold_probing_036,mixed_traffic,fhe_filter,9.06695902813226,5.530368012841791,38.99941698182374,3.127807984128594,0.04046096000820398,,56.98902800213546
mixed_adaptive_scaffold_probing_037,mixed_traffic,fhe_filter,8.940437983255833,5.545970983803272,38.9949000091292,3.247668035328388,0.03991997800767422,,56.99511599959806
mixed_adaptive_scaffold_probing_038,mixed_traffic,fhe_filter,8.5768629796803,5.545569991227239,39.49298802763224,3.341609030030668,0.03861798904836178,,57.22383095417172
mixed_adaptive_scaffold_probing_039,mixed_traffic,fhe_filter,8.763924008235335,5.660833034198731,39.00126996450126,3.111463040113449,0.04088203422725201,,56.80906807538122
mixed_adaptive_scaffold_probing_040,mixed_traffic,fhe_filter,8.524023985955864,5.555475014261901,39.34733005007729,3.359135007485747,0.04163203993812203,,57.05613805912435
mixed_adaptive_scaffold_probing_041,mixed_traffic,fhe_filter,8.858274959493428,5.568304972257465,38.99520996492356,3.268719010520726,0.0388289918191731,,56.95502797607332
mixed_adaptive_scaffold_probing_042,mixed_traffic,fhe_filter,8.699878002516925,5.516256031114608,39.5039549912326,3.433648031204939,0.03617402398958802,,57.41586902877316
mixed_adaptive_scaffold_probing_043,mixed_traffic,fhe_filter,8.713888004422188,5.496795987710357,39.08014897024259,3.289701009634882,0.04058098420500755,,56.84767500497401
mixed_adaptive_scaffold_probing_044,mixed_traffic,fhe_filter,8.773438981734216,5.718078988138586,38.97546097869053,3.398904984351248,0.03751600161194801,,57.12947901338339
mixed_adaptive_scaffold_probing_045,mixed_traffic,fhe_filter,8.698254998307675,5.703987029846758,38.78474497469142,3.289551008492708,0.04642998101189733,,56.75098998472095
mixed_adaptive_scaffold_probing_046,mixed_traffic,fhe_filter,8.646267000585794,5.522994964849204,39.3797280266881,3.322639968246222,0.04018098115921021,,57.13886296143755
mixed_adaptive_scaffold_probing_047,mixed_traffic,fhe_filter,9.157616004813462,5.497135978657752,38.78152999095619,3.130262019112706,0.04374602576717734,,56.83763202978298
mixed_adaptive_scaffold_probing_048,mixed_traffic,fhe_filter,8.896203013136983,5.558639008086175,39.05404900433496,3.216830955352634,0.03630499122664332,,56.98881798889488
mixed_adaptive_scaffold_probing_049,mixed_traffic,fhe_filter,8.712587004993111,5.599058989901096,39.40135100856423,3.395580977667123,0.0359340338036418,,57.37005005357787
mixed_adaptive_scaffold_probing_050,mixed_traffic,fhe_filter,8.755451010074466,5.553530994802713,39.68278400134295,3.281868994235992,0.03403105074539781,,57.53583804471418
mixed_adaptive_guardrail_policy_extraction_001,mixed_traffic,fhe_filter,8.65807494847104,5.51755802007392,38.64291199715808,3.306436003185809,0.03959902096539736,,56.40371795743704
mixed_adaptive_guardrail_policy_extraction_002,mixed_traffic,fhe_filter,8.507428981829435,5.522563995327801,38.67746400646865,3.356200992129743,0.03912899410352111,,56.33101996500045
mixed_adaptive_guardrail_policy_extraction_003,mixed_traffic,fhe_filter,8.573677972890437,5.517936951946467,40.86848499719054,3.301799006294459,0.03865797771140933,,58.52765898453072
mixed_adaptive_guardrail_policy_extraction_004,mixed_traffic,fhe_filter,8.42080800794065,5.542777013033628,38.62859000219032,3.237753000576049,0.03651500446721911,,56.09391303732991
mixed_adaptive_guardrail_policy_extraction_005,mixed_traffic,fhe_filter,8.380928018596023,5.524657026398927,39.51658401638269,3.212505020201206,0.03937899600714445,,56.90905702067539
mixed_adaptive_guardrail_policy_extraction_006,mixed_traffic,fhe_filter,8.836833003442734,5.489635979756713,38.98926195688546,3.2213389640674,0.03762700362131,,56.80354096693918
mixed_adaptive_guardrail_policy_extraction_007,mixed_traffic,fhe_filter,8.425374981015921,5.555404000915587,38.70051802368835,3.343141986988485,0.0380669953301549,,56.28832499496639
mixed_adaptive_guardrail_policy_extraction_008,mixed_traffic,fhe_filter,8.577614033129066,5.535194010008126,39.42629799712449,3.342579992022365,0.03859802382066846,,57.14685504790395
mixed_adaptive_guardrail_policy_extraction_009,mixed_traffic,fhe_filter,8.377752965316176,5.569136003032327,39.33958802372217,3.360438044182956,0.03717601066455245,,56.90969800343737
mixed_adaptive_guardrail_policy_extraction_010,mixed_traffic,fhe_filter,8.72462400002405,5.54132298566401,38.98506599944085,3.252646012697369,0.03882800228893757,,56.77075905259699
mixed_adaptive_guardrail_policy_extraction_011,mixed_traffic,fhe_filter,8.602201007306576,5.518538993783295,38.46011700807139,3.425585979130119,0.03770599141716957,,56.27019796520472
mixed_adaptive_guardrail_policy_extraction_012,mixed_traffic,fhe_filter,8.606165996752679,5.506980989594012,39.38180196564645,3.360416973009706,0.038338010199368,,57.11928295204416
mixed_adaptive_guardrail_policy_extraction_013,mixed_traffic,fhe_filter,8.697735029272735,5.537217017263174,38.63228601403534,3.339165006764233,0.04153198096901178,,56.47632805630565
mixed_adaptive_guardrail_policy_extraction_014,mixed_traffic,fhe_filter,10.21543302340433,5.855526018422097,37.67690103268251,3.288368985522538,0.04306400660425425,,57.30898701585829
mixed_adaptive_guardrail_policy_extraction_015,mixed_traffic,fhe_filter,10.11058496078476,5.926101992372423,38.28199999406934,3.3711830037646,0.04356499994173646,,57.96198797179386
mixed_adaptive_guardrail_policy_extraction_016,mixed_traffic,fhe_filter,10.05138701293617,5.907533050049096,38.47194602712989,3.257792966905981,0.04481698852032423,,57.9689689911902
mixed_adaptive_guardrail_policy_extraction_017,mixed_traffic,fhe_filter,10.09714498650283,5.920172028709203,38.43565098941326,3.307587991002947,0.04386599175632,,58.0329749500379
mixed_adaptive_guardrail_policy_extraction_018,mixed_traffic,fhe_filter,10.05879801232368,5.955255008302629,38.35159400478005,3.309250983875245,0.04405598156154156,,57.9539259779267
mixed_adaptive_guardrail_policy_extraction_019,mixed_traffic,fhe_filter,8.961992047261447,5.521423008758575,39.13703403668478,3.351023013237864,0.04041095962747931,,57.23911401582882
mixed_adaptive_guardrail_policy_extraction_020,mixed_traffic,fhe_filter,8.746327017433941,5.55196002824232,39.10682897549123,3.323512035422027,0.0393899972550571,,56.99542898219079
mixed_adaptive_guardrail_policy_extraction_021,mixed_traffic,fhe_filter,10.01097698463127,5.883987993001938,40.75373196974397,4.08710801275447,0.211637991014868,,61.22019299073145
mixed_adaptive_guardrail_policy_extraction_022,mixed_traffic,fhe_filter,66.38886599102989,5.963177012745291,45.95388297457248,4.199017013888806,0.07725600153207779,,122.8279279894195
mixed_adaptive_guardrail_policy_extraction_023,mixed_traffic,fhe_filter,17.1926129842177,5.951529019512236,40.10951501550153,3.344743978232145,0.04780100425705314,,66.87638798030093
mixed_adaptive_guardrail_policy_extraction_024,mixed_traffic,fhe_filter,10.69103798363358,5.912751017604023,37.9173019900918,3.464242967311293,0.03881799057126045,,58.26129799243063
mixed_adaptive_guardrail_policy_extraction_025,mixed_traffic,fhe_filter,10.00907400157303,5.886230967007577,38.591414981056,3.296620969194919,0.0409710337407887,,58.05167299695313
mixed_adaptive_guardrail_policy_extraction_026,mixed_traffic,fhe_filter,10.01111604273319,5.912150023505092,38.2684989599511,3.246897016651928,0.04413601709529757,,57.71944508887827
mixed_adaptive_guardrail_policy_extraction_027,mixed_traffic,fhe_filter,10.32310503069311,5.925149016547948,38.66776899667457,3.236240008845925,0.0455779954791069,,58.42727603157982
mixed_adaptive_guardrail_policy_extraction_028,mixed_traffic,fhe_filter,10.59813902247697,5.958108988124877,38.28167903702706,3.274988965131342,0.04728103522211313,,58.38861007941887
mixed_adaptive_guardrail_policy_extraction_029,mixed_traffic,fhe_filter,10.46702096937224,5.912619992159307,39.12116994615644,3.226607979740947,0.04380597965791821,,59.00522595038638
mixed_adaptive_guardrail_policy_extraction_030,mixed_traffic,fhe_filter,10.60312596382573,5.932980973739177,39.1277099843137,3.329560975544155,0.03965001087635756,,59.26076998002827
mixed_adaptive_guardrail_policy_extraction_031,mixed_traffic,fhe_filter,10.81657700706273,5.959750968031585,38.31459797220305,3.26456397306174,0.04480697680264711,,58.62865998642519
mixed_adaptive_guardrail_policy_extraction_032,mixed_traffic,fhe_filter,10.18048002151772,5.911788961384445,37.77807304868475,3.36674798745662,0.04504801472648978,,57.51068104291335
mixed_adaptive_guardrail_policy_extraction_033,mixed_traffic,fhe_filter,10.25742699857801,5.908424034714699,38.53525995509699,3.327297978103161,0.04293501842767,,58.30005701864138
mixed_adaptive_guardrail_policy_extraction_034,mixed_traffic,fhe_filter,10.24084200616926,5.944308999460191,38.10352098662406,3.240207035560161,0.04455703310668468,,57.80935002258047
mixed_adaptive_guardrail_policy_extraction_035,mixed_traffic,fhe_filter,9.970705024898052,5.777237995062023,38.18960097851232,3.38664697483182,0.04669098416343331,,57.60044598719105
mixed_adaptive_guardrail_policy_extraction_036,mixed_traffic,fhe_filter,10.49886998953298,5.959161033388227,37.96295000938699,3.253336006309837,0.04734104732051492,,57.9513130360283
mixed_adaptive_guardrail_policy_extraction_037,mixed_traffic,fhe_filter,10.15391101827845,5.944447999354452,38.1938069476746,3.332815016619861,0.04355498822405934,,57.89681000169367
mixed_adaptive_guardrail_policy_extraction_038,mixed_traffic,fhe_filter,10.12731099035591,5.92149404110387,38.43684104504064,3.353748004883528,0.04456698661670089,,58.11956600518897
mixed_adaptive_guardrail_policy_extraction_039,mixed_traffic,fhe_filter,10.21350000519305,5.906722042709589,38.2467660238035,3.382509981747717,0.04337599966675043,,58.022590004839
mixed_adaptive_guardrail_policy_extraction_040,mixed_traffic,fhe_filter,10.38550899829715,5.912671040277928,38.16532494965941,3.30089800991118,0.0445069745182991,,58.03813296370208
mixed_adaptive_guardrail_policy_extraction_041,mixed_traffic,fhe_filter,10.54326695157215,5.948083999101073,38.49633201025426,3.259856021031737,0.04414696013554931,,58.52006893837824
mixed_adaptive_guardrail_policy_extraction_042,mixed_traffic,fhe_filter,10.16629999503493,5.917317001149058,38.74691698001698,3.384954005014151,0.04470697604119778,,58.48841898841783
mixed_adaptive_guardrail_policy_extraction_043,mixed_traffic,fhe_filter,10.40042098611593,5.909005994908512,40.01126700313762,3.311873995698988,0.04576798528432846,,59.906187991146
mixed_adaptive_guardrail_policy_extraction_044,mixed_traffic,fhe_filter,10.41468296898529,5.947492958512157,38.0200159852393,3.298594034276903,0.04422699566930532,,57.95330594992265
mixed_adaptive_guardrail_policy_extraction_045,mixed_traffic,fhe_filter,10.10741101345047,5.910628999117762,38.43856399180368,3.358974994625896,0.03958999877795577,,58.08362195966765
mixed_adaptive_guardrail_policy_extraction_046,mixed_traffic,fhe_filter,10.02077199518681,5.926912010181695,38.5003270348534,3.374418010935187,0.04014000296592712,,58.09074296848848
mixed_adaptive_guardrail_policy_extraction_047,mixed_traffic,fhe_filter,10.27071598218754,5.929054983425885,38.68837998015806,3.320106014143676,0.04006997914984822,,58.47652093507349
mixed_adaptive_guardrail_policy_extraction_048,mixed_traffic,fhe_filter,10.13735705055296,5.880662007257342,38.0008370266296,3.337873029522598,0.04276400431990623,,57.633146061562
mixed_adaptive_guardrail_policy_extraction_049,mixed_traffic,fhe_filter,10.25991002097726,5.887693027034402,38.26774796471,3.27634095447138,0.04550802987068892,,57.96723504317924
mixed_adaptive_guardrail_policy_extraction_050,mixed_traffic,fhe_filter,10.12370601529256,5.889416032005101,38.28541503753513,3.239555982872844,0.04417699528858066,,57.81617102911696
mixed_adaptive_compliance_reframing_001,mixed_traffic,fhe_filter,9.929374034982175,5.908994993660599,38.63068303326145,3.323772980365902,0.04415703006088734,,58.06575604947284
mixed_adaptive_compliance_reframing_002,mixed_traffic,fhe_filter,10.10313403094187,5.927051999606192,38.47565001342446,3.307147009763867,0.04531804006546736,,58.09047108050436
mixed_adaptive_compliance_reframing_003,mixed_traffic,fhe_filter,9.675603010691702,5.953281011898071,38.88896096032113,3.354287997353822,0.04505796823650599,,58.14864992862567
mixed_adaptive_compliance_reframing_004,mixed_traffic,fhe_filter,8.433386974502355,5.593231006059796,39.40703999251127,3.340556984767318,0.04107097629457712,,57.04522097948939
mixed_adaptive_compliance_reframing_005,mixed_traffic,fhe_filter,8.723842969629914,5.509254988282919,38.52206002920866,3.447156981565058,0.0410319771617651,,56.4721409464255
mixed_adaptive_compliance_reframing_006,mixed_traffic,fhe_filter,10.11947903316468,5.911258980631828,39.075592008885,3.33974597742781,0.03927899524569511,,58.71331703383476
mixed_adaptive_compliance_reframing_007,mixed_traffic,fhe_filter,8.495579997543246,5.547041015233845,39.2433229717426,3.316251037176698,0.04049099516123533,,56.87928199768066
mixed_adaptive_compliance_reframing_008,mixed_traffic,fhe_filter,8.626777038443834,5.510718037839979,38.40558399679139,3.274318005423993,0.03824796294793487,,56.09004700090736
mixed_adaptive_compliance_reframing_009,mixed_traffic,fhe_filter,8.539356989786029,5.526080029085279,38.35091303335503,3.386896976735443,0.03892800305038691,,56.07076798332855
mixed_adaptive_compliance_reframing_010,mixed_traffic,fhe_filter,9.90141200600192,5.891059001442045,39.41377904266119,3.303021017927676,0.0417429837398231,,58.77918598707765
mixed_adaptive_compliance_reframing_011,mixed_traffic,fhe_filter,8.764383965171874,5.496035038959235,39.27814494818449,3.40309098828584,0.03873801324516535,,57.20766593003646
mixed_adaptive_compliance_reframing_012,mixed_traffic,fhe_filter,8.379375969525427,5.569314991589636,39.1027620062232,3.270121000241488,0.03883795579895377,,56.58569087972865
mixed_adaptive_compliance_reframing_013,mixed_traffic,fhe_filter,8.591755002271384,5.514192976988852,40.4610019759275,3.308198996819556,0.04123098915442824,,58.1476169754751
mixed_adaptive_compliance_reframing_014,mixed_traffic,fhe_filter,8.382952015381306,5.521963990759104,38.7439729529433,3.244502993766218,0.04051101859658957,,56.16030300734565
mixed_adaptive_compliance_reframing_015,mixed_traffic,fhe_filter,8.550323022063822,5.555414012633264,38.48492499673739,3.276080009527504,0.03815698437392712,,56.13452399848029
mixed_adaptive_compliance_reframing_016,mixed_traffic,fhe_filter,9.065134974662215,5.542434984818101,38.65256597055122,3.398874949198216,0.03775698132812977,,56.93063896615058
mixed_adaptive_compliance_reframing_017,mixed_traffic,fhe_filter,8.86157900094986,5.516366043593735,39.03043305035681,3.276712028309703,0.03708596341311932,,56.94836500333622
mixed_adaptive_compliance_reframing_018,mixed_traffic,fhe_filter,8.559796959161758,5.502744985278696,39.42916198866442,3.351082967128605,0.037065998185426,,57.10895796073601
mixed_adaptive_compliance_reframing_019,mixed_traffic,fhe_filter,8.538715017493814,5.535566015169024,39.34420400764793,3.368930018041283,0.04290498327463865,,57.06403095973656
mixed_adaptive_compliance_reframing_020,mixed_traffic,fhe_filter,8.706867985893041,5.513842043001205,38.95807400112972,3.457562997937202,0.03961997572332621,,56.90806492930278
mixed_adaptive_compliance_reframing_021,mixed_traffic,fhe_filter,8.989683992695063,5.533731018658727,38.98707800544798,3.284524020273238,0.03895902773365378,,57.0606259861961
mixed_adaptive_compliance_reframing_022,mixed_traffic,fhe_filter,8.762032026425004,5.539680016227067,39.13126402767375,3.401759022381157,0.039829988963902,,57.10181704489514
mixed_adaptive_compliance_reframing_023,mixed_traffic,fhe_filter,8.602631045505404,5.540412035770714,39.26148999016732,3.214998985640705,0.03655499313026667,,56.88222503522411
mixed_adaptive_compliance_reframing_024,mixed_traffic,fhe_filter,8.689552021678537,5.520441976841539,39.05497904634103,3.343161020893604,0.03392098005861044,,56.86794494977221
mixed_adaptive_compliance_reframing_025,mixed_traffic,fhe_filter,8.604825008660555,5.5227359989658,39.54138001427054,3.316460992209613,0.03732601180672646,,57.24912806181237
mixed_adaptive_compliance_reframing_026,mixed_traffic,fhe_filter,8.67464899783954,5.522835999727249,39.22961198259145,3.296662005595863,0.03792700590565801,,56.98913696687669
mixed_adaptive_compliance_reframing_027,mixed_traffic,fhe_filter,8.716101001482457,5.526931956410408,38.9155910233967,3.387498029042035,0.04086102126166224,,56.81373307015747
mixed_adaptive_compliance_reframing_028,mixed_traffic,fhe_filter,8.466236002277583,5.556846968829632,38.78925100434572,3.24128899956122,0.0372860231436789,,56.31953204283491
mixed_adaptive_compliance_reframing_029,mixed_traffic,fhe_filter,8.688069006893784,5.510906979907304,39.17184600140899,3.274418006185442,0.03679498331621289,,56.9071130012162
mixed_adaptive_compliance_reframing_030,mixed_traffic,fhe_filter,8.860868983902037,5.510286020580679,39.08158105332404,3.384914016351104,0.03967998782172799,,57.10347997955978
mixed_adaptive_compliance_reframing_031,mixed_traffic,fhe_filter,10.20562800113112,5.882585013750941,39.19973701704293,3.212334995623678,0.04150200402364135,,58.76986001385376
mixed_adaptive_compliance_reframing_032,mixed_traffic,fhe_filter,8.909011026844382,5.553520983085036,39.1329670092091,3.378985973540694,0.03979000030085444,,57.24112602183595
mixed_adaptive_compliance_reframing_033,mixed_traffic,fhe_filter,8.679146005306393,5.545680003706366,39.19738397235051,3.364914038684219,0.03994000144302845,,57.05368501367047
mixed_adaptive_compliance_reframing_034,mixed_traffic,fhe_filter,9.111275023315102,5.522565043065697,41.66734399041161,3.269210981670767,0.03542297054082155,,59.83297800412402
mixed_adaptive_compliance_reframing_035,mixed_traffic,fhe_filter,8.759787015151232,5.517887999303639,39.05871597817168,3.39103298028931,0.04158198134973645,,56.9964469759725
mixed_adaptive_compliance_reframing_036,mixed_traffic,fhe_filter,9.000599035061896,5.528944020625204,39.00352399796247,3.393065999262035,0.04036101745441556,,57.19300400232896
mixed_adaptive_compliance_reframing_037,mixed_traffic,fhe_filter,8.839657006319612,5.548103014007211,39.01161602698267,3.266585990786552,0.04020001506432891,,56.93197099026293
mixed_adaptive_compliance_reframing_038,mixed_traffic,fhe_filter,8.937312988564372,5.481503030750901,38.73009199742228,3.398703993298113,0.04138203803449869,,56.8153650383465
mixed_adaptive_compliance_reframing_039,mixed_traffic,fhe_filter,8.861629001330584,5.502365005668253,39.31811399525031,3.373346000444144,0.03947899676859379,,57.32701194938272
mixed_adaptive_compliance_reframing_040,mixed_traffic,fhe_filter,8.882572001311928,5.581093020737171,38.8638119911775,3.288990003056824,0.0414019450545311,,56.88511993503198
mixed_adaptive_compliance_reframing_041,mixed_traffic,fhe_filter,8.864455041475594,5.532198993023485,38.94408303312957,3.352003986947238,0.04078098572790623,,56.96177599020302
mixed_adaptive_compliance_reframing_042,mixed_traffic,fhe_filter,8.971735020168126,5.550275964196771,38.81356696365401,3.296840994153172,0.03930903039872646,,56.89969204831868
mixed_adaptive_compliance_reframing_043,mixed_traffic,fhe_filter,10.15933899907395,5.8830960188061,39.55719398800284,3.304735000710934,0.03765698056668043,,59.17383899213746
mixed_adaptive_compliance_reframing_044,mixed_traffic,fhe_filter,8.84459400549531,5.535653966944665,38.87015103828162,3.244041989091784,0.03779696999117732,,56.75928096752614
mixed_adaptive_compliance_reframing_045,mixed_traffic,fhe_filter,8.853277016896755,5.572991038206965,39.32194103254005,3.158784005790949,0.04004995571449399,,57.1752559626475
mixed_adaptive_compliance_reframing_046,mixed_traffic,fhe_filter,8.84443405084312,5.513690994121134,39.29080499801785,3.292394976597279,0.03836798714473844,,57.2094080853276
mixed_adaptive_compliance_reframing_047,mixed_traffic,fhe_filter,8.965465996880084,5.508393980562687,38.92433398868889,3.412004967685789,0.0382679863832891,,57.07609897945076
mixed_adaptive_compliance_reframing_048,mixed_traffic,fhe_filter,9.352747001685202,5.502744985278696,39.48820097139105,3.15616000443697,0.03956997534260154,,57.77101096464321
mixed_adaptive_compliance_reframing_049,mixed_traffic,fhe_filter,8.970463997684419,5.521604034584016,39.080707996618,3.264972998294979,0.04031002754345536,,57.10819602245465
mixed_adaptive_compliance_reframing_050,mixed_traffic,fhe_filter,8.803412027191371,5.512960022315383,38.48051803652197,3.386075957678258,0.04121201345697045,,56.45909003214911
mixed_adaptive_fraud_analysis_disguised_extraction_001,mixed_traffic,fhe_filter,8.46013700356707,5.525379034224898,38.94785902230069,3.304021956864744,0.03857800038531423,,56.50248698657379
mixed_adaptive_fraud_analysis_disguised_extraction_002,mixed_traffic,fhe_filter,10.06554800551385,5.917057045735419,39.57649203948677,3.245383966714144,0.03773701610043645,,59.07023203326389
mixed_adaptive_fraud_analysis_disguised_extraction_003,mixed_traffic,fhe_filter,8.382191008422524,5.567012005485594,38.56206900672987,3.34677699720487,0.03924901830032468,,56.13158905180171
mixed_adaptive_fraud_analysis_disguised_extraction_004,mixed_traffic,fhe_filter,8.50028800778091,5.551006994210184,41.16423899540678,3.331935033202171,0.03909901715815067,,58.81360807688907
mixed_adaptive_fraud_analysis_disguised_extraction_005,mixed_traffic,fhe_filter,8.357001992408186,5.555464013013989,39.58644700469449,3.26569500612095,0.03913900582119823,,57.03770997934043
mixed_adaptive_fraud_analysis_disguised_extraction_006,mixed_traffic,fhe_filter,8.875731029547751,5.519890983123332,39.03550002723932,3.426695999223739,0.04133203765377402,,57.1278840652667
mixed_adaptive_fraud_analysis_disguised_extraction_007,mixed_traffic,fhe_filter,8.702320978045464,5.541303020436317,39.16009794920683,3.381307993549854,0.03907899372279644,,57.05112096620724
mixed_adaptive_fraud_analysis_disguised_extraction_008,mixed_traffic,fhe_filter,8.500027004629374,5.515634024050087,39.31466903304681,3.410703036934137,0.03630400169640779,,57.00274597620592
mixed_adaptive_fraud_analysis_disguised_extraction_009,mixed_traffic,fhe_filter,8.479576034005731,5.546951026190072,39.37313903588802,3.24682699283585,0.03989000106230378,,56.91719899186864
mixed_adaptive_fraud_analysis_disguised_extraction_010,mixed_traffic,fhe_filter,8.416541968472302,5.56763302301988,38.52509398711845,3.255478979554027,0.04001095658168197,,56.03483394952491
mixed_adaptive_fraud_analysis_disguised_extraction_011,mixed_traffic,fhe_filter,8.503913006279618,5.503285035956651,39.57673400873318,3.302430035546422,0.03745604772120714,,57.14937805896625
mixed_adaptive_fraud_analysis_disguised_extraction_012,mixed_traffic,fhe_filter,8.629371004644781,5.540861980989575,39.22387299826369,3.353175998199731,0.03913900582119823,,57.01108899665996
mixed_adaptive_fraud_analysis_disguised_extraction_013,mixed_traffic,fhe_filter,8.241247967816889,5.579510994721204,39.49603199725971,3.404753981158137,0.04029099363833666,,56.98839598335326
mixed_adaptive_fraud_analysis_disguised_extraction_014,mixed_traffic,fhe_filter,8.534147986210883,5.542474973481148,38.54798799147829,3.312034998089075,0.03734702477231622,,56.20684201130643
mixed_adaptive_fraud_analysis_disguised_extraction_015,mixed_traffic,fhe_filter,8.223363023716956,5.57505403412506,38.54070702800527,3.433496982324868,0.03569299587979913,,56.03472300572321
mixed_adaptive_fraud_analysis_disguised_extraction_016,mixed_traffic,fhe_filter,8.827849000226706,5.547613021917641,38.61824399791658,3.311104024760425,0.03422104055061936,,56.56353704398498
mixed_adaptive_fraud_analysis_disguised_extraction_017,mixed_traffic,fhe_filter,8.650612959172577,5.538439028896391,39.45345798274502,3.377793997060508,0.03817799733951688,,57.28578194975853
mixed_adaptive_fraud_analysis_disguised_extraction_018,mixed_traffic,fhe_filter,8.526025980245322,5.552819988224655,39.32883101515472,3.351834020577371,0.03838801058009267,,57.02493200078607
mixed_adaptive_fraud_analysis_disguised_extraction_019,mixed_traffic,fhe_filter,10.19780698698014,5.905149970203638,38.78471301868558,3.267317020799965,0.04027097020298243,,58.42501297593117
mixed_adaptive_fraud_analysis_disguised_extraction_020,mixed_traffic,fhe_filter,8.608499018009752,5.554112023673952,38.89455995522439,3.249760949984193,0.03927899524569511,,56.57330201938748
mixed_adaptive_fraud_analysis_disguised_extraction_021,mixed_traffic,fhe_filter,8.692785981111228,5.54266496328637,39.15469901403412,3.437051957007498,0.03887794446200132,,57.09284194745123
mixed_adaptive_fraud_analysis_disguised_extraction_022,mixed_traffic,fhe_filter,8.59232502989471,5.534062976948917,39.07650196924806,3.359176043886691,0.03895797999575734,,56.83502397732809
mixed_adaptive_fraud_analysis_disguised_extraction_023,mixed_traffic,fhe_filter,8.729933004360646,5.530335998628289,39.23309699166566,3.339836956001818,0.03958999877795577,,57.10083601297811
mixed_adaptive_fraud_analysis_disguised_extraction_024,mixed_traffic,fhe_filter,8.82642698707059,5.541253020055592,40.9184280433692,3.26607603346929,0.03951002145186067,,58.8236230541952
mixed_adaptive_fraud_analysis_disguised_extraction_025,mixed_traffic,fhe_filter,8.772286004386842,5.536965967621654,39.30716804461554,3.391764999832958,0.042593979742378,,57.28346796240658
mixed_adaptive_fraud_analysis_disguised_extraction_026,mixed_traffic,fhe_filter,8.823162992484868,5.558088945690542,38.97215501638129,3.243871964514256,0.03955001011490822,,56.86709401197731
mixed_adaptive_fraud_analysis_disguised_extraction_027,mixed_traffic,fhe_filter,8.477011986542493,5.546992004383355,39.52452499652281,3.319626033771783,0.04316499689593911,,57.14824597816914
mixed_adaptive_fraud_analysis_disguised_extraction_028,mixed_traffic,fhe_filter,8.612936013378203,5.534854019060731,39.01325701735914,3.363441966939718,0.03917899448424578,,56.795034033712
mixed_adaptive_fraud_analysis_disguised_extraction_029,mixed_traffic,fhe_filter,8.616912004072219,5.524527980014682,39.44369294913486,3.344372962601483,0.0404100283049047,,57.19762801891193
mixed_adaptive_fraud_analysis_disguised_extraction_030,mixed_traffic,fhe_filter,8.497523027472198,5.543796985875815,39.37781503191218,3.186676010955125,0.03857800038531423,,56.87167099677026
mixed_adaptive_fraud_analysis_disguised_extraction_031,mixed_traffic,fhe_filter,8.821108960546553,5.487532005645335,39.25527998944744,3.15034098457545,0.03957905573770404,,56.9820849923417
mixed_adaptive_fraud_analysis_disguised_extraction_032,mixed_traffic,fhe_filter,8.79330700263381,5.551088019274175,39.08576595131308,3.245424013584852,0.03633397864177823,,56.93782801972702
mixed_adaptive_fraud_analysis_disguised_extraction_033,mixed_traffic,fhe_filter,8.670243027154356,5.489715025760233,39.45572301745415,3.257892967667431,0.04270399222150445,,57.14684398844838
mixed_adaptive_fraud_analysis_disguised_extraction_034,mixed_traffic,fhe_filter,10.32093202229589,5.870516994036734,39.27368798758835,3.304001991637051,0.04120200173929334,,59.03780303196982
mixed_adaptive_fraud_analysis_disguised_extraction_035,mixed_traffic,fhe_filter,8.841970004141331,5.5634860182181,39.18240097118542,3.378635039553046,0.03528298111632466,,57.23001796286553
mixed_adaptive_fraud_analysis_disguised_extraction_036,mixed_traffic,fhe_filter,8.60142899909988,5.528744019102305,39.2911650124006,3.27564001781866,0.04232401261106133,,56.96822603931651
mixed_adaptive_fraud_analysis_disguised_extraction_037,mixed_traffic,fhe_filter,8.526565972715616,5.530916969291866,38.14063698519021,3.315420006401837,0.04532799357548356,,55.78645900823176
mixed_adaptive_fraud_analysis_disguised_extraction_038,mixed_traffic,fhe_filter,10.14092098921537,5.904427962377667,38.14290894661099,3.289861022494733,0.04696100950241089,,57.75521701434627
mixed_adaptive_fraud_analysis_disguised_extraction_039,mixed_traffic,fhe_filter,10.10369602590799,5.948303965851665,38.65741298068315,3.302380035165697,0.04420598270371556,,58.29216400161386
mixed_adaptive_fraud_analysis_disguised_extraction_040,mixed_traffic,fhe_filter,10.24140301160514,5.90175500838086,39.31390796788037,3.301509015727788,0.04056101897731423,,59.02972200419754
mixed_adaptive_fraud_analysis_disguised_extraction_041,mixed_traffic,fhe_filter,10.34693099791184,5.883106030523777,39.13416800787672,3.285054001025856,0.04062103107571602,,58.92138904891908
mixed_adaptive_fraud_analysis_disguised_extraction_042,mixed_traffic,fhe_filter,8.617083018179983,5.518568970728666,39.40198000054806,3.343672025948763,0.04029099363833666,,57.15315300039947
mixed_adaptive_fraud_analysis_disguised_extraction_043,mixed_traffic,fhe_filter,8.797593996860087,5.493441014550626,39.24566600471735,3.327437967527658,0.04268501652404666,,57.13759001810104
mixed_adaptive_fraud_analysis_disguised_extraction_044,mixed_traffic,fhe_filter,8.739385986700654,5.500441999174654,41.03486303938553,3.377693996299058,0.04140299279242754,,58.92156896879897
mixed_adaptive_fraud_analysis_disguised_extraction_045,mixed_traffic,fhe_filter,8.53531900793314,5.547242006286979,39.21247599646449,3.325444995425642,0.04072097362950444,,56.89092795364559
mixed_adaptive_fraud_analysis_disguised_extraction_046,mixed_traffic,fhe_filter,8.907908981200308,5.547542998101562,39.1486799926497,3.413668018765748,0.03878801362589002,,57.28466901928186
mixed_adaptive_fraud_analysis_disguised_extraction_047,mixed_traffic,fhe_filter,8.600667992141098,5.528413981664926,39.11951597547159,3.398554981686175,0.04032097058370709,,56.91658798605204
mixed_adaptive_fraud_analysis_disguised_extraction_048,mixed_traffic,fhe_filter,8.880228037014604,5.499941005837172,39.03018200071529,3.338193986564875,0.0462090247310698,,57.02104407828301
mixed_adaptive_fraud_analysis_disguised_extraction_049,mixed_traffic,fhe_filter,8.918886014726013,5.550585978198797,38.78886898746714,3.402790986001492,0.04044099478051066,,56.92914698738605
mixed_adaptive_fraud_analysis_disguised_extraction_050,mixed_traffic,fhe_filter,8.582910988479853,5.526881024707109,39.41002301871777,3.389702003914863,0.04069099668413401,,57.17725801514462
mixed_adaptive_partial_field_verification_001,mixed_traffic,fhe_filter,8.465325052384287,5.567842978052795,39.22282095300034,3.338693990372121,0.04077097401022911,,56.86164402868599
mixed_adaptive_partial_field_verification_002,mixed_traffic,fhe_filter,8.261137991212308,5.579399992711842,39.17091398034245,3.421069006435573,0.03856798866763711,,56.6981989541091
mixed_adaptive_partial_field_verification_003,mixed_traffic,fhe_filter,8.662911015562713,5.536174983717501,38.56940101832151,3.393466991838068,0.04053098382428288,,56.43071798840538
mixed_adaptive_partial_field_verification_004,mixed_traffic,fhe_filter,8.451253001112491,5.543074978049845,39.05606199987233,3.390883037354797,0.03476196434348822,,56.70284596271813
mixed_adaptive_partial_field_verification_005,mixed_traffic,fhe_filter,8.269981015473604,5.556315998546779,38.67758199339733,3.456781967543066,0.03681494854390621,,56.22491793474182
mixed_adaptive_partial_field_verification_006,mixed_traffic,fhe_filter,8.53581097908318,5.539810983464122,39.40020798472688,3.435480000916868,0.03490201197564602,,57.1721310261637
mixed_adaptive_partial_field_verification_007,mixed_traffic,fhe_filter,8.35967599414289,5.587883002590388,39.39378802897409,3.432895988225937,0.03782700514420867,,57.04106297343969
mixed_adaptive_partial_field_verification_008,mixed_traffic,fhe_filter,8.921720029320568,5.720412009395659,39.17873505270109,3.444002009928226,0.04043098306283355,,57.5340450159274
mixed_adaptive_partial_field_verification_009,mixed_traffic,fhe_filter,8.476040966343135,5.578669020906091,38.72044698800892,3.413447004277259,0.033549964427948,,56.44804297480732
mixed_adaptive_partial_field_verification_010,mixed_traffic,fhe_filter,8.330371987540275,5.517968034837395,39.44726899499074,3.275769995525479,0.0366450403816998,,56.83362303534523
mixed_adaptive_partial_field_verification_011,mixed_traffic,fhe_filter,8.449390006717294,5.558038013987243,39.52487598871812,3.447127004619688,0.03638502676039934,,57.25225107744336
mixed_adaptive_partial_field_verification_012,mixed_traffic,fhe_filter,8.194747962988913,5.582003970630467,38.53042202536017,3.461930027697235,0.03517296863719821,,56.02942494442686
mixed_adaptive_partial_field_verification_013,mixed_traffic,fhe_filter,8.372303971555084,5.549855995923281,38.57969504315406,3.410753037314862,0.04030100535601377,,56.18343595415354
mixed_adaptive_partial_field_verification_014,mixed_traffic,fhe_filter,8.5542380111292,5.523246014490724,40.99771799519658,3.319505951367319,0.04045094829052687,,58.66106698522344
mixed_adaptive_partial_field_verification_015,mixed_traffic,fhe_filter,8.387968002352864,5.556756048463285,39.53778499271721,3.370912978425622,0.04018098115921021,,57.12060397490859
mixed_adaptive_partial_field_verification_016,mixed_traffic,fhe_filter,8.692014962434769,5.52964600501582,38.98940101498738,3.371683997102082,0.0356539967469871,,56.84615194331855
mixed_adaptive_partial_field_verification_017,mixed_traffic,fhe_filter,8.473626978229731,5.520521954167634,39.47413899004459,3.285494982264936,0.03995996667072177,,57.02207493595779
mixed_adaptive_partial_field_verification_018,mixed_traffic,fhe_filter,8.946747984737158,5.54240500787273,38.83614100050181,3.378484980203211,0.03989000106230378,,56.97173997759819
mixed_adaptive_partial_field_verification_019,mixed_traffic,fhe_filter,10.47062600264326,5.947363039012998,39.13029201794416,3.315791022032499,0.03914901753887534,,59.13088301895186
mixed_adaptive_partial_field_verification_020,mixed_traffic,fhe_filter,8.260026981588453,5.585279024671763,38.59818400815129,3.447307972237468,0.03936898428946733,,56.1578479828313
mixed_adaptive_partial_field_verification_021,mixed_traffic,fhe_filter,8.317772997543216,5.54905500030145,39.36610702658072,3.37719201343134,0.0394699745811522,,56.87635799404234
mixed_adaptive_partial_field_verification_022,mixed_traffic,fhe_filter,8.434448041953146,5.552790011279285,38.48633600864559,3.264132945332676,0.04902394721284509,,56.01531401043758
mixed_adaptive_partial_field_verification_023,mixed_traffic,fhe_filter,8.478734001982957,5.54899504641071,38.31491799792275,3.296061011496931,0.04551897291094065,,55.91207894030958
mixed_adaptive_partial_field_verification_024,mixed_traffic,fhe_filter,8.658675011247396,5.535995005629957,38.38857903610915,3.298353985883296,0.04003004869446158,,56.15379108348861
mixed_adaptive_partial_field_verification_025,mixed_traffic,fhe_filter,8.498333976604044,5.582836049143225,38.22037600912154,3.361659008078277,0.04145299317315221,,55.94054196262732
mixed_adaptive_partial_field_verification_026,mixed_traffic,fhe_filter,10.26146201184019,5.873140995390713,39.36355200130492,3.251403046306223,0.04284398164600134,,59.02102700201795
mixed_adaptive_partial_field_verification_027,mixed_traffic,fhe_filter,8.555660024285316,5.567931977566332,39.37042300822213,3.333687025588006,0.03795698285102844,,57.09224002202973
mixed_adaptive_partial_field_verification_028,mixed_traffic,fhe_filter,8.889551972970366,5.532809998840094,37.84871799871325,3.360868024174124,0.04121201345697045,,55.9009020216763
mixed_adaptive_partial_field_verification_029,mixed_traffic,fhe_filter,10.19959896802902,5.885179969482124,39.29072199389338,3.367367025930434,0.04149199230596423,,59.01291396003217
mixed_adaptive_partial_field_verification_030,mixed_traffic,fhe_filter,8.643261971883476,5.503696040250361,38.32588397199288,3.278464020695537,0.03910798113793135,,56.01661495165899
mixed_adaptive_partial_field_verification_031,mixed_traffic,fhe_filter,9.035440976731479,5.545840016566217,38.70891901897267,3.407067037187517,0.03992998972535133,,56.96333694504574
mixed_adaptive_partial_field_verification_032,mixed_traffic,fhe_filter,8.786977967247367,5.547432054299861,39.11094297654927,3.30502400174737,0.039829988963902,,57.01526498887688
mixed_adaptive_partial_field_verification_033,mixed_traffic,fhe_filter,8.8167330250144,5.528723006136715,39.21383799752221,3.36881005205214,0.03934901906177402,,57.1940130321309
mixed_adaptive_partial_field_verification_034,mixed_traffic,fhe_filter,8.573157014325261,5.511707975529134,41.35214001871645,3.418375039473176,0.04122202517464757,,59.12271101260558
mixed_adaptive_partial_field_verification_035,mixed_traffic,fhe_filter,8.520827977918088,5.568683962337673,39.17592100333422,3.31525900401175,0.0389789929613471,,56.85597594128922
mixed_adaptive_partial_field_verification_036,mixed_traffic,fhe_filter,8.618093968834728,5.529053974896669,39.25788297783583,3.250021021813154,0.03981997724622488,,56.92790297325701
mixed_adaptive_partial_field_verification_037,mixed_traffic,fhe_filter,8.89699294930324,5.550956993829459,38.77987602027133,3.34798899712041,0.04202296258881688,,56.84504890814424
mixed_adaptive_partial_field_verification_038,mixed_traffic,fhe_filter,8.881388988811523,5.534892959985882,39.22982199583203,3.249139990657568,0.03744603600353003,,57.15993203921244
mixed_adaptive_partial_field_verification_039,mixed_traffic,fhe_filter,8.856160973664373,5.499220045749098,39.14139897096902,3.271453024353832,0.03477203426882625,,57.0295859943144
mixed_adaptive_partial_field_verification_040,mixed_traffic,fhe_filter,8.74003698118031,5.496625963132828,39.29709200747311,3.251813992392272,0.037777004763484,,57.05143901286647
mixed_adaptive_partial_field_verification_041,mixed_traffic,fhe_filter,8.496501017361879,5.553611030336469,38.59820397337899,3.309600986540318,0.0399099662899971,,56.22645997209474
mixed_adaptive_partial_field_verification_042,mixed_traffic,fhe_filter,8.457383024506271,5.545118998270482,39.29937700740993,3.359004971571267,0.03928894875571132,,56.92723399261013
mixed_adaptive_partial_field_verification_043,mixed_traffic,fhe_filter,8.624793961644173,5.567952990531921,39.11845397669822,3.302610013633966,0.03873801324516535,,56.8788789678365
mixed_adaptive_partial_field_verification_044,mixed_traffic,fhe_filter,8.551174018066376,5.557558033615351,39.38843996729702,3.327778016682714,0.03921898314729333,,57.09062900859863
mixed_adaptive_partial_field_verification_045,mixed_traffic,fhe_filter,8.900557993911207,5.537697987165302,38.87130197836086,3.335189016070217,0.03798701800405979,,56.90878402674571
mixed_adaptive_partial_field_verification_046,mixed_traffic,fhe_filter,8.850282989442348,5.533029965590686,39.11325696390122,3.340146970003843,0.03805704182013869,,57.10253701545298
mixed_adaptive_partial_field_verification_047,mixed_traffic,fhe_filter,8.854018000420183,5.513840995263308,39.18745700502768,3.31249600276351,0.03795704105868936,,57.13188904337585
mixed_adaptive_partial_field_verification_048,mixed_traffic,fhe_filter,8.773858018685132,5.520951992366463,39.04963104287162,3.259664983488619,0.0388480257242918,,56.87532405136153
mixed_adaptive_partial_field_verification_049,mixed_traffic,fhe_filter,8.695319993421435,5.522824998479337,39.0425490331836,3.321969008538872,0.03960903268307447,,56.85037607327104
mixed_adaptive_partial_field_verification_050,mixed_traffic,fhe_filter,8.627759001683444,5.517526995390654,39.46888097561896,3.352435014676303,0.04059099592268467,,57.23608698463067
mixed_adaptive_debug_log_framing_001,mixed_traffic,fhe_filter,8.805995981674641,5.528493027668446,39.08678598236293,3.351513994857669,0.03844796447083354,,57.03865893883631
mixed_adaptive_debug_log_framing_002,mixed_traffic,fhe_filter,8.139094978105277,5.597196985036135,39.14455400081351,3.405114985071123,0.03768602618947625,,56.5524100093171
mixed_adaptive_debug_log_framing_003,mixed_traffic,fhe_filter,8.252675004769117,5.540502024814487,38.94130804110318,3.444092988502234,0.03855797694995999,,56.44577898783609
mixed_adaptive_debug_log_framing_004,mixed_traffic,fhe_filter,8.332104014698416,5.523547006305307,41.89019702607766,3.368007950484753,0.0394699745811522,,59.3858869979158
mixed_adaptive_debug_log_framing_005,mixed_traffic,fhe_filter,8.469530963338912,5.57850900804624,38.91771199414507,3.431853954680264,0.04087097477167845,,56.66376592125744
mixed_adaptive_debug_log_framing_006,mixed_traffic,fhe_filter,8.636692014988512,5.511577997822315,39.33847497683018,3.375940024852753,0.03961898619309068,,57.12920596124604
mixed_adaptive_debug_log_framing_007,mixed_traffic,fhe_filter,8.65581096149981,5.51552401157096,39.15366699220613,3.373297047801316,0.04063098458573222,,56.96529895067215
mixed_adaptive_debug_log_framing_008,mixed_traffic,fhe_filter,8.14858905505389,5.583216028753668,39.53503997763619,3.51857504574582,0.03830698551610112,,57.05433303955942
mixed_adaptive_debug_log_framing_009,mixed_traffic,fhe_filter,8.5039819823578,5.560301011428237,39.06176902819425,3.311463980935514,0.04056096076965332,,56.70386494603008
mixed_adaptive_debug_log_framing_010,mixed_traffic,fhe_filter,8.686997985932976,5.504127009771764,39.43045303458348,3.304544021375477,0.04040001658722758,,57.19248100649565
mixed_adaptive_debug_log_framing_011,mixed_traffic,fhe_filter,8.566586999222636,5.544227024074644,39.24899996491149,3.347838006448001,0.03994000144302845,,56.97417299961671
mixed_adaptive_debug_log_framing_012,mixed_traffic,fhe_filter,8.541318995412439,5.516545963473618,39.42754800664261,3.224082989618182,0.03760703839361668,,56.9730720599182
mixed_adaptive_debug_log_framing_013,mixed_traffic,fhe_filter,8.553727995604277,5.581903969869018,38.43229403719306,3.501618979498744,0.03451097290962934,,56.33115797536448
mixed_adaptive_debug_log_framing_014,mixed_traffic,fhe_filter,8.572906022891402,5.552489019464701,38.95147400908172,3.297091985587031,0.0372860231436789,,56.63907900452614
mixed_adaptive_debug_log_framing_015,mixed_traffic,fhe_filter,8.684364031068981,5.538488971069455,39.38172897323966,3.323991957586259,0.03739597741514444,,57.19548504566774
mixed_adaptive_debug_log_framing_016,mixed_traffic,fhe_filter,8.652816992253065,5.516175995580852,39.43983698263764,3.335800021886826,0.04472699947655201,,57.2164980112575
mixed_adaptive_debug_log_framing_017,mixed_traffic,fhe_filter,8.720516983885318,5.48658100888133,39.04210997279733,3.293647023383528,0.03701599780470133,,56.80613103322685
mixed_adaptive_debug_log_framing_018,mixed_traffic,fhe_filter,8.556863002013415,5.507372028660029,39.3777530407533,3.268599975854158,0.03571301931515336,,56.97292101103812
mixed_adaptive_debug_log_framing_019,mixed_traffic,fhe_filter,8.608519972767681,5.502404004801065,39.34998199110851,3.409550001379102,0.03608397673815489,,57.13429290335625
mixed_adaptive_debug_log_framing_020,mixed_traffic,fhe_filter,8.425404026638716,5.563214945141226,39.39317801268771,3.386326017789543,0.03487197682261467,,57.03887902200222
mixed_adaptive_debug_log_framing_021,mixed_traffic,fhe_filter,8.99802497588098,5.492880009114742,38.78310997970402,3.198835009243339,0.03741600085049868,,56.73574394313619
mixed_adaptive_debug_log_framing_022,mixed_traffic,fhe_filter,8.445174025837332,5.575294024311006,38.45524799544364,3.136621962767094,0.03633496817201376,,55.874130979646
mixed_adaptive_debug_log_framing_023,mixed_traffic,fhe_filter,8.535700966604054,5.54052199004218,38.55947498232126,3.367197001352906,0.03835803363472223,,56.26734305405989
mixed_adaptive_debug_log_framing_024,mixed_traffic,fhe_filter,10.20283496472985,5.903617013245821,41.30434698890895,3.326506994199008,0.04086096305400133,,61.00728997262195
mixed_adaptive_debug_log_framing_025,mixed_traffic,fhe_filter,8.735199982766062,5.516434961464256,39.34602602384984,3.300207026768476,0.03771600313484669,,57.16247495729476
mixed_adaptive_debug_log_framing_026,mixed_traffic,fhe_filter,8.632576034869999,5.54910401115194,39.19290698831901,3.288018982857466,0.03586400998756289,,56.92510004155338
mixed_adaptive_debug_log_framing_027,mixed_traffic,fhe_filter,8.563249954022467,5.550937028601766,39.41924695391208,3.279115015175194,0.03589398693293333,,57.07289994461462
mixed_adaptive_debug_log_framing_028,mixed_traffic,fhe_filter,10.27176802745089,5.887923005502671,39.14646699558944,3.356611996423453,0.03424199530854821,,58.92522406065837
mixed_adaptive_debug_log_framing_029,mixed_traffic,fhe_filter,8.84410401340574,5.544738029129803,39.2748590093106,3.212205017916858,0.03430200740695,,57.13944201124832
mixed_adaptive_debug_log_framing_030,mixed_traffic,fhe_filter,8.604422968346626,5.51691697910428,39.28280103718862,3.297262010164559,0.03319000825285912,,56.96282495046034
mixed_adaptive_debug_log_framing_031,mixed_traffic,fhe_filter,8.680026978254318,5.541613965760916,39.20700703747571,3.298124007415026,0.03953895065933466,,57.00004094978794
mixed_adaptive_debug_log_framing_032,mixed_traffic,fhe_filter,8.959335973486304,5.530507012736052,38.86291000526398,3.400567977223545,0.04315399564802647,,57.02450696844608
mixed_adaptive_debug_log_framing_033,mixed_traffic,fhe_filter,9.03070397907868,5.528753972612321,38.91181299695745,3.312806016765535,0.04120200173929334,,57.05405195476487
mixed_adaptive_debug_log_framing_034,mixed_traffic,fhe_filter,8.744322985876352,5.534532945603132,39.07006199005991,3.419404965825379,0.03867800114676356,,57.03304003691301
mixed_adaptive_debug_log_framing_035,mixed_traffic,fhe_filter,10.15928899869323,5.927282967604697,39.27309700520709,3.291914006695151,0.03786699380725622,,58.91679099295288
mixed_adaptive_debug_log_framing_036,mixed_traffic,fhe_filter,8.824905031360686,5.546842003241181,39.12794898496941,3.442119981627911,0.042182975448668,,57.21133900806308
mixed_adaptive_debug_log_framing_037,mixed_traffic,fhe_filter,8.651693991851062,5.548123037442565,39.09722302341834,3.292894980404526,0.03977998858317733,,56.85860995436087
mixed_adaptive_debug_log_framing_038,mixed_traffic,fhe_filter,8.723802980966866,5.536424985621125,39.18931097723544,3.269751032348722,0.03616395406424999,,56.98154296260327
mixed_adaptive_debug_log_framing_039,mixed_traffic,fhe_filter,8.745034981984645,5.524006963241845,39.18051696382463,3.388448967598379,0.03670499427244067,,57.10142396856099
mixed_adaptive_debug_log_framing_040,mixed_traffic,fhe_filter,8.459194970782846,5.528352980036288,39.37703196424991,3.319575975183398,0.03823800943791866,,56.94770294940099
mixed_adaptive_debug_log_framing_041,mixed_traffic,fhe_filter,8.336771978065372,5.543756997212768,38.52636500960216,3.321728960145265,0.03626500256359577,,55.99066597642377
mixed_adaptive_debug_log_framing_042,mixed_traffic,fhe_filter,8.872847014572471,5.487782997079194,38.96548401098698,3.292094974312931,0.0387780019082129,,56.88344599911943
mixed_adaptive_debug_log_framing_043,mixed_traffic,fhe_filter,8.675229968503118,5.552409973461181,39.43734202766791,3.253517032135278,0.03606401151046157,,57.18273494858295
mixed_adaptive_debug_log_framing_044,mixed_traffic,fhe_filter,8.701209037099034,5.530637048650533,39.21480802819133,3.362380026374012,0.0360140111297369,,57.07112810341641
mixed_adaptive_debug_log_framing_045,mixed_traffic,fhe_filter,8.640607993584126,5.530656955670565,41.30352602805942,3.323301032651216,0.03850803477689624,,59.06728701665998
mixed_adaptive_debug_log_framing_046,mixed_traffic,fhe_filter,8.914109028410167,5.521602986846119,38.95642003044486,3.278975025750697,0.0359340338036418,,56.93232006160542
mixed_adaptive_debug_log_framing_047,mixed_traffic,fhe_filter,8.593417005613446,5.513751006219536,39.33303599478677,3.22371197398752,0.03869796637445688,,56.93023599451408
mixed_adaptive_debug_log_framing_048,mixed_traffic,fhe_filter,8.614627993665636,5.539088975638151,38.408376974985,3.248939989134669,0.03600399941205978,,56.07508099637926
mixed_adaptive_debug_log_framing_049,mixed_traffic,fhe_filter,8.928210008889437,5.514481978025287,39.00305100250989,3.306566970422864,0.03478198777884245,,57.01351095922291
mixed_adaptive_debug_log_framing_050,mixed_traffic,fhe_filter,8.988030022010207,5.539759993553162,38.91208296408877,3.330821986310184,0.03649503923952579,,57.03310208627954
mixed_adaptive_indirect_inference_001,mixed_traffic,fhe_filter,8.311193960253149,5.513441050425172,39.64389301836491,3.352564992383122,0.03742700209841132,,57.08384898025542
mixed_adaptive_indirect_inference_002,mixed_traffic,fhe_filter,8.600538014434278,5.531917966436595,38.91350701451302,3.34741803817451,0.03860803553834558,,56.66247406043112
mixed_adaptive_indirect_inference_003,mixed_traffic,fhe_filter,8.856221043970436,5.541643011383712,39.40193098969758,3.358624002430588,0.03888900391757488,,57.42287705652416
mixed_adaptive_indirect_inference_004,mixed_traffic,fhe_filter,8.799234987236559,5.523365980479866,39.10122800152749,3.448478993959725,0.03853801172226667,,57.13725602254272
mixed_adaptive_indirect_inference_005,mixed_traffic,fhe_filter,8.622319961432368,5.505890003405511,39.03996601002291,3.343552001751959,0.04079099744558334,,56.78625992732123
mixed_adaptive_indirect_inference_006,mixed_traffic,fhe_filter,9.060679003596306,5.540041020140052,38.70444197673351,3.322910983115435,0.04075100878253579,,56.89500400330871
mixed_adaptive_indirect_inference_007,mixed_traffic,fhe_filter,10.17237902851775,5.898238974623382,39.52549496898428,3.383371978998184,0.04057097248733044,,59.24751696875319
mixed_adaptive_indirect_inference_008,mixed_traffic,fhe_filter,8.556231041438878,5.575023009441793,38.74978999374434,3.235759970266372,0.04099204670637846,,56.3862100825645
mixed_adaptive_indirect_inference_009,mixed_traffic,fhe_filter,8.484523976221681,5.534812982659787,38.71518903179094,3.282439953181893,0.04049099516123533,,56.28318496746942
mixed_adaptive_indirect_inference_010,mixed_traffic,fhe_filter,8.634077967144549,5.574422015342861,39.35653204098344,3.304494020994753,0.03780605038627982,,57.13542399462312
mixed_adaptive_indirect_inference_011,mixed_traffic,fhe_filter,10.29964897315949,5.949504964519292,39.10605597775429,3.278604010120034,0.05538301775231957,,58.92147700069472
mixed_adaptive_indirect_inference_012,mixed_traffic,fhe_filter,10.40762104094028,5.902414966840297,39.55613099969923,3.356892033480108,0.04455697489902377,,59.49627002701163
mixed_adaptive_indirect_inference_013,mixed_traffic,fhe_filter,10.75795799260959,5.939922004472464,38.21896301815286,3.296992043033242,0.04909397102892399,,58.49303398281336
mixed_adaptive_indirect_inference_014,mixed_traffic,fhe_filter,8.926817972678691,5.553420982323587,38.95178303355351,3.329751023557037,0.04223402356728911,,57.03424301464111
mixed_adaptive_indirect_inference_015,mixed_traffic,fhe_filter,9.116611967328936,5.482034001033753,41.03831801330671,3.304022015072405,0.03498198930174112,,59.20774594414979
mixed_adaptive_indirect_inference_016,mixed_traffic,fhe_filter,9.002953011076897,5.578218027949333,38.74839801574126,3.264602972194552,0.03891898086294532,,56.85953196370974
mixed_adaptive_indirect_inference_017,mixed_traffic,fhe_filter,8.737592957913876,5.515313998330384,39.36470299959183,3.28641600208357,0.03980897599831223,,57.17229895526543
mixed_adaptive_indirect_inference_018,mixed_traffic,fhe_filter,8.53640103014186,5.523885949514806,39.30419299285859,3.29662102740258,0.03934901906177402,,56.92723102401942
mixed_adaptive_indirect_inference_019,mixed_traffic,fhe_filter,8.511163003277034,5.549235036596656,39.34938099700958,3.342400013934821,0.04042102955281734,,57.0214640465565
mixed_adaptive_indirect_inference_020,mixed_traffic,fhe_filter,9.114198968745768,5.488704016897827,38.66216802271083,3.423110989388078,0.04243297735229135,,56.96205294225365
mixed_adaptive_indirect_inference_021,mixed_traffic,fhe_filter,8.947077963966876,5.563395970966667,39.04077701736242,3.329130006022751,0.04083104431629181,,57.15143802808598
mixed_adaptive_indirect_inference_022,mixed_traffic,fhe_filter,8.746877952944487,5.549594992771745,39.13211403414607,3.347607969772071,0.04170194733887911,,57.04605986829847
mixed_adaptive_indirect_inference_023,mixed_traffic,fhe_filter,8.603252004832029,5.519530037418008,39.05189398210496,3.393506980501115,0.04056096076965332,,56.83651601430029
mixed_adaptive_indirect_inference_024,mixed_traffic,fhe_filter,8.741448982618749,5.540149984881282,39.23262603348121,3.487417998258024,0.04093098687008023,,57.27276898687705
mixed_adaptive_indirect_inference_025,mixed_traffic,fhe_filter,8.667708025313914,5.518148012924939,39.06963102053851,3.343602002132684,0.0393899972550571,,56.86532001709566
mixed_adaptive_indirect_inference_026,mixed_traffic,fhe_filter,8.754378999583423,5.513931973837316,39.24534399993718,3.292975947260857,0.04774203989654779,,57.0808740449138
mixed_adaptive_indirect_inference_027,mixed_traffic,fhe_filter,8.695130003616214,5.52668102318421,39.02172902598977,3.285243990831077,0.04110101144760847,,56.7970359697938
mixed_adaptive_indirect_inference_028,mixed_traffic,fhe_filter,9.031845023855567,5.506050016265363,39.14351097773761,3.354409011080861,0.03571296110749245,,57.29714594781399
mixed_adaptive_indirect_inference_029,mixed_traffic,fhe_filter,8.826717035844922,5.551287962589413,38.97902398603037,3.168439026921988,0.03625400131568313,,56.79051601327956
mixed_adaptive_indirect_inference_030,mixed_traffic,fhe_filter,8.748059975914657,5.521492974366993,39.33821298414841,3.344592987559736,0.03633502637967467,,57.21557600190863
mixed_adaptive_indirect_inference_031,mixed_traffic,fhe_filter,8.790794003289193,5.545239022467285,38.91266498249024,3.337392990943044,0.03838801058009267,,56.85113905929029
mixed_adaptive_indirect_inference_032,mixed_traffic,fhe_filter,8.967700006905943,5.541752034332603,39.07370701199397,3.411643963772804,0.03722601104527712,,57.25868901936337
mixed_adaptive_indirect_inference_033,mixed_traffic,fhe_filter,8.88222100911662,5.511296971235424,38.94934902200475,3.367107012309134,0.03697501961141825,,56.97452207095921
mixed_adaptive_indirect_inference_034,mixed_traffic,fhe_filter,9.052315959706903,5.514172022230923,38.6438500136137,3.199786006007344,0.03744702553376555,,56.67366099078208
mixed_adaptive_indirect_inference_035,mixed_traffic,fhe_filter,8.77376802964136,5.513841984793544,41.1593490280211,3.354738000780344,0.0412420486100018,,59.070912131574
mixed_adaptive_indirect_inference_036,mixed_traffic,fhe_filter,8.62688705092296,5.526238994207233,38.46210800111294,3.250762005336583,0.0362150021828711,,56.12761108204722
mixed_adaptive_indirect_inference_037,mixed_traffic,fhe_filter,9.13278799271211,5.539761041291058,38.81887398893014,3.342150012031198,0.03260897938162088,,57.0926409563981
mixed_adaptive_indirect_inference_038,mixed_traffic,fhe_filter,8.516461995895952,5.519499012734741,39.39403803087771,3.301379038020968,0.03625504905357957,,56.99389305664226
mixed_adaptive_indirect_inference_039,mixed_traffic,fhe_filter,8.417111996095628,5.567462008912116,39.47914601303637,3.385094052646309,0.03515300340950489,,57.1090150042437
mixed_adaptive_indirect_inference_040,mixed_traffic,fhe_filter,8.540456008631736,5.527892964892089,39.38465297687799,3.311152977403253,0.03790698247030377,,57.02990497229621
mixed_adaptive_indirect_inference_041,mixed_traffic,fhe_filter,8.510001003742218,5.532089038752019,38.33030996611342,3.3160510356538,0.0376559910364449,,55.95452000852674
mixed_adaptive_indirect_inference_042,mixed_traffic,fhe_filter,8.573927043471485,5.536584998480976,38.20873703807592,3.33484896691516,0.04008004907518625,,55.92040804913267
mixed_adaptive_indirect_inference_043,mixed_traffic,fhe_filter,9.338717034552246,5.512539995834231,38.69821300031617,3.259526041802019,0.03615400055423379,,57.07238003378734
mixed_adaptive_indirect_inference_044,mixed_traffic,fhe_filter,10.22382499650121,5.92407799558714,39.28434301633388,3.36713797878474,0.03930897219106555,,59.07046998618171
mixed_adaptive_indirect_inference_045,mixed_traffic,fhe_filter,8.878215041477233,5.459650012198836,38.96386199630797,3.184973960742354,0.03773701610043645,,56.75184901338071
mixed_adaptive_indirect_inference_046,mixed_traffic,fhe_filter,8.86652700137347,5.531587987206876,39.28682702826336,3.271354013122618,0.03793695941567421,,57.2211139369756
mixed_adaptive_indirect_inference_047,mixed_traffic,fhe_filter,8.571423997636884,5.527301982510835,39.36053800862283,3.244472027290612,0.03557302989065647,,56.96486704982817
mixed_adaptive_indirect_inference_048,mixed_traffic,fhe_filter,8.663902000989765,5.559500015806407,39.15556997526437,3.310553031042218,0.03692501923069358,,56.95305904373527
mixed_adaptive_indirect_inference_049,mixed_traffic,fhe_filter,8.448318985756487,5.541922990232706,39.31669204030186,3.305343969259411,0.03587402170524001,,56.87482201028615
mixed_adaptive_indirect_inference_050,mixed_traffic,fhe_filter,8.359444967936724,5.555594980251044,39.25251396140084,3.220918006263673,0.03793701762333512,,56.6493829828687
