{
  "encryption_ms": {
    "mean": 4.626118174443643,
    "p50": 4.600120504619554,
    "p95": 4.7142910363618284
  },
  "scoring_ms": {
    "mean": 26.877495172666386,
    "p50": 26.785882975673303,
    "p95": 27.95862701605074
  },
  "decryption_ms": {
    "mean": 2.772815663677951,
    "p50": 2.8043189959134907,
    "p95": 2.9447274981066585
  },
  "end_to_end_ms": {
    "mean": 34.54602042911574,
    "p50": 34.42192595684901,
    "p95": 35.76849048840813
  }
}
