{
  "encryption_ms": {
    "mean": 4.618329271906987,
    "p50": 4.597984516294673,
    "p95": 4.659081494901329
  },
  "scoring_ms": {
    "mean": 26.375866049396183,
    "p50": 26.312903995858505,
    "p95": 26.800647476920858
  },
  "decryption_ms": {
    "mean": 2.7031914414449907,
    "p50": 2.7034814993385226,
    "p95": 2.9887695010984316
  },
  "end_to_end_ms": {
    "mean": 33.92671366338618,
    "p50": 33.85270250146277,
    "p95": 34.5744574762648
  }
}
