row_id,eval_dataset,filter_mode,embedding_ms,encryption_ms,fhe_scoring_ms,decryption_ms,threshold_ms,io_ms,total_filter_ms
mixed_benign_operational_transaction_scoring_001,mixed_traffic,fhe_filter,14.3594000255689,5.750907002948225,40.18080397509038,3.164356981869787,0.04539801739156246,,63.73052002163604
mixed_benign_operational_transaction_scoring_002,mixed_traffic,fhe_filter,8.570005011279136,5.5856280378066,40.41237197816372,3.115643979981542,0.03845704486593604,,57.95180104905739
mixed_benign_operational_transaction_scoring_003,mixed_traffic,fhe_filter,8.802874013781548,5.570415989495814,38.52216695668176,3.529124020133168,0.03764696884900331,,56.69008893892169
mixed_benign_operational_transaction_scoring_004,mixed_traffic,fhe_filter,8.480371034238487,5.572889989707619,39.2318710219115,3.34238400682807,0.03977003507316113,,56.89535808051005
mixed_benign_operational_transaction_scoring_005,mixed_traffic,fhe_filter,8.486439997795969,5.421192036010325,39.33703899383545,3.508512978442013,0.04334497498348355,,57.02675395878032
mixed_benign_operational_transaction_scoring_006,mixed_traffic,fhe_filter,8.558336994610727,5.619389994535595,38.94344798754901,3.295723989140242,0.03955996362492442,,56.68476095888764
mixed_benign_operational_transaction_scoring_007,mixed_traffic,fhe_filter,8.879920991603285,5.527382018044591,40.05581699311733,3.445369016844779,0.04215299850329757,,58.18011402152479
mixed_benign_operational_transaction_scoring_008,mixed_traffic,fhe_filter,8.614833001047373,5.392569000832736,39.40239700023085,3.231268026866019,0.04136201459914446,,56.90994899487123
mixed_benign_operational_transaction_scoring_009,mixed_traffic,fhe_filter,8.5974260000512,5.372438987251371,38.62509102327749,2.950496040284634,0.04005996743217111,,55.81195198465139
mixed_benign_operational_transaction_scoring_010,mixed_traffic,fhe_filter,8.449925982858986,5.42021996807307,38.9023469761014,3.563004953321069,0.03526295768097043,,56.59960396587849
mixed_benign_operational_transaction_scoring_011,mixed_traffic,fhe_filter,8.941092994064093,5.350945983082056,38.79100998165086,3.442212997470051,0.03475201083347201,,56.78583303233609
mixed_benign_operational_transaction_scoring_012,mixed_traffic,fhe_filter,8.925929025281221,5.418367974925786,39.11464399425313,3.229734022170305,0.03421201836317778,,56.9529440253973
mixed_benign_operational_transaction_scoring_013,mixed_traffic,fhe_filter,8.387541980482638,5.380349990446121,39.4889370072633,3.258759039454162,0.03446196205914021,,56.7790629575029
mixed_benign_operational_transaction_scoring_014,mixed_traffic,fhe_filter,8.398438978474587,5.446209048386663,39.58558198064566,3.250906011089683,0.03406102769076824,,56.95103999460116
mixed_benign_operational_transaction_scoring_015,mixed_traffic,fhe_filter,8.120270969811827,5.532198993023485,39.10965699469671,3.488593036308885,0.0351119670085609,,56.51557695819065
mixed_benign_operational_transaction_scoring_016,mixed_traffic,fhe_filter,8.172469038981944,5.384877964388579,39.44392903940752,3.531256981659681,0.04545896081253886,,56.81171198375523
mixed_benign_operational_transaction_scoring_017,mixed_traffic,fhe_filter,10.08630101568997,5.675933964084834,39.37860100995749,3.431045974139124,0.04898401675745845,,58.85810201289132
mixed_benign_operational_transaction_scoring_018,mixed_traffic,fhe_filter,9.136836975812912,5.562603997532278,39.98049400979653,3.612689033616334,0.04848302341997623,,58.57403599657118
mixed_benign_operational_transaction_scoring_019,mixed_traffic,fhe_filter,10.19934000214562,5.757366947364062,39.16671202750877,3.58622899511829,0.0387780019082129,,58.97939403075725
mixed_benign_operational_transaction_scoring_020,mixed_traffic,fhe_filter,8.424908039160073,5.227591027505696,39.44405901711434,3.590065985918045,0.03599398769438267,,56.95201299386099
mixed_benign_operational_transaction_scoring_021,mixed_traffic,fhe_filter,8.813972002826631,5.322903976775706,38.92124502453953,3.404536982998252,0.03424100577831268,,56.73045996809378
mixed_benign_operational_transaction_scoring_022,mixed_traffic,fhe_filter,8.50853300653398,5.236644996330142,38.68465998675674,3.492088988423347,0.03420101711526513,,56.18619301822037
mixed_benign_operational_transaction_scoring_023,mixed_traffic,fhe_filter,8.269084035418928,5.411486956290901,38.60266698757187,3.776994999498129,0.0348920002579689,,56.32338800933212
mixed_benign_operational_transaction_scoring_024,mixed_traffic,fhe_filter,8.070065989159048,5.22715097758919,38.60820602858439,3.62511700950563,0.03360002301633358,,55.79176201717928
mixed_benign_operational_transaction_scoring_025,mixed_traffic,fhe_filter,8.242405019700527,5.236775032244623,38.75563701149076,3.459609986748546,0.03508297959342599,,55.95902301138267
mixed_benign_operational_transaction_scoring_026,mixed_traffic,fhe_filter,8.267322031315416,5.261403042823076,38.75931195216253,3.59032501000911,0.03414100501686335,,56.14442104706541
mixed_benign_operational_transaction_scoring_027,mixed_traffic,fhe_filter,8.38324602227658,5.232969997450709,38.90137403504923,3.255913965404034,0.03340002149343491,,56.03572801919654
mixed_benign_operational_transaction_scoring_028,mixed_traffic,fhe_filter,8.147542015649378,5.385819997172803,39.50215596705675,3.225717984605581,0.03387103788554668,,56.52201705379412
mixed_benign_operational_transaction_scoring_029,mixed_traffic,fhe_filter,8.386450004763901,5.404187017120421,39.58941699238494,3.257656993810087,0.0342510174959898,,56.90234707435593
mixed_benign_operational_transaction_scoring_030,mixed_traffic,fhe_filter,8.156034979037941,5.52412704564631,38.86203601723537,3.354352025780827,0.0325680011883378,,56.15534598473459
mixed_benign_operational_transaction_scoring_031,mixed_traffic,fhe_filter,9.997688001021743,5.921082978602499,39.52334797941148,3.220140002667904,0.03516295691952109,,58.92530299024656
mixed_benign_operational_transaction_scoring_032,mixed_traffic,fhe_filter,8.68540903320536,5.33570401603356,39.37420400325209,3.22506797965616,0.04030996933579445,,56.88960797851905
mixed_benign_operational_transaction_scoring_033,mixed_traffic,fhe_filter,8.284907962661237,5.555713025387377,38.90117397531867,3.313611028715968,0.04006997914984822,,56.32338795112446
mixed_benign_operational_transaction_scoring_034,mixed_traffic,fhe_filter,8.51226900704205,5.350916995666921,39.41422404022887,3.306148981209844,0.04046096000820398,,56.85968499165028
mixed_benign_operational_transaction_scoring_035,mixed_traffic,fhe_filter,8.351577969733626,5.544357001781464,38.75476500252262,3.230325994081795,0.03995001316070557,,56.15076998947188
mixed_benign_operational_transaction_scoring_036,mixed_traffic,fhe_filter,8.336245024111122,5.372630024794489,38.81223202915862,3.228372952435166,0.03180699422955513,,56.00861605489627
mixed_benign_operational_transaction_scoring_037,mixed_traffic,fhe_filter,8.619890024419874,5.403526010923088,38.61669800244272,3.291788976639509,0.03482197644189,,56.19593698065728
mixed_benign_operational_transaction_scoring_038,mixed_traffic,fhe_filter,8.456084004137665,5.330285988748074,38.69033802766353,3.319067996926606,0.03223796375095844,,56.05607700999826
mixed_benign_operational_transaction_scoring_039,mixed_traffic,fhe_filter,8.328053052537143,5.289885040838271,38.64733298541978,3.235272946767509,0.03378995461389422,,55.76285801362246
mixed_benign_operational_transaction_scoring_040,mixed_traffic,fhe_filter,8.25471302960068,5.328894010744989,38.83063903776929,3.43954999698326,0.03371003549546003,,56.11690902151167
mixed_benign_operational_transaction_scoring_041,mixed_traffic,fhe_filter,8.920470951125026,5.409814999438822,41.10043402761221,3.258378012105823,0.03505201311782002,,58.95119998604059
mixed_benign_operational_transaction_scoring_042,mixed_traffic,fhe_filter,8.580482040997595,5.334382003638893,38.53320295456797,3.367381985299289,0.03341003321111202,,56.15311407018453
mixed_benign_operational_transaction_scoring_043,mixed_traffic,fhe_filter,8.485397964250296,5.318287992849946,38.56770397396758,3.252018010243773,0.03380002453923225,,55.88577099842951
mixed_benign_operational_transaction_scoring_044,mixed_traffic,fhe_filter,8.454202034045011,5.369524995330721,38.68156496901065,3.49444302264601,0.03498297883197665,,56.26545299310237
mixed_benign_operational_transaction_scoring_045,mixed_traffic,fhe_filter,8.265347976703197,5.525950051378459,38.41435501817614,3.327240003272891,0.03302900586277246,,55.79811095958576
mixed_benign_operational_transaction_scoring_046,mixed_traffic,fhe_filter,8.197868010029197,5.287821986712515,39.02831597952172,3.408604010473937,0.0343819847330451,,56.18809798033908
mixed_benign_operational_transaction_scoring_047,mixed_traffic,fhe_filter,8.205407997593284,5.561822967138141,38.53437502402812,3.289304033387452,0.03522197948768735,,55.85413402877748
mixed_benign_operational_transaction_scoring_048,mixed_traffic,fhe_filter,8.454352035187185,5.28626999584958,38.62260701134801,3.313400957267731,0.03126700175926089,,55.93377503100783
mixed_benign_operational_transaction_scoring_049,mixed_traffic,fhe_filter,8.303625974804163,5.356424022465944,38.91870100051165,3.29427100950852,0.03388099139556289,,56.13301397534087
mixed_benign_operational_transaction_scoring_050,mixed_traffic,fhe_filter,8.235434012021869,5.360300012398511,38.81397395161912,3.302405006252229,0.03496196586638689,,55.97468599444255
mixed_benign_operational_transaction_scoring_051,mixed_traffic,fhe_filter,9.015274001285434,5.428783013485372,39.15838099783286,3.339849994517863,0.03444199683144689,,57.20571300480515
mixed_benign_operational_transaction_scoring_052,mixed_traffic,fhe_filter,8.589103992562741,5.380501970648766,39.31835998082533,3.263345977757126,0.0343119609169662,,56.81537697091699
mixed_benign_operational_transaction_scoring_053,mixed_traffic,fhe_filter,8.183346013538539,5.370514991227537,38.93191099632531,3.336515976116061,0.03393000224605203,,56.08513101469725
mixed_benign_operational_transaction_scoring_054,mixed_traffic,fhe_filter,8.392660005483776,5.343415017705411,39.54756399616599,3.234611998777837,0.03885803744196892,,56.78089504363015
mixed_benign_operational_transaction_scoring_055,mixed_traffic,fhe_filter,8.415935037191957,5.183786037378013,39.02839502552524,3.270056040491909,0.04447699757292867,,56.1728440807201
mixed_benign_operational_transaction_scoring_056,mixed_traffic,fhe_filter,8.336656028404832,5.212899995967746,38.94405899336562,3.224697022233158,0.04904397064819932,,55.99542800337076
mixed_benign_operational_transaction_scoring_057,mixed_traffic,fhe_filter,8.47518298542127,5.350706982426345,38.66603097412735,3.254813025705516,0.03584299702197313,,56.01836100686342
mixed_benign_operational_transaction_scoring_058,mixed_traffic,fhe_filter,8.370937022846192,5.364085955079645,38.78911701031029,3.276504983659834,0.04142301622778177,,56.0757780331187
mixed_benign_operational_transaction_scoring_059,mixed_traffic,fhe_filter,8.419759979005903,5.35658496664837,38.63044898025692,3.269435022957623,0.03591401036828756,,55.93978398246691
mixed_benign_operational_transaction_scoring_060,mixed_traffic,fhe_filter,8.367012022063136,5.342082993593067,38.76044403295964,3.316494985483587,0.03800698323175311,,56.05220299912617
mixed_benign_operational_transaction_scoring_061,mixed_traffic,fhe_filter,8.748484018724412,5.406820971984416,41.32979799760506,3.290936001576483,0.03899895818904042,,59.04411198571324
mixed_benign_operational_transaction_scoring_062,mixed_traffic,fhe_filter,8.70706100249663,5.36946504143998,39.25050795078278,3.274060960393399,0.03529299283400178,,56.86322902329266
mixed_benign_operational_transaction_scoring_063,mixed_traffic,fhe_filter,8.360170992091298,5.348221980966628,38.83059899089858,3.341842966619879,0.03735598875209689,,56.14659300772473
mixed_benign_operational_transaction_scoring_064,mixed_traffic,fhe_filter,8.34414700511843,5.166631017345935,38.75954198883846,3.310797037556767,0.02893398050218821,,55.83936499897391
mixed_benign_operational_transaction_scoring_065,mixed_traffic,fhe_filter,8.113180985674262,5.266719963401556,38.38304796954617,3.537916985806078,0.03276899224147201,,55.56656396947801
mixed_benign_operational_transaction_scoring_066,mixed_traffic,fhe_filter,7.993641018401831,5.219640035647899,38.86861598584801,3.274041984695941,0.03687501884996891,,55.61942304484546
mixed_benign_operational_transaction_scoring_067,mixed_traffic,fhe_filter,8.484087011311203,5.390105012338609,38.61156100174412,3.321182040963322,0.03495300188660622,,56.06901698047295
mixed_benign_operational_transaction_scoring_068,mixed_traffic,fhe_filter,8.180542034097016,5.181082000490278,39.12100399611518,3.304778016172349,0.03503297921270132,,56.05793202994391
mixed_benign_operational_transaction_scoring_069,mixed_traffic,fhe_filter,8.469816006254405,5.383175041060895,38.62499998649582,3.362493996974081,0.0389789929613471,,56.10722600249574
mixed_benign_operational_transaction_scoring_070,mixed_traffic,fhe_filter,8.393721014726907,5.339579016435891,38.618829974439,3.311087028123438,0.03783701686188579,,55.92941900249571
mixed_benign_routing_followup_001,mixed_traffic,fhe_filter,8.342724991962314,5.474150995723903,38.67277299286798,3.307941951788962,0.03822799772024155,,56.06381001416594
mixed_benign_routing_followup_002,mixed_traffic,fhe_filter,8.354040968697518,5.332079017534852,38.79002801841125,3.341963980346918,0.03679504152387381,,56.08273699181154
mixed_benign_routing_followup_003,mixed_traffic,fhe_filter,8.326020033564419,5.337015027180314,38.72977802529931,3.397325985133648,0.03807700704783201,,56.05750007089227
mixed_benign_routing_followup_004,mixed_traffic,fhe_filter,8.187812985852361,5.362283962313086,38.56990701751783,3.326270030811429,0.03612402360886335,,55.70993898436427
mixed_benign_routing_followup_005,mixed_traffic,fhe_filter,8.152258989866823,5.239389021880925,38.90536102699116,3.308182000182569,0.03625400131568313,,55.86956697516143
mixed_benign_routing_followup_006,mixed_traffic,fhe_filter,8.332840050570667,5.506930989213288,38.87575602857396,3.339309012517333,0.03636500332504511,,56.31810205522925
mixed_benign_routing_followup_007,mixed_traffic,fhe_filter,8.495083020534366,5.358317052014172,38.93115004757419,3.343454969581217,0.03512197872623801,,56.39183998573571
mixed_benign_routing_followup_008,mixed_traffic,fhe_filter,8.148212975356728,5.360370967537165,39.48881605174392,3.333820961415768,0.0342319835908711,,56.60166795132682
mixed_benign_routing_followup_009,mixed_traffic,fhe_filter,8.3026840002276,5.353469983674586,38.87919202679768,3.449464973527938,0.03776600351557136,,56.25188100384548
mixed_benign_routing_followup_010,mixed_traffic,fhe_filter,8.212639018893242,5.190595984458923,38.90815505292267,3.216996032278985,0.03651401493698359,,55.793704057578
mixed_benign_routing_followup_011,mixed_traffic,fhe_filter,8.558588975574821,5.371397011913359,40.70847597904503,3.332139051053673,0.03780599217861891,,58.23716998565942
mixed_benign_routing_followup_012,mixed_traffic,fhe_filter,8.363525965251029,5.337676964700222,38.57045900076628,3.283075056970119,0.03673502942547202,,55.82397995749488
mixed_benign_routing_followup_013,mixed_traffic,fhe_filter,10.14569896506146,5.783295957371593,39.34802499134094,3.35406104568392,0.0373560469597578,,58.89611801831052
mixed_benign_routing_followup_014,mixed_traffic,fhe_filter,8.328103052917868,5.358467984478921,38.8686649966985,3.340651979669929,0.03882800228893757,,56.16620404180139
mixed_benign_routing_followup_015,mixed_traffic,fhe_filter,8.315113023854792,5.176264967303723,38.94739400129765,3.001842007506639,0.04119204822927713,,55.71022909134626
mixed_benign_routing_followup_016,mixed_traffic,fhe_filter,8.468082989566028,5.375653970986605,38.90133497770876,3.358458983711898,0.03676500637084246,,56.36799696367234
mixed_benign_routing_followup_017,mixed_traffic,fhe_filter,8.562924980651587,5.379198992159218,38.4386710356921,3.359880007337779,0.04012999124825001,,56.00947793573141
mixed_benign_routing_followup_018,mixed_traffic,fhe_filter,8.476425020489842,5.341843003407121,38.61225099535659,3.354161977767944,0.03851804649457335,,56.05199205456302
mixed_benign_routing_followup_019,mixed_traffic,fhe_filter,9.783594985492527,5.799909995403141,38.89485500985757,3.361621988005936,0.03639498027041554,,58.10504092369229
mixed_benign_routing_followup_020,mixed_traffic,fhe_filter,8.437996963039041,5.301121971569955,39.42012297920883,3.305268008261919,0.03298901719972491,,56.7233880283311
mixed_benign_routing_followup_021,mixed_traffic,fhe_filter,8.21123702917248,5.341281997971237,38.93676801817492,3.365489013958722,0.03681494854390621,,56.11893197055906
mixed_benign_routing_followup_022,mixed_traffic,fhe_filter,8.458468946628273,5.346069985534996,38.65430399309844,3.412689024116844,0.03655499313026667,,56.13680998794734
mixed_benign_routing_followup_023,mixed_traffic,fhe_filter,8.321563014760613,5.315102986060083,38.60908700153232,3.311386972200125,0.036846031434834,,55.82245805999264
mixed_benign_routing_followup_024,mixed_traffic,fhe_filter,8.222343982197344,5.237115954514593,39.04218703974038,3.311648033559322,0.03645499236881733,,56.07727001188323
mixed_benign_routing_followup_025,mixed_traffic,fhe_filter,8.319490007124841,5.36954402923584,38.84062403813004,3.330696024931967,0.0382679863832891,,56.12665397347882
mixed_benign_routing_followup_026,mixed_traffic,fhe_filter,8.805499004665762,5.337517010048032,39.14119396358728,3.356025030370802,0.03984000068157911,,56.91335402661934
mixed_benign_routing_followup_027,mixed_traffic,fhe_filter,8.491398009937257,5.373070016503334,38.70586201082915,3.377597022335976,0.03986997762694955,,56.21603800682351
mixed_benign_routing_followup_028,mixed_traffic,fhe_filter,8.294522005598992,5.335713969543576,38.45491498941556,3.36697103921324,0.03967899829149246,,55.71869103005156
mixed_benign_routing_followup_029,mixed_traffic,fhe_filter,8.40180303202942,5.209613998886198,38.66883699083701,3.337446018122137,0.03809697227552533,,55.88328797603026
mixed_benign_routing_followup_030,mixed_traffic,fhe_filter,8.088263042736799,5.23753697052598,38.43538498040289,3.325128986034542,0.03791699418798089,,55.35253306152299
mixed_benign_routing_followup_031,mixed_traffic,fhe_filter,8.383545966353267,5.375773005653173,40.68761499365792,3.369473968632519,0.03759597893804312,,58.08183696353808
mixed_benign_routing_followup_032,mixed_traffic,fhe_filter,8.570486039388925,5.351308034732938,39.41715799737722,3.371588012669235,0.03554398426786065,,56.97497702203691
mixed_benign_routing_followup_033,mixed_traffic,fhe_filter,8.392088988330215,5.326230020727962,39.43886095657945,3.384667972568423,0.03737601218745112,,56.80688499705866
mixed_benign_routing_followup_034,mixed_traffic,fhe_filter,8.406229026149958,5.36746100988239,38.83819002658129,3.400331013835967,0.03761699190363288,,56.27694999566302
mixed_benign_routing_followup_035,mixed_traffic,fhe_filter,8.571668004151434,5.206450005061924,38.67766901385039,3.401012043468654,0.03804703010246158,,56.12281907815486
mixed_benign_routing_followup_036,mixed_traffic,fhe_filter,8.375453995540738,5.378788977395743,38.66572200786322,3.368092002347112,0.03172701690346003,,56.04742502328008
mixed_benign_routing_followup_037,mixed_traffic,fhe_filter,8.128344023134559,5.352167994715273,38.73282199492678,3.397266962565482,0.03171700518578291,,55.87169202044606
mixed_benign_routing_followup_038,mixed_traffic,fhe_filter,8.222503995057195,5.369215039536357,38.75791002064943,3.418979002162814,0.03422098234295845,,56.03139096638188
mixed_benign_routing_followup_039,mixed_traffic,fhe_filter,8.275154046714306,5.342935037333518,38.6189809651114,3.493571013677865,0.03163696965202689,,55.98876799922436
mixed_benign_routing_followup_040,mixed_traffic,fhe_filter,8.149955014232546,5.217467027250677,38.87925203889608,3.442634013481438,0.03397103864699602,,55.95142004312947
mixed_benign_routing_followup_041,mixed_traffic,fhe_filter,8.474412024952471,5.353740998543799,39.45819096406922,3.45163798192516,0.03612396540120244,,57.00938799418509
mixed_benign_routing_followup_042,mixed_traffic,fhe_filter,8.366029011085629,5.343585973605514,39.56246702000499,3.419879998546094,0.03491202369332314,,56.95571703836322
mixed_benign_routing_followup_043,mixed_traffic,fhe_filter,8.07358103338629,5.191128002479672,39.25430402159691,3.433169971685857,0.03516295691952109,,56.21583800530061
mixed_benign_routing_followup_044,mixed_traffic,fhe_filter,8.63600498996675,5.383055016864091,39.3054109881632,3.358027024660259,0.03327999729663134,,56.95101100718603
mixed_benign_routing_followup_045,mixed_traffic,fhe_filter,8.356375969015062,5.329154024366289,38.73088903492317,3.393591032363474,0.03345002187415957,,56.07393599348143
mixed_benign_routing_followup_046,mixed_traffic,fhe_filter,8.341934008058161,5.355223023798317,38.66729402216151,3.370505000930279,0.03340002149343491,,55.99950405303389
mixed_benign_routing_followup_047,mixed_traffic,fhe_filter,8.329394971951842,5.349684972316027,38.76629198202863,3.405608993489295,0.03359001129865646,,56.11385498195887
mixed_benign_routing_followup_048,mixed_traffic,fhe_filter,8.241412986535579,5.214121018070728,38.77575701335445,3.358447982463986,0.03326003206893802,,55.85166101809591
mixed_benign_routing_followup_049,mixed_traffic,fhe_filter,8.134643023367971,5.183185043279082,39.1225169878453,3.403625974897295,0.03311899490654469,,56.10451102256775
mixed_benign_routing_followup_050,mixed_traffic,fhe_filter,9.483125002589077,5.710846977308393,39.14068400627002,3.475904988590628,0.03467203350737691,,58.07318404549733
mixed_benign_routing_followup_051,mixed_traffic,fhe_filter,8.294962986838073,5.362353986129165,41.32368898717687,3.482373955193907,0.03468198701739311,,58.72564198216423
mixed_benign_routing_followup_052,mixed_traffic,fhe_filter,8.974192023742944,5.34583895932883,39.14764395449311,3.550706023816019,0.03881799057126045,,57.28260800242424
mixed_benign_routing_followup_053,mixed_traffic,fhe_filter,8.407411980442703,5.34895301098004,39.09858100814745,3.368953010067344,0.04142196848988533,,56.49388395249844
mixed_benign_routing_followup_054,mixed_traffic,fhe_filter,8.46296496456489,5.371698003727943,39.029797015246,3.394352970644832,0.0439459690824151,,56.53849191730842
mixed_benign_routing_followup_055,mixed_traffic,fhe_filter,8.370916999410838,5.377825989853591,38.36040396708995,3.515322983730584,0.05008600419387221,,55.9026490082033
mixed_benign_routing_followup_056,mixed_traffic,fhe_filter,9.970094950404018,5.787411995697767,39.58414902444929,3.496374993119389,0.04209298640489578,,59.10949793178588
mixed_benign_routing_followup_057,mixed_traffic,fhe_filter,8.515423978678882,5.333811044692993,39.43901101592928,3.414271981455386,0.041102000977844,,56.97955493815243
mixed_benign_routing_followup_058,mixed_traffic,fhe_filter,8.342573011759669,5.406190000940114,38.47473603673279,3.387321019545197,0.04215299850329757,,55.88810500921682
mixed_benign_routing_followup_059,mixed_traffic,fhe_filter,8.317345986142755,5.365068034734577,38.81353297038004,3.53080703644082,0.043154985178262,,56.30121595459059
mixed_benign_routing_followup_060,mixed_traffic,fhe_filter,8.459258999209851,5.374962987843901,38.43827999662608,3.417005995288491,0.04038098268210888,,55.96009397413582
mixed_benign_routing_followup_061,mixed_traffic,fhe_filter,8.320751017890871,5.431047000456601,38.51259202929214,3.415774961467832,0.04128197906538844,,55.95055903540924
mixed_benign_routing_followup_062,mixed_traffic,fhe_filter,8.596305036917329,5.352078005671501,39.17654801625758,3.53797699790448,0.04091201117262244,,56.93374504335225
mixed_benign_routing_followup_063,mixed_traffic,fhe_filter,8.447883010376245,5.386941018514335,39.33195001445711,3.414612030610442,0.04213297506794333,,56.85264302883297
mixed_benign_routing_followup_064,mixed_traffic,fhe_filter,8.530175953637809,5.323635006789118,39.0267429756932,3.477987018413842,0.04115101182833314,,56.62503093481064
mixed_benign_routing_followup_065,mixed_traffic,fhe_filter,8.323436020873487,5.336934991646558,39.31798902340233,3.373249957803637,0.04282500594854355,,56.62333103828132
mixed_benign_routing_followup_066,mixed_traffic,fhe_filter,8.67834803648293,5.399139015935361,38.47018798114732,3.395523002836853,0.04067103145644069,,56.21930310735479
mixed_benign_routing_followup_067,mixed_traffic,fhe_filter,8.452670008409768,5.194231984205544,38.39009802322835,3.339188988320529,0.03814697265625,,55.64303899882361
mixed_benign_routing_followup_068,mixed_traffic,fhe_filter,8.451686997432262,5.169615033082664,38.90309802955016,3.459008003119379,0.03981898771598935,,56.25803995644674
mixed_benign_routing_followup_069,mixed_traffic,fhe_filter,8.242864976637065,5.368203041143715,38.60919602448121,3.477616992313415,0.03327004378661513,,55.96032500034198
mixed_benign_routing_followup_070,mixed_traffic,fhe_filter,8.305397990625352,5.198168044444174,38.8515800004825,3.47777601564303,0.03350002225488424,,56.09477497637272
mixed_benign_risk_factor_summary_001,mixed_traffic,fhe_filter,8.499299001414329,5.348834034521133,40.90390901546925,3.468442999292165,0.03388099139556289,,58.48122498719022
mixed_benign_risk_factor_summary_002,mixed_traffic,fhe_filter,8.210706000681967,5.326109007000923,39.29204097948968,3.490836010314524,0.034082040656358,,56.581926997751
mixed_benign_risk_factor_summary_003,mixed_traffic,fhe_filter,9.884107043035328,5.718158034142107,39.53509504208341,3.37625399697572,0.03578397445380688,,58.77723998855799
mixed_benign_risk_factor_summary_004,mixed_traffic,fhe_filter,8.829655009321868,5.308553052600473,39.26458000205457,3.502043953631073,0.03486196510493755,,57.16732499422505
mixed_benign_risk_factor_summary_005,mixed_traffic,fhe_filter,8.310845994856209,5.174712976440787,38.80377800669521,3.459658997599036,0.03408099291846156,,56.00959702860564
mixed_benign_risk_factor_summary_006,mixed_traffic,fhe_filter,9.697897010482848,5.596916016656905,39.00943696498871,3.395995008759201,0.03435200778767467,,57.9598739859648
mixed_benign_risk_factor_summary_007,mixed_traffic,fhe_filter,8.199258998502046,5.245587963145226,38.96545094903558,3.4442960168235,0.03450195072218776,,56.11787096131593
mixed_benign_risk_factor_summary_008,mixed_traffic,fhe_filter,8.299751032609493,5.147051007952541,38.79689797759056,3.476275014691055,0.03440096043050289,,55.98323896992952
mixed_benign_risk_factor_summary_009,mixed_traffic,fhe_filter,8.213781053200364,5.24199299979955,39.79990299558267,3.479849954601377,0.03573298454284668,,56.99995305621997
mixed_benign_risk_factor_summary_010,mixed_traffic,fhe_filter,8.432568982243538,5.281060992274433,39.52052397653461,3.47627600422129,0.03398099215701222,,56.97863199748099
mixed_benign_risk_factor_summary_011,mixed_traffic,fhe_filter,8.62443697405979,5.308202002197504,38.45867101335898,3.405398048926145,0.03386999014765024,,56.05825991369784
mixed_benign_risk_factor_summary_012,mixed_traffic,fhe_filter,8.352970005944371,5.282784986775368,38.73874101554975,3.376254986505955,0.03302999539300799,,56.0126340133138
mixed_benign_risk_factor_summary_013,mixed_traffic,fhe_filter,8.346941031049937,5.183196044526994,38.8748649857007,3.656785993371159,0.03694603219628334,,56.3314420869574
mixed_benign_risk_factor_summary_014,mixed_traffic,fhe_filter,8.197546994779259,5.389525031205267,38.91599702183157,3.327211015857756,0.03369100159034133,,56.08910799492151
mixed_benign_risk_factor_summary_015,mixed_traffic,fhe_filter,8.326110022608191,5.226589972153306,38.38942700531334,3.346519020851701,0.03248895518481731,,55.5510509875603
mixed_benign_risk_factor_summary_016,mixed_traffic,fhe_filter,8.481723023578525,5.182053020689636,38.67041895864531,3.462222986854613,0.0370949856005609,,56.06355803320184
mixed_benign_risk_factor_summary_017,mixed_traffic,fhe_filter,8.378950005862862,5.115984007716179,38.69184001814574,3.116224019322544,0.03311899490654469,,55.56263803737238
mixed_benign_risk_factor_summary_018,mixed_traffic,fhe_filter,8.263937023002654,5.341231997590512,38.60623197397217,3.085898002609611,0.03620499046519399,,55.56255899136886
mixed_benign_risk_factor_summary_019,mixed_traffic,fhe_filter,8.656575984787196,5.28575899079442,38.91544503858313,3.5370760015212,0.03859796561300755,,56.66256893891841
mixed_benign_risk_factor_summary_020,mixed_traffic,fhe_filter,8.915954967960715,5.371687992010266,39.35576602816582,3.416775027289987,0.03367004683241248,,57.32024501776323
mixed_benign_risk_factor_summary_021,mixed_traffic,fhe_filter,8.549665042664856,5.301903001964092,41.75277199828997,3.327482030726969,0.03695598570629954,,59.19740104582161
mixed_benign_risk_factor_summary_022,mixed_traffic,fhe_filter,8.515222987625748,5.406390002463013,39.34660198865458,3.432839002925903,0.03505201311782002,,56.96388898650184
mixed_benign_risk_factor_summary_023,mixed_traffic,fhe_filter,8.145398984197527,5.123214970808476,39.0498680062592,3.408182004932314,0.03475201083347201,,55.99243298638612
mixed_benign_risk_factor_summary_024,mixed_traffic,fhe_filter,8.13912000739947,5.241292994469404,38.90046203741804,3.494332020636648,0.03428198397159576,,56.03772198082879
mixed_benign_risk_factor_summary_025,mixed_traffic,fhe_filter,8.171877998393029,5.164146015886217,38.92945597181097,3.493679978419095,0.03237900091335177,,56.01876199943945
mixed_benign_risk_factor_summary_026,mixed_traffic,fhe_filter,8.276505977846682,5.256533971987665,39.31458399165422,3.433389996644109,0.03793701762333512,,56.5458339988254
mixed_benign_risk_factor_summary_027,mixed_traffic,fhe_filter,8.405998989474028,5.138838954735547,39.05423398828134,3.513580944854766,0.03192800795659423,,56.3703789957799
mixed_benign_risk_factor_summary_028,mixed_traffic,fhe_filter,8.235984016209841,5.168302974198014,38.87433395721018,3.46614996669814,0.03864796599373221,,56.0114310355857
mixed_benign_risk_factor_summary_029,mixed_traffic,fhe_filter,8.376845042221248,5.125610041432083,38.76378899440169,3.366640012245625,0.03602402284741402,,55.89779006550089
mixed_benign_risk_factor_summary_030,mixed_traffic,fhe_filter,8.512609987519681,5.292349029332399,38.68121397681534,3.488052054308355,0.04274497041478753,,56.24662397895008
mixed_benign_risk_factor_summary_031,mixed_traffic,fhe_filter,8.456325042061508,5.345849029254168,38.44762500375509,3.485838999040425,0.03643502714112401,,56.00634403526783
mixed_benign_risk_factor_summary_032,mixed_traffic,fhe_filter,8.257988025434315,5.403134971857071,38.63113903207704,3.17692500539124,0.03780698170885444,,55.73421600274742
mixed_benign_risk_factor_summary_033,mixed_traffic,fhe_filter,8.260952949058264,5.281804013065994,38.96611096570268,3.406991017982364,0.03832695074379444,,56.19712988846004
mixed_benign_risk_factor_summary_034,mixed_traffic,fhe_filter,9.613900969270617,5.639137991238385,39.06787402229384,3.403025039006025,0.03533298149704933,,57.98612296348438
mixed_benign_risk_factor_summary_035,mixed_traffic,fhe_filter,8.421963022556156,5.387542012613267,39.56375794950873,3.512879018671811,0.04019000334665179,,57.15486605186015
mixed_benign_risk_factor_summary_036,mixed_traffic,fhe_filter,8.296204963698983,5.241913022473454,39.57046900177374,3.394622006453574,0.0408309861086309,,56.77552596898749
mixed_benign_risk_factor_summary_037,mixed_traffic,fhe_filter,8.231298008468002,5.225769011303782,39.05536601087078,3.402424044907093,0.04011997953057289,,56.18152697570622
mixed_benign_risk_factor_summary_038,mixed_traffic,fhe_filter,8.212959975935519,5.279429024085402,38.74083398841321,3.56788095086813,0.03666494740173221,,56.06566194910556
mixed_benign_risk_factor_summary_039,mixed_traffic,fhe_filter,8.266581047791988,5.374471948016435,38.68987702298909,3.446491027716547,0.03920897142961621,,56.04606406996027
mixed_benign_risk_factor_summary_040,mixed_traffic,fhe_filter,8.394272008445114,5.396745051257312,39.42666295915842,3.549864981323481,0.03327999729663134,,57.02745501184836
mixed_benign_risk_factor_summary_041,mixed_traffic,fhe_filter,10.01408201409504,5.803886975627393,38.46722398884594,3.398678032681346,0.03136700252071023,,57.94155702460557
mixed_benign_risk_factor_summary_042,mixed_traffic,fhe_filter,8.289495017379522,5.314272013492882,38.58815500279889,3.393781022168696,0.03983004717156291,,55.85423606680706
mixed_benign_risk_factor_summary_043,mixed_traffic,fhe_filter,8.334702986758202,5.173792014829814,38.87784900143743,3.298577037639916,0.03967003431171179,,55.9520130045712
mixed_benign_risk_factor_summary_044,mixed_traffic,fhe_filter,8.226890990044922,5.19016501493752,39.03098002774641,3.382624010555446,0.03621401265263557,,56.09998299041763
mixed_benign_risk_factor_summary_045,mixed_traffic,fhe_filter,8.262133982498199,5.176445993129164,39.02466903673485,3.529004985466599,0.03200798528268933,,56.25213292660192
mixed_benign_risk_factor_summary_046,mixed_traffic,fhe_filter,8.283965988084674,5.166790040675551,38.72162499465048,3.414031001739204,0.033549964427948,,55.84801395889372
mixed_benign_risk_factor_summary_047,mixed_traffic,fhe_filter,8.196224982384592,5.17689500702545,39.03279197402298,3.501633007545024,0.03304000711068511,,56.16843700408936
mixed_benign_risk_factor_summary_048,mixed_traffic,fhe_filter,8.160159981343895,5.172298988327384,38.96081499988213,3.558448050171137,0.03511295653879642,,56.11706990748644
mixed_benign_risk_factor_summary_049,mixed_traffic,fhe_filter,8.383937005419284,5.315062997397035,38.64709299523383,3.420971042942256,0.035382981877774,,56.02905800333247
mixed_benign_risk_factor_summary_050,mixed_traffic,fhe_filter,8.289354969747365,5.357487010769546,38.63051900407299,3.497775993309915,0.03832799848169088,,56.0398549423553
mixed_benign_risk_factor_summary_051,mixed_traffic,fhe_filter,9.976315021049231,5.810024973470718,39.27543596364558,3.187892027199268,0.0342510174959898,,58.51043906295672
mixed_benign_risk_factor_summary_052,mixed_traffic,fhe_filter,8.541150949895382,5.138028005603701,38.92927704146132,3.569785039871931,0.03381003625690937,,56.43745901761577
mixed_benign_risk_factor_summary_053,mixed_traffic,fhe_filter,8.238498005084693,5.150326003786176,38.77089900197461,3.432338999118656,0.03874796675518155,,55.85910292575136
mixed_benign_risk_factor_summary_054,mixed_traffic,fhe_filter,8.34984501125291,5.174192017875612,38.79104001680389,3.396154032088816,0.03688503056764603,,55.97599706379697
mixed_benign_risk_factor_summary_055,mixed_traffic,fhe_filter,8.491818036418408,5.371907958760858,38.44076400855556,3.361302020493895,0.04007003735750914,,55.93531508930027
mixed_benign_risk_factor_summary_056,mixed_traffic,fhe_filter,8.382755040656775,5.16639999113977,38.97195000899956,3.172429045662284,0.04793202970176935,,55.97086105262861
mixed_benign_risk_factor_summary_057,mixed_traffic,fhe_filter,8.643615990877151,5.162935005500913,38.64499001065269,3.37532302364707,0.03851798828691244,,56.09915195964277
mixed_benign_risk_factor_summary_058,mixed_traffic,fhe_filter,8.261292998213321,5.170446005649865,38.92656299285591,3.361453011166304,0.03749603638425469,,55.99403602536768
mixed_benign_risk_factor_summary_059,mixed_traffic,fhe_filter,8.50492698373273,5.198437953367829,38.72657299507409,3.235053038224578,0.03935897257179022,,55.93760893680155
mixed_benign_risk_factor_summary_060,mixed_traffic,fhe_filter,8.476745977532119,5.248322966508567,38.78860600525513,3.197646990884095,0.04122196696698666,,55.98274891963229
mixed_benign_risk_factor_summary_061,mixed_traffic,fhe_filter,8.392309013288468,5.169956013560295,38.93165098270401,3.168892988469452,0.03854802343994379,,55.93006900744513
mixed_benign_risk_factor_summary_062,mixed_traffic,fhe_filter,8.450926980003715,5.177696002647281,40.97345401532948,3.379429981578141,0.03943894989788532,,58.25101997470483
mixed_benign_risk_factor_summary_063,mixed_traffic,fhe_filter,8.406120003201067,5.23972901282832,38.7301379814744,3.198958002030849,0.038338010199368,,55.83882302744314
mixed_benign_risk_factor_summary_064,mixed_traffic,fhe_filter,8.401091967243701,5.354991997592151,40.34834599588066,3.135734994430095,0.04864297807216644,,57.52752599073574
mixed_benign_risk_factor_summary_065,mixed_traffic,fhe_filter,10.03137801308185,5.774422024842352,39.0922210062854,3.336113994009793,0.03656500484794378,,58.49986401153728
mixed_benign_risk_factor_summary_066,mixed_traffic,fhe_filter,9.478978987317532,5.614262016024441,38.4307189960964,3.226070024538785,0.04084099782630801,,57.01918201521039
mixed_benign_risk_factor_summary_067,mixed_traffic,fhe_filter,8.374422031920403,5.228171998169273,38.89849100960419,3.203585976734757,0.03883900353685021,,55.97207200480625
mixed_benign_risk_factor_summary_068,mixed_traffic,fhe_filter,8.09567398391664,5.234641954302788,39.14963698480278,3.192238975316286,0.03786699380725622,,55.93399598728865
mixed_benign_risk_factor_summary_069,mixed_traffic,fhe_filter,8.298136992380023,5.198939004912972,39.24090397777036,3.209014015737921,0.03960001049563289,,56.25520698959008
mixed_benign_risk_factor_summary_070,mixed_traffic,fhe_filter,8.424868050497025,5.194931989535689,38.78732398152351,3.317827009595931,0.03895902773365378,,56.00296909688041
mixed_benign_case_queue_review_001,mixed_traffic,fhe_filter,8.181452983990312,5.269774992484599,38.97550597321242,3.191819007042795,0.03883795579895377,,55.89329393114895
mixed_benign_case_queue_review_002,mixed_traffic,fhe_filter,8.275514002889395,5.395924032200128,38.99701900081709,3.199108003173023,0.03782700514420867,,56.13316304516047
mixed_benign_case_queue_review_003,mixed_traffic,fhe_filter,8.106661029160023,5.259839992504567,39.12551200482994,3.195933997631073,0.03688602009788156,,55.95516902394593
mixed_benign_case_queue_review_004,mixed_traffic,fhe_filter,8.225828991271555,5.20962500013411,39.05229101656005,3.352348983753473,0.03912899410352111,,56.10416998388246
mixed_benign_case_queue_review_005,mixed_traffic,fhe_filter,8.201142016332597,5.290906992740929,38.6358670075424,3.334733017254621,0.04176300717517734,,55.73114100843668
mixed_benign_case_queue_review_006,mixed_traffic,fhe_filter,8.399459009524435,5.202914995606989,38.33188099088147,3.301321994513273,0.03946898505091667,,55.50134496297687
mixed_benign_case_queue_review_007,mixed_traffic,fhe_filter,8.173600945156068,5.187681003008038,38.89430500566959,3.164616995491087,0.03680499503389001,,55.68521091481671
mixed_benign_case_queue_review_008,mixed_traffic,fhe_filter,8.317116007674485,5.247532040812075,39.01464398950338,3.167372022289783,0.03979995381087065,,56.01549794664606
mixed_benign_case_queue_review_009,mixed_traffic,fhe_filter,8.350377029273659,5.370486003812402,38.93937199609354,3.373570973053575,0.03314897185191512,,56.30147602641955
mixed_benign_case_queue_review_010,mixed_traffic,fhe_filter,8.053601020947099,5.275422998238355,39.00574200088158,3.175313991960138,0.03330002073198557,,55.77012000139803
mixed_benign_case_queue_review_011,mixed_traffic,fhe_filter,8.341833017766476,5.165629030670971,39.01992301689461,3.389403980690986,0.03004499012604356,,56.17698899004608
mixed_benign_case_queue_review_012,mixed_traffic,fhe_filter,8.556886983569711,5.162183020729572,41.29023797577247,3.331967978738248,0.03655499313026667,,58.60538396518677
mixed_benign_case_queue_review_013,mixed_traffic,fhe_filter,8.21966101648286,5.19565399736166,39.33416400104761,3.177926992066205,0.03515300340950489,,56.1902400222607
mixed_benign_case_queue_review_014,mixed_traffic,fhe_filter,8.222425007261336,5.143805989064276,39.31798000121489,3.213991003576666,0.03271905006840825,,56.1593240709044
mixed_benign_case_queue_review_015,mixed_traffic,fhe_filter,8.162943995557725,5.233792006038129,39.07611698377877,3.438137006014585,0.03590399865061045,,56.17051903391257
mixed_benign_case_queue_review_016,mixed_traffic,fhe_filter,8.070866984780878,5.176484992261976,39.06313801417127,3.191026975400746,0.03688497235998511,,55.76605198439211
mixed_benign_case_queue_review_017,mixed_traffic,fhe_filter,8.384437998756766,5.171368014998734,39.06570002436638,3.381301998160779,0.03759696846827865,,56.26710702199489
mixed_benign_case_queue_review_018,mixed_traffic,fhe_filter,8.27956001739949,5.187581002246588,38.88190601719543,3.393871011212468,0.03929901868104935,,56.01020902395248
mixed_benign_case_queue_review_019,mixed_traffic,fhe_filter,8.332650002557784,5.199979990720749,38.83438400225714,3.165178000926971,0.03880803706124425,,55.79801101703197
mixed_benign_case_queue_review_020,mixed_traffic,fhe_filter,8.259198977611959,5.146520968992263,39.22580200014636,3.261522972024977,0.04375603748485446,,56.1650920426473
mixed_benign_case_queue_review_021,mixed_traffic,fhe_filter,8.445148996543139,5.210757022723556,38.75762899406254,3.344257012940943,0.03932899562641978,,56.03512702509761
mixed_benign_case_queue_review_022,mixed_traffic,fhe_filter,8.452971000224352,5.214431963395327,38.70536998147145,3.370256978087127,0.04291394725441933,,56.02185695897788
mixed_benign_case_queue_review_023,mixed_traffic,fhe_filter,8.206311031244695,5.275823990814388,38.91279204981402,3.58929397771135,0.03986997762694955,,56.2514920020476
mixed_benign_case_queue_review_024,mixed_traffic,fhe_filter,8.412519004195929,5.31727698398754,38.46610197797418,3.181892971042544,0.03805704182013869,,55.65009906422347
mixed_benign_case_queue_review_025,mixed_traffic,fhe_filter,8.306870993692428,5.235412972979248,39.00855500251055,3.354411048348993,0.03782700514420867,,56.17439595516771
mixed_benign_case_queue_review_026,mixed_traffic,fhe_filter,9.423996962141246,5.632037995383143,39.35512399766594,3.166650014463812,0.04037003964185715,,57.84746503923088
mixed_benign_case_queue_review_027,mixed_traffic,fhe_filter,8.408344001509249,5.206439993344247,38.88106503291056,3.39194800471887,0.03644498065114021,,56.14822695497423
mixed_benign_case_queue_review_028,mixed_traffic,fhe_filter,8.314442005939782,5.247741006314754,38.83584699360654,3.20885400287807,0.03945903154090047,,55.8732240460813
mixed_benign_case_queue_review_029,mixed_traffic,fhe_filter,8.137897006236017,5.534622992854565,38.9146149973385,3.310965956188738,0.038707978092134,,56.16476101567969
mixed_benign_case_queue_review_030,mixed_traffic,fhe_filter,8.324596972670406,5.389915022533387,39.57004798576236,3.482042986433953,0.03886799095198512,,57.03268095385283
mixed_benign_case_queue_review_031,mixed_traffic,fhe_filter,8.19415197474882,5.225027969572693,38.96960697602481,3.475094039458781,0.04025001544505358,,56.13943299977109
mixed_benign_case_queue_review_032,mixed_traffic,fhe_filter,8.513911976478994,5.348453007172793,40.56219599442557,3.431066987104714,0.03707600990310311,,58.12074599089101
mixed_benign_case_queue_review_033,mixed_traffic,fhe_filter,8.228853985201567,5.190436029806733,38.79681800026447,3.530315996613353,0.04028098192065954,,56.01606995332986
mixed_benign_case_queue_review_034,mixed_traffic,fhe_filter,8.236796013079584,5.242593993898481,38.69679797207937,3.496534016449004,0.03736600046977401,,55.93893199693412
mixed_benign_case_queue_review_035,mixed_traffic,fhe_filter,8.3154640160501,5.21985994419083,39.56102504162118,3.546379972249269,0.03868801286444068,,56.90975900506601
mixed_benign_case_queue_review_036,mixed_traffic,fhe_filter,7.978338049724698,5.265579966362566,39.06264697434381,3.374652005732059,0.04085100954398513,,55.95356406411156
mixed_benign_case_queue_review_037,mixed_traffic,fhe_filter,8.377155987545848,5.333340028300881,38.72609202517197,3.451027034316212,0.03691500751301646,,56.15235096774995
mixed_benign_case_queue_review_038,mixed_traffic,fhe_filter,8.228543971199542,5.316456023138016,38.8231260003522,3.573169989977032,0.03754603676497936,,56.20850704144686
mixed_benign_case_queue_review_039,mixed_traffic,fhe_filter,8.034361992031336,5.24400599533692,38.78068400081247,3.724567010067403,0.03820803249254823,,56.05019902577624
mixed_benign_case_queue_review_040,mixed_traffic,fhe_filter,8.417826960794628,5.174642021302134,38.71849103597924,3.606180020142347,0.03931898390874267,,56.19134195148945
mixed_benign_case_queue_review_041,mixed_traffic,fhe_filter,8.355733996722847,5.138319043908268,38.4096170309931,3.497786994557828,0.03766699228435755,,55.6673759710975
mixed_benign_case_queue_review_042,mixed_traffic,fhe_filter,8.581583038903773,5.137926957104355,38.5424270061776,3.663063980638981,0.03988901153206825,,56.19988206308335
mixed_benign_case_queue_review_043,mixed_traffic,fhe_filter,8.295273990370333,5.113660998176783,38.63813995849341,3.598087991122156,0.03814802039414644,,55.92073703883216
mixed_benign_case_queue_review_044,mixed_traffic,fhe_filter,8.208132989238948,5.178767954930663,38.83913101162761,3.16375499824062,0.0381370191462338,,55.65598700195551
mixed_benign_case_queue_review_045,mixed_traffic,fhe_filter,8.353540964890271,5.166339979041368,38.99653803091496,3.167112008668482,0.0403400044888258,,55.95441494369879
mixed_benign_case_queue_review_046,mixed_traffic,fhe_filter,8.406069013290107,5.215012992266566,38.92880596686155,3.204266016837209,0.04697003168985248,,56.02970800828189
mixed_benign_case_queue_review_047,mixed_traffic,fhe_filter,8.323726011440158,5.197866004891694,39.05752999708056,3.190646006260067,0.03745697904378176,,56.04043498169631
mixed_benign_case_queue_review_048,mixed_traffic,fhe_filter,8.202934986911714,5.13938901713118,39.24648300744593,3.37470299564302,0.03577402094379067,,56.22860800940543
mixed_benign_case_queue_review_049,mixed_traffic,fhe_filter,8.261682000011206,5.184798035770655,38.91067899530753,3.226068976800889,0.03578397445380688,,55.84916798397899
mixed_benign_case_queue_review_050,mixed_traffic,fhe_filter,8.401803963351995,5.18117198953405,38.93705800874159,3.192399046383798,0.033741001971066,,55.97266292897984
mixed_benign_case_queue_review_051,mixed_traffic,fhe_filter,8.123004983644933,5.336885980796069,39.21005700249225,3.168141993228346,0.03247801214456558,,56.09700898639858
mixed_benign_case_queue_review_052,mixed_traffic,fhe_filter,8.304146991576999,5.367229983676225,40.82548100268468,3.184818022418767,0.03517296863719821,,57.94536200119182
mixed_benign_case_queue_review_053,mixed_traffic,fhe_filter,8.312579011544585,5.44604001333937,38.81514596287161,3.243255021516234,0.03547401865944266,,56.07922305352986
mixed_benign_case_queue_review_054,mixed_traffic,fhe_filter,7.967301993630826,5.371165985707194,39.09385297447443,3.219117992557585,0.03787700552493334,,55.91676896438003
mixed_benign_case_queue_review_055,mixed_traffic,fhe_filter,7.870186003856361,5.420963047072291,39.2680840450339,3.186931018717587,0.03681599628180265,,56.01337499683723
mixed_benign_case_queue_review_056,mixed_traffic,fhe_filter,8.005909970961511,5.255833966657519,39.34052301337942,3.223795967642218,0.03699498483911157,,56.09121092129499
mixed_benign_case_queue_review_057,mixed_traffic,fhe_filter,8.076575992163271,5.205397959798574,39.30619196034968,3.409905999433249,0.0399290001951158,,56.26790598034859
mixed_benign_case_queue_review_058,mixed_traffic,fhe_filter,8.212749031372368,5.205228982958943,38.87255099834874,3.219117992557585,0.03212795127183199,,55.77224201988429
mixed_benign_case_queue_review_059,mixed_traffic,fhe_filter,8.119268983136863,5.225487984716892,39.24309700960293,3.179738996550441,0.04048098344355822,,56.03854102082551
mixed_benign_case_queue_review_060,mixed_traffic,fhe_filter,9.917857998516411,5.869865999557078,37.95238101156428,3.098707995377481,0.05076604429632425,,57.12213803781196
mixed_benign_case_queue_review_061,mixed_traffic,fhe_filter,10.00717101851478,5.675353982951492,38.3163969963789,3.222403000108898,0.05579402204602957,,57.51602805685252
mixed_benign_case_queue_review_062,mixed_traffic,fhe_filter,8.687922963872552,5.405588948633522,39.56156398635358,3.362704010214657,0.05536299431696534,,57.3060039896518
mixed_benign_case_queue_review_063,mixed_traffic,fhe_filter,8.463667007163167,5.227290967013687,38.80600200500339,3.395252977497876,0.04501803778111935,,56.1668750597164
mixed_benign_case_queue_review_064,mixed_traffic,fhe_filter,8.281413000077009,5.215513054281473,38.88498101150617,3.331237996462733,0.0394890084862709,,55.98206701688468
mixed_benign_case_queue_review_065,mixed_traffic,fhe_filter,8.398007019422948,5.210166040342301,38.8598830322735,3.33432195475325,0.04067097324877977,,56.07418500585482
mixed_benign_case_queue_review_066,mixed_traffic,fhe_filter,8.440480974968523,5.256564996670932,38.67299197008833,3.167410963214934,0.03652501618489623,,55.80157600343227
mixed_benign_case_queue_review_067,mixed_traffic,fhe_filter,8.227622020058334,5.165377981029451,39.11455499473959,3.176105034071952,0.03910902887582779,,55.95222301781178
mixed_benign_case_queue_review_068,mixed_traffic,fhe_filter,8.248281956184655,5.222874984610826,39.19817000860348,3.188542032148689,0.039460021071136,,56.12443096470088
mixed_benign_case_queue_review_069,mixed_traffic,fhe_filter,8.358397986739874,5.168973002582788,38.99779997300357,3.364936972502619,0.03731600008904934,,56.16365897003561
mixed_benign_case_queue_review_070,mixed_traffic,fhe_filter,9.863896993920207,5.634661996737123,38.85628702118993,3.414612030610442,0.03944901982322335,,58.03678900701925
mixed_benign_audit_risk_review_001,mixed_traffic,fhe_filter,8.748824009671807,5.21972996648401,39.37215101905167,3.226650005672127,0.03807700704783201,,56.83311400935054
mixed_benign_audit_risk_review_002,mixed_traffic,fhe_filter,8.231117040850222,5.216414981987327,41.18063399801031,3.239088982809335,0.04295399412512779,,58.14032407943159
mixed_benign_audit_risk_review_003,mixed_traffic,fhe_filter,8.670106006320566,5.218747013714164,39.30557100102305,3.331367974169552,0.03880797885358334,,56.79177195997909
mixed_benign_audit_risk_review_004,mixed_traffic,fhe_filter,8.337296021636575,5.213290976826102,39.12963799666613,3.229655034374446,0.03248901339247823,,56.16848700447008
mixed_benign_audit_risk_review_005,mixed_traffic,fhe_filter,8.44579900149256,5.425288982223719,38.68738398887217,3.226620028726757,0.03613403532654047,,56.04743404546753
mixed_benign_audit_risk_review_006,mixed_traffic,fhe_filter,8.263797033578157,5.264577048365027,38.96855498896912,3.205599030479789,0.0357429962605238,,55.96452101599425
mixed_benign_audit_risk_review_007,mixed_traffic,fhe_filter,8.240461989771575,5.422392976470292,38.81995199481025,3.185468027368188,0.03874796675518155,,55.93434593174607
mixed_benign_audit_risk_review_008,mixed_traffic,fhe_filter,8.29855800839141,5.220810999162495,39.09392398782074,3.398768021725118,0.0377869582735002,,56.27602699678391
mixed_benign_audit_risk_review_009,mixed_traffic,fhe_filter,8.224768040236086,5.232890020124614,38.88677200302482,3.42944503063336,0.03854796523228288,,56.04183697141707
mixed_benign_audit_risk_review_010,mixed_traffic,fhe_filter,8.099369995761663,5.151886958628893,38.8254210120067,3.263244987465441,0.04515802720561624,,55.61487702652812
mixed_benign_audit_risk_review_011,mixed_traffic,fhe_filter,9.061091986950487,5.354070977773517,39.44254596717656,3.37743601994589,0.03287900472059846,,57.49418499181047
mixed_benign_audit_risk_review_012,mixed_traffic,fhe_filter,8.123244973830879,5.18624996766448,38.99286198429763,3.171517979353666,0.03436201950535178,,55.7402249542065
mixed_benign_audit_risk_review_013,mixed_traffic,fhe_filter,10.02332597272471,5.654772045090795,38.93792896997184,3.221823018975556,0.03327999729663134,,58.09950397815555
mixed_benign_audit_risk_review_014,mixed_traffic,fhe_filter,8.367802016437054,5.364137003198266,39.34031300013885,3.208111971616745,0.03575399750843644,,56.54415098251775
mixed_benign_audit_risk_review_015,mixed_traffic,fhe_filter,8.378639002330601,5.207712005358189,39.11294299177825,3.459658997599036,0.03592396387830377,,56.42415001057088
mixed_benign_audit_risk_review_016,mixed_traffic,fhe_filter,8.414793002884835,5.23044599685818,38.8490849873051,3.297085990197957,0.03786699380725622,,56.05771101545542
mixed_benign_audit_risk_review_017,mixed_traffic,fhe_filter,8.860611007548869,5.241603998001665,39.24098395509645,3.249995002988726,0.03779603866860271,,56.85977305984125
mixed_benign_audit_risk_review_018,mixed_traffic,fhe_filter,9.902854973915964,5.838078039232641,38.78499002894387,3.275373019278049,0.03911799285560846,,58.06670297170058
mixed_benign_audit_risk_review_019,mixed_traffic,fhe_filter,8.200291020330042,5.273060000035912,39.13413401460275,3.258688026107848,0.04155299393460155,,56.13673001062125
mixed_benign_audit_risk_review_020,mixed_traffic,fhe_filter,8.461093006189913,5.417125998064876,39.5807740278542,3.174492041580379,0.03689498407766223,,56.89939396688715
mixed_benign_audit_risk_review_021,mixed_traffic,fhe_filter,8.371617994271219,5.394962965510786,38.97059801965952,3.244567022193223,0.04406599327921867,,56.26209697220474
mixed_benign_audit_risk_review_022,mixed_traffic,fhe_filter,8.426851010881364,5.226409004535526,40.53534602280706,3.320921037811786,0.04036101745441556,,57.77825199766085
mixed_benign_audit_risk_review_023,mixed_traffic,fhe_filter,8.446119027212262,5.235733988229185,38.86562102707103,3.148011979646981,0.04268396878615022,,55.96836598124355
mixed_benign_audit_risk_review_024,mixed_traffic,fhe_filter,8.628603012766689,5.403265007771552,38.32123498432338,3.363564959727228,0.04284398164600134,,55.98911596462131
mixed_benign_audit_risk_review_025,mixed_traffic,fhe_filter,9.510166011750698,5.193960969336331,39.29790999973193,3.110215999186039,0.04798203008249402,,57.39249306498095
mixed_benign_audit_risk_review_026,mixed_traffic,fhe_filter,9.800490981433541,5.63868903554976,38.39890100061893,3.473028948064893,0.04710099892690778,,57.58852697908878
mixed_benign_audit_risk_review_027,mixed_traffic,fhe_filter,10.2093149907887,5.86423696950078,39.07355200499296,3.121042042039335,0.04847301170229912,,58.54609399102628
mixed_benign_audit_risk_review_028,mixed_traffic,fhe_filter,9.815935045480728,5.709154007490724,37.86938701523468,3.108943987172097,0.05012500332668424,,56.78434006404132
mixed_benign_audit_risk_review_029,mixed_traffic,fhe_filter,9.907061001285911,5.669404985383153,38.3407729677856,3.112189006060362,0.03896799171343446,,57.29662795783952
mixed_benign_audit_risk_review_030,mixed_traffic,fhe_filter,9.371598018333316,5.654392007272691,38.88969699619338,3.180339990649372,0.04050100687891245,,57.36319802235812
mixed_benign_audit_risk_review_031,mixed_traffic,fhe_filter,10.18510799622163,5.834201991092414,55.24016398703679,3.568272048141807,0.06227398989722133,,75.13394596753642
mixed_benign_audit_risk_review_032,mixed_traffic,fhe_filter,10.31454297481105,5.771116993855685,47.60136501863599,3.679660032503307,0.07145694689825177,,67.6869748858735
mixed_benign_audit_risk_review_033,mixed_traffic,fhe_filter,14.29113699123263,6.033710960764438,45.86750396993011,3.738868050277233,0.07336999988183379,,70.26967802084982
mixed_benign_audit_risk_review_034,mixed_traffic,fhe_filter,36.7466919706203,6.214201974216849,69.21137199969962,3.826910979114473,0.06998499156907201,,116.319446999114
mixed_benign_audit_risk_review_035,mixed_traffic,fhe_filter,10.90742199448869,5.787050002254546,71.53525803005323,4.627591988537461,0.2150930231437087,,93.49636203842238
mixed_benign_audit_risk_review_036,mixed_traffic,fhe_filter,22.84317702287808,6.281512032728642,70.02598402323201,4.182303964626044,0.1073610037565231,,103.7294620764442
mixed_benign_audit_risk_review_037,mixed_traffic,fhe_filter,17.83100800821558,6.773150991648436,59.79538802057505,4.059208964463323,0.06883300375193357,,88.77125300932676
mixed_benign_audit_risk_review_038,mixed_traffic,fhe_filter,10.74785302625969,6.049975985661149,37.64484904240817,3.200552018824965,0.04278396954759955,,57.91266396408901
mixed_benign_audit_risk_review_039,mixed_traffic,fhe_filter,9.76662099128589,5.855051975231618,38.03417400922626,3.272439003922045,0.03641401417553425,,57.19282303471118
mixed_benign_audit_risk_review_040,mixed_traffic,fhe_filter,9.457467007450759,5.689384997822344,37.85265103215352,3.171737014781684,0.03733602352440357,,56.43794999923557
mixed_benign_audit_risk_review_041,mixed_traffic,fhe_filter,10.17197902547196,5.897717026527971,38.40924601536244,3.220891987439245,0.03960897447541356,,57.96587298391387
mixed_benign_audit_risk_review_042,mixed_traffic,fhe_filter,9.491016971878707,5.637606023810804,45.5576489912346,3.782523970585316,0.06947503425180912,,64.82914800290018
mixed_benign_audit_risk_review_043,mixed_traffic,fhe_filter,30.97760898526758,5.347541999071836,52.13545699371025,4.575113009195775,0.08287397213280201,,93.42242998536676
mixed_benign_audit_risk_review_044,mixed_traffic,fhe_filter,28.49790902109817,6.625277979765087,49.79400400770828,3.311276959720999,0.06109097739681602,,88.52958003990352
mixed_benign_audit_risk_review_045,mixed_traffic,fhe_filter,9.968212980311364,5.733261001296341,39.27104902686551,3.28244297998026,0.04409597022458911,,58.52822598535568
mixed_benign_audit_risk_review_046,mixed_traffic,fhe_filter,9.541022998746485,5.653119995258749,38.60438900301233,3.148743009660393,0.042743980884552,,57.21921299118549
mixed_benign_audit_risk_review_047,mixed_traffic,fhe_filter,10.31146897003055,5.825257976539433,39.46369903860614,3.178157028742135,0.04169298335909843,,59.0514819486998
mixed_benign_audit_risk_review_048,mixed_traffic,fhe_filter,9.439960995223373,5.663094983901829,42.91869100416079,3.819779958575964,0.07552298484370112,,62.16354994103312
mixed_benign_audit_risk_review_049,mixed_traffic,fhe_filter,13.22229404468089,5.896445014514029,40.26469000382349,3.185769019182771,0.0616130419075489,,62.86944908788428
mixed_benign_audit_risk_review_050,mixed_traffic,fhe_filter,10.01795800402761,5.740470020100474,39.48282694909722,3.105268988292664,0.04686001921072602,,58.62528301076964
mixed_benign_audit_risk_review_051,mixed_traffic,fhe_filter,9.630846965592355,5.91273995814845,39.28925702348351,3.16645996645093,0.0377869582735002,,58.26433096081018
mixed_benign_audit_risk_review_052,mixed_traffic,fhe_filter,9.515504003502429,5.727322015445679,39.43070804234594,3.246620995923877,0.04299398278817534,,58.21092001860961
mixed_benign_audit_risk_review_053,mixed_traffic,fhe_filter,10.37582400022075,5.897697003092617,40.63423402840272,3.400431014597416,0.04301400622352958,,60.58221601415426
mixed_benign_audit_risk_review_054,mixed_traffic,fhe_filter,10.7378980028443,5.856884992681444,40.1045199832879,3.24045104207471,0.0400500139221549,,60.2080260287039
mixed_benign_audit_risk_review_055,mixed_traffic,fhe_filter,9.565578016918153,5.226921988651156,40.65553500549868,3.242855018470436,0.0353030045516789,,58.95848100772128
mixed_benign_audit_risk_review_056,mixed_traffic,fhe_filter,10.43605495942757,5.666169046889991,40.08018301101401,3.298158000689,0.04531798185780644,,59.76107594324276
mixed_benign_audit_risk_review_057,mixed_traffic,fhe_filter,11.1377970315516,5.827941989991814,40.58673302643001,3.281662007793784,0.04001002525910735,,61.10360805178061
mixed_benign_audit_risk_review_058,mixed_traffic,fhe_filter,10.67524298559874,5.634633009321988,39.5937740104273,3.291998000349849,0.04117196658626199,,59.4676659675315
mixed_benign_audit_risk_review_059,mixed_traffic,fhe_filter,10.70733199594542,5.786730966065079,38.78285700920969,3.259810036979616,0.04115200135856867,,58.80683596478775
mixed_benign_audit_risk_review_060,mixed_traffic,fhe_filter,9.793411009013653,5.677826993633062,39.0326920314692,3.333711007144302,0.0404900056309998,,58.10781504260376
mixed_benign_audit_risk_review_061,mixed_traffic,fhe_filter,10.08293498307467,5.884548008907586,38.4225359885022,3.427020972594619,0.0397599651478231,,58.08954895474017
mixed_benign_audit_risk_review_062,mixed_traffic,fhe_filter,9.565347980242223,5.782424006611109,38.88211603043601,3.180481027811766,0.0367250177077949,,57.67632799688727
mixed_benign_audit_risk_review_063,mixed_traffic,fhe_filter,9.980332048144192,5.676925997249782,39.02650199597701,3.12934402609244,0.03680505324155092,,58.084883086849
mixed_benign_audit_risk_review_064,mixed_traffic,fhe_filter,9.484887996222824,5.656323977746069,39.37826998298988,3.150125034153461,0.03693596227094531,,57.93650797568262
mixed_benign_audit_risk_review_065,mixed_traffic,fhe_filter,9.420412010513246,5.709444987587631,39.54908601008356,3.1691649928689,0.03639498027041554,,58.11331601580605
mixed_benign_audit_risk_review_066,mixed_traffic,fhe_filter,9.692459017969668,5.707150034140795,39.14852597517893,3.154592006467283,0.03643397940322757,,57.96995700802654
mixed_benign_audit_risk_review_067,mixed_traffic,fhe_filter,10.13684598729014,5.758318002335727,38.73597597703338,3.235462994780391,0.04200299736112356,,58.14001394901425
mixed_benign_audit_risk_review_068,mixed_traffic,fhe_filter,8.475454000290483,5.214402044657618,38.76659297384322,3.125368035398424,0.0367250177077949,,55.8452419936657
mixed_benign_audit_risk_review_069,mixed_traffic,fhe_filter,8.214162022341043,5.231718008872122,39.00453000096604,3.249904955737293,0.04096102202311158,,55.96614204114303
mixed_benign_audit_risk_review_070,mixed_traffic,fhe_filter,8.24214395834133,5.31910901190713,38.93763903761283,3.233421011827886,0.04426599480211735,,56.00543192122132
mixed_adaptive_scaffold_probing_001,mixed_traffic,fhe_filter,8.98069201502949,5.230566021054983,39.42568099591881,3.219399019144475,0.03496301360428333,,57.118202035781
mixed_adaptive_scaffold_probing_002,mixed_traffic,fhe_filter,9.023726976010948,5.474422010593116,39.04083400266245,3.176996018737555,0.03263901453465223,,56.97500699898228
mixed_adaptive_scaffold_probing_003,mixed_traffic,fhe_filter,8.635364007204771,5.434951977804303,39.52858602860942,3.189443959854543,0.03522203769534826,,57.05203110119328
mixed_adaptive_scaffold_probing_004,mixed_traffic,fhe_filter,8.936244994401932,5.37586398422718,38.69155998108909,3.274370974395424,0.037435966078192,,56.54441996011883
mixed_adaptive_scaffold_probing_005,mixed_traffic,fhe_filter,8.496586000546813,5.384746997151524,38.20818400708959,3.227673005312681,0.036654993891716,,55.59267301578075
mixed_adaptive_scaffold_probing_006,mixed_traffic,fhe_filter,9.470476012211293,5.185249028727412,39.76602200418711,3.244958003051579,0.03606401151046157,,57.93107999488711
mixed_adaptive_scaffold_probing_007,mixed_traffic,fhe_filter,8.939419989474118,5.432849982753396,39.12095399573445,3.244607010856271,0.03311998443678021,,56.99864297639579
mixed_adaptive_scaffold_probing_008,mixed_traffic,fhe_filter,8.945268054958433,5.18320599803701,39.45382399251685,3.200381004717201,0.03536301665008068,,57.0420270669274
mixed_adaptive_scaffold_probing_009,mixed_traffic,fhe_filter,8.604326983913779,5.412549013271928,39.11454405169934,3.286399994976819,0.03380997804924846,,56.67766893748194
mixed_adaptive_scaffold_probing_010,mixed_traffic,fhe_filter,8.474242989905179,5.560001009143889,38.67666801670566,3.282864985521883,0.03618496702983975,,56.25897395657375
mixed_adaptive_scaffold_probing_011,mixed_traffic,fhe_filter,8.870726975146681,5.196415004320443,39.68860598979518,3.368131991010159,0.03522296901792288,,57.38774593919516
mixed_adaptive_scaffold_probing_012,mixed_traffic,fhe_filter,8.765589038375765,5.40338596329093,39.09256099723279,3.222664992790669,0.03285898128524423,,56.7453220137395
mixed_adaptive_scaffold_probing_013,mixed_traffic,fhe_filter,8.973630960099399,5.389344005379826,41.21860099257901,3.234522009734064,0.03363995347172022,,59.08014386659488
mixed_adaptive_scaffold_probing_014,mixed_traffic,fhe_filter,8.874332997947931,5.383186042308807,39.21731794252992,3.211688017472625,0.03299897070974112,,56.94755597505718
mixed_adaptive_scaffold_probing_015,mixed_traffic,fhe_filter,8.536615001503378,5.363186006434262,38.78716402687132,3.222993982490152,0.03196799661964178,,56.17885198444128
mixed_adaptive_scaffold_probing_016,mixed_traffic,fhe_filter,8.974032010883093,5.151046963874251,39.13428395753726,3.239509009290487,0.03402098082005978,,56.75695900572464
mixed_adaptive_scaffold_probing_017,mixed_traffic,fhe_filter,10.51082700723782,5.661233037244529,39.52473000390455,3.383434959687293,0.03508204827085137,,59.34496107511222
mixed_adaptive_scaffold_probing_018,mixed_traffic,fhe_filter,10.57380100246519,5.636506015434861,39.12451799260452,3.477666992694139,0.03453204408288002,,59.07347501488402
mixed_adaptive_scaffold_probing_019,mixed_traffic,fhe_filter,8.83595400955528,5.320622003637254,39.07836001599208,3.387972014024854,0.03564398502930999,,56.88770598499104
mixed_adaptive_scaffold_probing_020,mixed_traffic,fhe_filter,8.823365031275898,5.419590044766665,38.95483497763053,3.440470958594233,0.0416120165027678,,56.90966703696176
mixed_adaptive_scaffold_probing_021,mixed_traffic,fhe_filter,9.122653980739415,5.137778003700078,39.16937700705603,3.166340000461787,0.04178303061053157,,56.86789605533704
mixed_adaptive_scaffold_probing_022,mixed_traffic,fhe_filter,8.955314056947827,5.246740009170026,39.23429496353492,3.398447996005416,0.04027003888040781,,57.10348807042465
mixed_adaptive_scaffold_probing_023,mixed_traffic,fhe_filter,9.187112038489431,5.146810959558934,38.98992802714929,3.214692987967283,0.04126201383769512,,56.80834804661572
mixed_adaptive_scaffold_probing_024,mixed_traffic,fhe_filter,8.843936026096344,5.475974990986288,39.41934200702235,3.390145022422075,0.04029105184599757,,57.39940307103097
mixed_adaptive_scaffold_probing_025,mixed_traffic,fhe_filter,8.857005974277854,5.47134701628238,39.06516102142632,3.164738009218127,0.03199803177267313,,56.81613797787577
mixed_adaptive_scaffold_probing_026,mixed_traffic,fhe_filter,8.860571018885821,5.204648012295365,39.52986799413338,3.475162026006728,0.03486202331259847,,57.33930302085355
mixed_adaptive_scaffold_probing_027,mixed_traffic,fhe_filter,8.863185998052359,5.111326987389475,39.17533595813438,3.138157015200704,0.040171027649194,,56.55693105654791
mixed_adaptive_scaffold_probing_028,mixed_traffic,fhe_filter,8.867191034369171,5.455363949295133,39.333552995231,3.347811987623572,0.03845797618851066,,57.2720619966276
mixed_adaptive_scaffold_probing_029,mixed_traffic,fhe_filter,10.0457799853757,5.905777972657233,38.42322697164491,3.289032960310578,0.04261400317773223,,57.94309900375083
mixed_adaptive_scaffold_probing_030,mixed_traffic,fhe_filter,10.36783203016967,5.797668010927737,48.40914602391422,3.672679013106972,0.0502259936183691,,68.540747044608
mixed_adaptive_scaffold_probing_031,mixed_traffic,fhe_filter,11.76036195829511,6.012679019477218,40.52143497392535,2.797766996081918,0.04500697832554579,,61.3653619075194
mixed_adaptive_scaffold_probing_032,mixed_traffic,fhe_filter,9.041601966600865,5.256684962660074,35.99875001236796,2.518889028578997,0.03593397559598088,,53.07917197933421
mixed_adaptive_scaffold_probing_033,mixed_traffic,fhe_filter,8.705047017429024,5.100620968732983,38.60966704087332,2.832888974808156,0.03740598913282156,,55.51433505024761
mixed_adaptive_scaffold_probing_034,mixed_traffic,fhe_filter,8.985519001726061,5.095793982036412,37.10629197303206,2.545980038121343,0.03903795732185245,,54.00072393240407
mixed_adaptive_scaffold_probing_035,mixed_traffic,fhe_filter,8.865759009495378,5.123204959090799,36.039813014213,2.553980972152203,0.03971002297475934,,52.85156104946509
mixed_adaptive_scaffold_probing_036,mixed_traffic,fhe_filter,9.115253982599825,5.114200990647078,36.38616303214803,3.061452007386833,0.04804198397323489,,53.95421595312655
mixed_adaptive_scaffold_probing_037,mixed_traffic,fhe_filter,8.745529979933053,5.081303010229021,36.13164002308622,3.03473201347515,0.03800698323175311,,53.25879191514105
mixed_adaptive_scaffold_probing_038,mixed_traffic,fhe_filter,8.769495005253702,5.104557028971612,35.85895098512992,2.989314030855894,0.03860803553834558,,52.98962804954499
mixed_adaptive_scaffold_probing_039,mixed_traffic,fhe_filter,8.87906999560073,5.283434991724789,36.46850597579032,3.106440010014921,0.03729603486135602,,54.00518304668367
mixed_adaptive_scaffold_probing_040,mixed_traffic,fhe_filter,8.789143990725279,5.06784301251173,36.27251100260764,2.974021015688777,0.03836798714473844,,53.37108997628093
mixed_adaptive_scaffold_probing_041,mixed_traffic,fhe_filter,8.819048991426826,5.089626007247716,35.97641701344401,2.792148035950959,0.0385770108550787,,52.94393800431862
mixed_adaptive_scaffold_probing_042,mixed_traffic,fhe_filter,8.530527004040778,5.064897995907813,36.22470999835059,2.944034989923239,0.03911898238584399,,53.03751101018861
mixed_adaptive_scaffold_probing_043,mixed_traffic,fhe_filter,8.775414025876671,5.095213011372834,38.85511599946767,3.247993008699268,0.0386980245821178,,56.23945302795619
mixed_adaptive_scaffold_probing_044,mixed_traffic,fhe_filter,8.87151702772826,5.291006993502378,39.27291202126071,3.3764349645935,0.03864802420139313,,57.07907205214724
mixed_adaptive_scaffold_probing_045,mixed_traffic,fhe_filter,8.978949044831097,5.279459001030773,39.17853097664192,3.449445008300245,0.04256400279700756,,57.158692041412
mixed_adaptive_scaffold_probing_046,mixed_traffic,fhe_filter,8.7256989791058,5.226339970249683,39.32214598171413,3.394522005692124,0.04067103145644069,,56.97795102605596
mixed_adaptive_scaffold_probing_047,mixed_traffic,fhe_filter,9.065490041393787,5.236433993559331,38.76766498433426,3.375642991159111,0.04066101973876357,,56.7137150792405
mixed_adaptive_scaffold_probing_048,mixed_traffic,fhe_filter,9.140100970398635,5.228914029430598,39.27710803691298,3.346370009239763,0.04332500975579023,,57.26633302401751
mixed_adaptive_scaffold_probing_049,mixed_traffic,fhe_filter,8.844918047543615,5.233099975157529,39.30000303080305,3.379249013960361,0.04088098648935556,,57.02612199820578
mixed_adaptive_scaffold_probing_050,mixed_traffic,fhe_filter,8.510315965395421,5.2422039443627,39.6066730027087,3.367160970810801,0.0437350245192647,,57.00733396224678
mixed_adaptive_guardrail_policy_extraction_001,mixed_traffic,fhe_filter,8.800262003205717,5.277135991491377,38.54665299877524,3.25607496779412,0.04233396612107754,,56.15141295129433
mixed_adaptive_guardrail_policy_extraction_002,mixed_traffic,fhe_filter,8.622833993285894,5.251077003777027,38.65697799483314,3.371687023900449,0.04298501880839467,,56.1750769848004
mixed_adaptive_guardrail_policy_extraction_003,mixed_traffic,fhe_filter,8.451376983430237,5.240661033894867,40.66430003149435,3.232810006011277,0.04177202936261892,,57.86030302988365
mixed_adaptive_guardrail_policy_extraction_004,mixed_traffic,fhe_filter,8.451937988866121,5.236536031588912,39.59166101412848,3.314180998131633,0.04126201383769512,,56.86355900252238
mixed_adaptive_guardrail_policy_extraction_005,mixed_traffic,fhe_filter,8.457517018541694,5.20787201821804,39.44892599247396,3.222474013455212,0.04133203765377402,,56.61159107694402
mixed_adaptive_guardrail_policy_extraction_006,mixed_traffic,fhe_filter,10.18757198471576,5.677877983544022,38.96157396957278,3.231057024095207,0.04010001430287957,,58.32744500366971
mixed_adaptive_guardrail_policy_extraction_007,mixed_traffic,fhe_filter,10.10567002231255,5.683604977093637,38.58645202126354,3.332188003696501,0.03637501504272223,,57.97583900857717
mixed_adaptive_guardrail_policy_extraction_008,mixed_traffic,fhe_filter,8.552628976758569,5.249615001957864,38.45522500341758,3.281312005128711,0.04071096191182733,,55.80744391772896
mixed_adaptive_guardrail_policy_extraction_009,mixed_traffic,fhe_filter,8.563485986087471,5.203445034567267,38.90001197578385,3.263605991378427,0.04275399260222912,,56.20464100502431
mixed_adaptive_guardrail_policy_extraction_010,mixed_traffic,fhe_filter,8.531817002221942,5.261031968984753,38.67222100961953,3.281372017227113,0.04055100725963712,,56.01659801322967
mixed_adaptive_guardrail_policy_extraction_011,mixed_traffic,fhe_filter,8.460141019895673,5.266819964163005,38.67051901761442,3.333719971124083,0.04189298488199711,,56.00319901714101
mixed_adaptive_guardrail_policy_extraction_012,mixed_traffic,fhe_filter,8.64142196951434,5.231317016296089,39.36421999242157,3.445809008553624,0.04124199040234089,,56.95212201680988
mixed_adaptive_guardrail_policy_extraction_013,mixed_traffic,fhe_filter,8.501511998474598,5.227421992458403,39.24961696611717,3.114621969871223,0.03987998934462667,,56.36162497103214
mixed_adaptive_guardrail_policy_extraction_014,mixed_traffic,fhe_filter,8.802204043604434,5.271898000501096,39.14969798643142,3.271446970757097,0.04024000372737646,,56.7645100527443
mixed_adaptive_guardrail_policy_extraction_015,mixed_traffic,fhe_filter,8.598237996920943,5.294762959238142,39.38912600278854,3.31784802256152,0.038857979234308,,56.87251302879304
mixed_adaptive_guardrail_policy_extraction_016,mixed_traffic,fhe_filter,8.598176995292306,5.208103044424206,38.91482501057908,3.424197027925402,0.04239298868924379,,56.41806998755783
mixed_adaptive_guardrail_policy_extraction_017,mixed_traffic,fhe_filter,8.967713045421988,5.251747963484377,38.97479496663436,3.397676977328956,0.0382070429623127,,56.85886309947819
mixed_adaptive_guardrail_policy_extraction_018,mixed_traffic,fhe_filter,8.86786199407652,5.313521018251777,39.27766002016142,3.259388962760568,0.04321394953876734,,56.99187092250213
mixed_adaptive_guardrail_policy_extraction_019,mixed_traffic,fhe_filter,8.708093024324626,5.228743015322834,39.47932203300297,3.361110982950777,0.0397789990529418,,57.04570200759917
mixed_adaptive_guardrail_policy_extraction_020,mixed_traffic,fhe_filter,8.789554995018989,5.234392010606825,38.56234601698816,3.122843976598233,0.04076102050021291,,55.97993399715051
mixed_adaptive_guardrail_policy_extraction_021,mixed_traffic,fhe_filter,9.455483988858759,5.221161991357803,38.57042797608301,3.21921898284927,0.04090199945494533,,56.73461698461324
mixed_adaptive_guardrail_policy_extraction_022,mixed_traffic,fhe_filter,8.693461015354842,5.390004022046924,39.03838997939602,3.233389987144619,0.04272395744919777,,56.6276449826546
mixed_adaptive_guardrail_policy_extraction_023,mixed_traffic,fhe_filter,8.538198017049581,5.26779203210026,41.42618202604353,3.389585006516427,0.04229298792779446,,58.89706901507452
mixed_adaptive_guardrail_policy_extraction_024,mixed_traffic,fhe_filter,8.658187987748533,5.238638026639819,38.87013799976557,3.379828995093703,0.04050001734867692,,56.41596700297669
mixed_adaptive_guardrail_policy_extraction_025,mixed_traffic,fhe_filter,8.502104028593749,5.231947987340391,38.48727396689355,3.329293977003545,0.03987899981439114,,55.81972299842164
mixed_adaptive_guardrail_policy_extraction_026,mixed_traffic,fhe_filter,8.434222021605819,5.219669954385608,38.72661199420691,3.312688961159438,0.041813007555902,,55.96827703993767
mixed_adaptive_guardrail_policy_extraction_027,mixed_traffic,fhe_filter,8.483676996547729,5.264186998829246,38.46555098425597,3.0529799987562,0.04052999429404736,,55.54336897330359
mixed_adaptive_guardrail_policy_extraction_028,mixed_traffic,fhe_filter,8.842404989991337,5.266099004074931,38.65329304244369,3.373959974851459,0.04175299545750022,,56.40505300834775
mixed_adaptive_guardrail_policy_extraction_029,mixed_traffic,fhe_filter,8.38316505542025,5.418788001406938,39.15484400931746,3.355182998348027,0.04505796823650599,,56.58599198795855
mixed_adaptive_guardrail_policy_extraction_030,mixed_traffic,fhe_filter,8.945899026002735,5.272490030620247,39.43586599780247,3.37746599689126,0.04615902435034513,,57.31067003216594
mixed_adaptive_guardrail_policy_extraction_031,mixed_traffic,fhe_filter,8.936145051848143,5.270646011922508,39.10192602779716,3.243855957407504,0.04091201117262244,,56.82420101948082
mixed_adaptive_guardrail_policy_extraction_032,mixed_traffic,fhe_filter,8.92775203101337,5.244397034402937,38.37336297146976,3.255332994740456,0.04398595774546266,,56.07469496317208
mixed_adaptive_guardrail_policy_extraction_033,mixed_traffic,fhe_filter,9.057727991603315,5.280231009237468,38.76749303890392,3.358989022672176,0.03961997572332621,,56.73278501490131
mixed_adaptive_guardrail_policy_extraction_034,mixed_traffic,fhe_filter,8.994993986561894,5.232028022874147,39.47499505011365,3.325828001834452,0.04004000220447779,,57.29591799899936
mixed_adaptive_guardrail_policy_extraction_035,mixed_traffic,fhe_filter,8.877697982825339,5.219840968493372,39.32451899163425,3.24274500599131,0.03728596493601799,,56.93012994015589
mixed_adaptive_guardrail_policy_extraction_036,mixed_traffic,fhe_filter,8.746979990974069,5.261882964987308,39.5812540082261,3.37117601884529,0.04234397783875465,,57.23736999789253
mixed_adaptive_guardrail_policy_extraction_037,mixed_traffic,fhe_filter,10.18791203387082,5.677737004589289,43.73949294677004,3.468181996140629,0.05728600081056356,,63.36633302271366
mixed_adaptive_guardrail_policy_extraction_038,mixed_traffic,fhe_filter,8.957205980550498,5.241962964646518,38.81962201558053,3.222634026315063,0.04543800605461001,,56.51655700057745
mixed_adaptive_guardrail_policy_extraction_039,mixed_traffic,fhe_filter,8.808002050500363,5.229634989518672,38.5597720160149,3.217156045138836,0.0433650566264987,,56.08645314350724
mixed_adaptive_guardrail_policy_extraction_040,mixed_traffic,fhe_filter,9.058178984560072,5.286480009090155,38.90105400932953,3.3806610153988,0.04039000486955047,,56.89805099973455
mixed_adaptive_guardrail_policy_extraction_041,mixed_traffic,fhe_filter,9.184266033116728,5.259308964014053,39.06889603240415,3.162623033858836,0.03829703200608492,,56.94137408863753
mixed_adaptive_guardrail_policy_extraction_042,mixed_traffic,fhe_filter,8.798278984613717,5.340742005500942,39.47445400990546,3.39833804173395,0.04333502147346735,,57.28476302465424
mixed_adaptive_guardrail_policy_extraction_043,mixed_traffic,fhe_filter,8.651187003124505,5.200351006351411,40.53555597783998,3.363655006978661,0.04155200440436602,,58.02156601566821
mixed_adaptive_guardrail_policy_extraction_044,mixed_traffic,fhe_filter,8.895874954760075,5.262374004814774,39.19977298937738,3.375264001078904,0.04411599365994334,,57.00748594244942
mixed_adaptive_guardrail_policy_extraction_045,mixed_traffic,fhe_filter,8.583835966419429,5.249956040643156,39.37175002647564,3.714161983225495,0.03928900696337223,,57.19057994429022
mixed_adaptive_guardrail_policy_extraction_046,mixed_traffic,fhe_filter,8.80979496287182,5.207671027164906,38.89243199955672,3.451397002208978,0.05200802115723491,,56.64475995581597
mixed_adaptive_guardrail_policy_extraction_047,mixed_traffic,fhe_filter,9.043545986060053,5.238879006356001,39.2429759958759,3.15463199513033,0.04100200021639466,,56.94876698544249
mixed_adaptive_guardrail_policy_extraction_048,mixed_traffic,fhe_filter,8.923885994590819,5.233090021647513,39.40272703766823,3.48388496786356,0.04045997047796845,,57.31213092803955
mixed_adaptive_guardrail_policy_extraction_049,mixed_traffic,fhe_filter,8.79726599669084,5.253579991403967,39.23260199371725,3.269845037721097,0.03971002297475934,,56.82821600930765
mixed_adaptive_guardrail_policy_extraction_050,mixed_traffic,fhe_filter,8.771468012128025,5.213319964241236,38.32974698161706,3.361692011822015,0.04119100049138069,,55.95596699276939
mixed_adaptive_compliance_reframing_001,mixed_traffic,fhe_filter,10.18222398124635,5.630465981084853,39.69088901067153,3.438927989918739,0.03885803744196892,,59.20963804237545
mixed_adaptive_compliance_reframing_002,mixed_traffic,fhe_filter,8.612119010649621,5.226639972534031,39.48894597124308,3.155543003231287,0.04270399222150445,,56.75520602380857
mixed_adaptive_compliance_reframing_003,mixed_traffic,fhe_filter,8.38719098828733,5.139729997608811,39.01482501532882,3.448944014962763,0.04225398879498243,,56.26231792848557
mixed_adaptive_compliance_reframing_004,mixed_traffic,fhe_filter,8.396003977395594,5.225277971476316,38.51347195450217,3.275795024819672,0.03996002487838268,,55.67798099946231
mixed_adaptive_compliance_reframing_005,mixed_traffic,fhe_filter,8.593240985646844,5.299198965076357,38.53671799879521,3.035702975466847,0.04216399975121021,,55.75573799433187
mixed_adaptive_compliance_reframing_006,mixed_traffic,fhe_filter,8.473770983982831,5.278927972540259,39.02769403066486,3.265938954427838,0.03996002487838268,,56.322998018004
mixed_adaptive_compliance_reframing_007,mixed_traffic,fhe_filter,8.383656037040055,5.258117977064103,38.65953197237104,3.403086040634662,0.03860803553834558,,55.97250309074298
mixed_adaptive_compliance_reframing_008,mixed_traffic,fhe_filter,8.458116964902729,5.25034696329385,38.77667704364285,3.199751023203135,0.04390598041936755,,55.95698894467205
mixed_adaptive_compliance_reframing_009,mixed_traffic,fhe_filter,8.428183034993708,5.264275998342782,38.9374690130353,3.346278972458094,0.03992998972535133,,56.24583299504593
mixed_adaptive_compliance_reframing_010,mixed_traffic,fhe_filter,8.488384017255157,5.246651009656489,38.63939101574942,3.192288975697011,0.03980903420597315,,55.83424505311996
mixed_adaptive_compliance_reframing_011,mixed_traffic,fhe_filter,8.8707460090518,5.412379978224635,39.33861100813374,3.187602036632597,0.03992003621533513,,57.07630806136876
mixed_adaptive_compliance_reframing_012,mixed_traffic,fhe_filter,8.540551003534347,5.289665015880018,38.78238599281758,3.282763995230198,0.04204298602417111,,56.16583197843283
mixed_adaptive_compliance_reframing_013,mixed_traffic,fhe_filter,8.620361040811986,5.230746988672763,41.44019301747903,3.216635028365999,0.04328502109274268,,58.78077505622059
mixed_adaptive_compliance_reframing_014,mixed_traffic,fhe_filter,8.740430988837034,5.211548006627709,38.69358298834413,3.082374052610248,0.0409809872508049,,55.99776998860762
mixed_adaptive_compliance_reframing_015,mixed_traffic,fhe_filter,8.483776007778943,5.206871021073312,38.94677298376337,3.189404029399157,0.0410920474678278,,56.09776108758524
mixed_adaptive_compliance_reframing_016,mixed_traffic,fhe_filter,10.33682597335428,5.66130195511505,37.95040800468996,3.299810981843621,0.03968999953940511,,57.51648993464187
mixed_adaptive_compliance_reframing_017,mixed_traffic,fhe_filter,10.01773600000888,5.698478955309838,37.78437798609957,3.340721013955772,0.04331499803811312,,57.12205596501008
mixed_adaptive_compliance_reframing_018,mixed_traffic,fhe_filter,9.913710993714631,5.673589999787509,38.41221099719405,3.226550004910678,0.04597898805513978,,57.50264698872343
mixed_adaptive_compliance_reframing_019,mixed_traffic,fhe_filter,9.002193983178586,5.254763003904372,39.25936098676175,3.302583994809538,0.04521798109635711,,57.09191196365282
mixed_adaptive_compliance_reframing_020,mixed_traffic,fhe_filter,8.487671962939203,5.264047009404749,39.60269695380703,3.336955967824906,0.04186300793662667,,56.96154595352709
mixed_adaptive_compliance_reframing_021,mixed_traffic,fhe_filter,9.033730952069163,5.262163002043962,39.04114401666448,3.301040967926383,0.04921399522572756,,56.9202839396894
mixed_adaptive_compliance_reframing_022,mixed_traffic,fhe_filter,8.935243007726967,5.248623027000576,39.52019196003675,3.435163001995534,0.05266896914690733,,57.42191598983482
mixed_adaptive_compliance_reframing_023,mixed_traffic,fhe_filter,8.756956027355045,5.277206015307456,39.21536600682884,3.269013948738575,0.04244397860020399,,56.78907799301669
mixed_adaptive_compliance_reframing_024,mixed_traffic,fhe_filter,8.744266990106553,5.228622991126031,39.531429996714,3.285368031356484,0.05124701419845223,,57.07064998568967
mixed_adaptive_compliance_reframing_025,mixed_traffic,fhe_filter,8.742214005906135,5.23696601158008,39.11656804848462,3.27999098226428,0.04069099668413401,,56.64526199689135
mixed_adaptive_compliance_reframing_026,mixed_traffic,fhe_filter,8.728282991796732,5.237927020061761,38.52960601216182,3.288352978415787,0.04368502413854003,,56.05720897438005
mixed_adaptive_compliance_reframing_027,mixed_traffic,fhe_filter,8.879980014171451,5.2348020253703,39.50140601955354,3.260541008785367,0.04097097553312778,,57.14700295357034
mixed_adaptive_compliance_reframing_028,mixed_traffic,fhe_filter,8.435042982455343,5.350616003852338,38.76744396984577,3.296766022685915,0.04204298602417111,,56.12163594923913
mixed_adaptive_compliance_reframing_029,mixed_traffic,fhe_filter,10.17404097365215,5.673891981132329,39.79581600287929,3.371758037246764,0.055673997849226,,59.31176099693403
mixed_adaptive_compliance_reframing_030,mixed_traffic,fhe_filter,9.059901000000536,5.291577021125704,39.61161099141464,3.303124976810068,0.05099701229482889,,57.55048099672422
mixed_adaptive_compliance_reframing_031,mixed_traffic,fhe_filter,9.131869010161608,5.337145994417369,38.79021696047857,3.366649965755641,0.04393595736473799,,56.90036492887884
mixed_adaptive_compliance_reframing_032,mixed_traffic,fhe_filter,8.956014004070312,5.274702038150281,39.46329699829221,3.349923994392157,0.03915798151865602,,57.31221096357331
mixed_adaptive_compliance_reframing_033,mixed_traffic,fhe_filter,8.598417975008488,5.225969012826681,41.55096999602392,3.244787978474051,0.04130200250074267,,58.89046000083908
mixed_adaptive_compliance_reframing_034,mixed_traffic,fhe_filter,8.954161021392792,5.2602409850806,39.3266329774633,3.335594024974853,0.03937899600714445,,57.14544100919738
mixed_adaptive_compliance_reframing_035,mixed_traffic,fhe_filter,8.638878993224353,5.278658005408943,39.53632700722665,3.246138978283852,0.04010001430287957,,56.9674139842391
mixed_adaptive_compliance_reframing_036,mixed_traffic,fhe_filter,9.056074952241033,5.225408007390797,39.18481001164764,3.452689968980849,0.04868296673521399,,57.199343922548
mixed_adaptive_compliance_reframing_037,mixed_traffic,fhe_filter,8.654090983327478,5.218126985710114,39.28443900076672,3.281262004747987,0.04833197453990579,,56.71748891472816
mixed_adaptive_compliance_reframing_038,mixed_traffic,fhe_filter,8.751607965677977,5.275904026348144,39.41687796032056,3.364626958500594,0.04351499956101179,,57.08216596394777
mixed_adaptive_compliance_reframing_039,mixed_traffic,fhe_filter,8.663115033414215,5.336305999662727,39.45305099477991,3.324437013361603,0.04382600309327245,,57.05235200002789
mixed_adaptive_compliance_reframing_040,mixed_traffic,fhe_filter,9.111277002375573,5.332399043254554,38.93554699607193,3.274902992416173,0.05037500523030758,,56.93457502638921
mixed_adaptive_compliance_reframing_041,mixed_traffic,fhe_filter,9.067672013770789,5.268934008199722,39.19314203085378,3.371296974364668,0.04363502375781536,,57.17414402170107
mixed_adaptive_compliance_reframing_042,mixed_traffic,fhe_filter,10.3604809846729,5.677906970959157,38.36852504173294,3.441473003476858,0.04762096796184778,,58.13298298744485
mixed_adaptive_compliance_reframing_043,mixed_traffic,fhe_filter,8.64157296018675,5.268423003144562,38.55102998204529,3.388823010027409,0.04446698585525155,,56.12506094621494
mixed_adaptive_compliance_reframing_044,mixed_traffic,fhe_filter,9.006680978927761,5.268262000754476,38.78952795639634,3.400531015358865,0.03980001201853156,,56.7337449756451
mixed_adaptive_compliance_reframing_045,mixed_traffic,fhe_filter,10.38795203203335,5.64722198760137,39.51284196227789,3.30640998436138,0.04484702367335558,,59.12869703024626
mixed_adaptive_compliance_reframing_046,mixed_traffic,fhe_filter,8.694982971064746,5.246009037364274,39.15161004988477,3.412489022593945,0.04460697527974844,,56.77978292806074
mixed_adaptive_compliance_reframing_047,mixed_traffic,fhe_filter,9.123415977228433,5.199009028729051,39.18350802268833,3.391637990716845,0.04211300984025002,,57.16912803472951
mixed_adaptive_compliance_reframing_048,mixed_traffic,fhe_filter,9.126769960857928,5.264416977297515,38.99371298030019,3.440291970036924,0.0378470285795629,,57.0924129569903
mixed_adaptive_compliance_reframing_049,mixed_traffic,fhe_filter,8.877026964910328,5.258176999632269,39.19568698620424,3.259800025261939,0.03701495006680489,,56.85526592424139
mixed_adaptive_compliance_reframing_050,mixed_traffic,fhe_filter,8.887171978130937,5.237677018158138,39.30035303346813,3.465179004706442,0.03937899600714445,,57.15892295120284
mixed_adaptive_fraud_analysis_disguised_extraction_001,mixed_traffic,fhe_filter,8.567200973629951,5.203266046009958,39.57946196896955,3.200870996806771,0.03741600085049868,,56.81686993921176
mixed_adaptive_fraud_analysis_disguised_extraction_002,mixed_traffic,fhe_filter,8.661243016831577,5.340480012819171,39.52403902076185,3.243796003516763,0.03393099177628756,,57.02999897766858
mixed_adaptive_fraud_analysis_disguised_extraction_003,mixed_traffic,fhe_filter,8.303485985379666,5.128232995048165,39.04956701444462,3.491937997750938,0.03892800305038691,,56.25180102651939
mixed_adaptive_fraud_analysis_disguised_extraction_004,mixed_traffic,fhe_filter,8.542154042515904,5.186079011764377,41.57040896825492,3.391568025108427,0.03176805330440402,,58.94799611996859
mixed_adaptive_fraud_analysis_disguised_extraction_005,mixed_traffic,fhe_filter,8.288552984595299,5.244556989055127,38.87282201321796,3.277465992141515,0.03709597513079643,,55.94974791165441
mixed_adaptive_fraud_analysis_disguised_extraction_006,mixed_traffic,fhe_filter,8.694502990692854,6.91523402929306,39.80395797407255,3.257577016483992,0.044576998334378,,58.953333995305
mixed_adaptive_fraud_analysis_disguised_extraction_007,mixed_traffic,fhe_filter,8.727502019610256,5.248884030152112,39.5266929990612,3.231007023714483,0.04521699156612158,,57.00785503722727
mixed_adaptive_fraud_analysis_disguised_extraction_008,mixed_traffic,fhe_filter,8.363064960576594,5.206289992202073,38.95374404964969,3.237595956306905,0.03848795313388109,,56.02764489594847
mixed_adaptive_fraud_analysis_disguised_extraction_009,mixed_traffic,fhe_filter,8.418107987381518,5.229304020758718,39.00651197182015,3.159097977913916,0.04006002563983202,,56.08177604153752
mixed_adaptive_fraud_analysis_disguised_extraction_010,mixed_traffic,fhe_filter,8.596446015872061,5.222645006142557,39.58139399765059,3.275904047768563,0.03814697265625,,56.95056001422927
mixed_adaptive_fraud_analysis_disguised_extraction_011,mixed_traffic,fhe_filter,8.449154032859951,5.221822997555137,38.83668698836118,3.278308024164289,0.03723602276295424,,56.05227203341201
mixed_adaptive_fraud_analysis_disguised_extraction_012,mixed_traffic,fhe_filter,8.678268000949174,5.228433001320809,39.21932203229517,3.230275004170835,0.03628502599895,,56.6216169972904
mixed_adaptive_fraud_analysis_disguised_extraction_013,mixed_traffic,fhe_filter,8.307882992085069,5.199729988817126,39.35341199394315,3.271597030106932,0.03744702553376555,,56.39741104096174
mixed_adaptive_fraud_analysis_disguised_extraction_014,mixed_traffic,fhe_filter,8.604647009633482,5.268823995720595,39.43013702519238,3.303255012724549,0.03648397978395224,,56.87122902600095
mixed_adaptive_fraud_analysis_disguised_extraction_015,mixed_traffic,fhe_filter,8.280691981781274,5.27348998002708,39.00152602000162,3.252919006627053,0.03648496931418777,,56.0725029790774
mixed_adaptive_fraud_analysis_disguised_extraction_016,mixed_traffic,fhe_filter,8.568664023187011,5.239800026174635,39.46174500742927,3.298468014691025,0.03688596189022064,,56.8341760081239
mixed_adaptive_fraud_analysis_disguised_extraction_017,mixed_traffic,fhe_filter,8.724307001102716,5.209455033764243,38.76861504977569,3.441582957748324,0.03493198892101645,,56.41392502002418
mixed_adaptive_fraud_analysis_disguised_extraction_018,mixed_traffic,fhe_filter,8.609173994045705,5.203275999519974,38.56827499112114,3.22906399378553,0.039418984670192,,55.88341795373708
mixed_adaptive_fraud_analysis_disguised_extraction_019,mixed_traffic,fhe_filter,8.638347033411264,5.24310499895364,38.63190003903583,3.263804945163429,0.03648502752184868,,56.07499607140198
mixed_adaptive_fraud_analysis_disguised_extraction_020,mixed_traffic,fhe_filter,8.662765030749142,5.213218973949552,38.60848501790315,3.348332014866173,0.03670499427244067,,56.0975200496614
mixed_adaptive_fraud_analysis_disguised_extraction_021,mixed_traffic,fhe_filter,8.555554028134793,5.2418929990381,38.61591598251835,3.417656989768147,0.03499200101941824,,56.09439400723204
mixed_adaptive_fraud_analysis_disguised_extraction_022,mixed_traffic,fhe_filter,8.501413045451045,5.195214005652815,38.61818998120725,3.389844961930066,0.03462203312665224,,55.96632411470637
mixed_adaptive_fraud_analysis_disguised_extraction_023,mixed_traffic,fhe_filter,8.677467005327344,5.233030009549111,38.60580100445077,3.062454983592033,0.0345220323652029,,55.84152706433088
mixed_adaptive_fraud_analysis_disguised_extraction_024,mixed_traffic,fhe_filter,8.366480004042387,5.250956979580224,40.80856504151598,3.278416988905519,0.04268396878615022,,57.97544599045068
mixed_adaptive_fraud_analysis_disguised_extraction_025,mixed_traffic,fhe_filter,9.991558035835624,5.672468978445977,38.72978797880933,3.230707021430135,0.04052999429404736,,57.8940249979496
mixed_adaptive_fraud_analysis_disguised_extraction_026,mixed_traffic,fhe_filter,8.521181007381529,5.264376988634467,38.77436299808323,3.214743046555668,0.04111201269552112,,56.04259698884562
mixed_adaptive_fraud_analysis_disguised_extraction_027,mixed_traffic,fhe_filter,8.643136010505259,5.210145027376711,38.58443902572617,3.375252010300756,0.037585967220366,,56.07814097311348
mixed_adaptive_fraud_analysis_disguised_extraction_028,mixed_traffic,fhe_filter,8.569514960981905,5.241963022854179,38.53780002100393,3.313670982606709,0.03536301665008068,,55.92579196672887
mixed_adaptive_fraud_analysis_disguised_extraction_029,mixed_traffic,fhe_filter,8.655794023070484,5.261693033389747,38.68525999132544,3.355071996338665,0.03790704067796469,,56.21990404324606
mixed_adaptive_fraud_analysis_disguised_extraction_030,mixed_traffic,fhe_filter,8.556866028811783,5.254763003904372,38.86822500498965,3.193010052200407,0.0382169964723289,,56.1390119837597
mixed_adaptive_fraud_analysis_disguised_extraction_031,mixed_traffic,fhe_filter,9.063554985914379,5.243265011813492,39.09670800203457,3.63383098738268,0.03580399788916111,,57.30164499254897
mixed_adaptive_fraud_analysis_disguised_extraction_032,mixed_traffic,fhe_filter,8.804648008663207,5.259508965536952,39.05155998654664,3.346969955600798,0.04037102917209268,,56.73186201602221
mixed_adaptive_fraud_analysis_disguised_extraction_033,mixed_traffic,fhe_filter,8.679549966473132,5.239318998064846,39.46623200317845,3.334031032864004,0.03535399446263909,,56.98313994798809
mixed_adaptive_fraud_analysis_disguised_extraction_034,mixed_traffic,fhe_filter,8.786379999946803,5.232339026406407,38.44154498074204,3.230826987419277,0.03753695636987686,,55.95612898468971
mixed_adaptive_fraud_analysis_disguised_extraction_035,mixed_traffic,fhe_filter,8.844938012771308,5.217035009991378,38.67148095741868,3.36429598974064,0.03659498179331422,,56.35896197054535
mixed_adaptive_fraud_analysis_disguised_extraction_036,mixed_traffic,fhe_filter,8.515172987245023,5.289154010824859,39.36021303525195,3.270315006375313,0.03810698399320245,,56.70394893968478
mixed_adaptive_fraud_analysis_disguised_extraction_037,mixed_traffic,fhe_filter,8.536795969121158,5.262695020064712,39.59550597937778,3.120571025647223,0.036093988455832,,56.77482596365735
mixed_adaptive_fraud_analysis_disguised_extraction_038,mixed_traffic,fhe_filter,8.483826008159667,5.236624972894788,39.05376297188923,3.312519052997231,0.0372860231436789,,56.35231104679406
mixed_adaptive_fraud_analysis_disguised_extraction_039,mixed_traffic,fhe_filter,8.333762001711875,5.270615976769477,38.56351901777089,3.336866036988795,0.0404900056309998,,55.77495601028204
mixed_adaptive_fraud_analysis_disguised_extraction_040,mixed_traffic,fhe_filter,9.966950980015099,5.615142988972366,37.68496896373108,3.319007984828204,0.0397089752368629,,56.85439496301115
mixed_adaptive_fraud_analysis_disguised_extraction_041,mixed_traffic,fhe_filter,10.34037099452689,5.642405012622476,38.32262597279623,3.393530030734837,0.04202296258881688,,57.97069997061044
mixed_adaptive_fraud_analysis_disguised_extraction_042,mixed_traffic,fhe_filter,10.08298498345539,5.676864995621145,38.48486003698781,3.314372035674751,0.04185305442661047,,57.82885703956708
mixed_adaptive_fraud_analysis_disguised_extraction_043,mixed_traffic,fhe_filter,10.13748697005212,5.655313958413899,39.25960103515536,3.160941996611655,0.0400500139221549,,58.48271795548499
mixed_adaptive_fraud_analysis_disguised_extraction_044,mixed_traffic,fhe_filter,8.813972002826631,5.183405999559909,40.29909201199189,3.28444701153785,0.04186294972896576,,57.86019592778757
mixed_adaptive_fraud_analysis_disguised_extraction_045,mixed_traffic,fhe_filter,10.11493295663968,5.669174017384648,38.2901779958047,3.295683010946959,0.04029000410810113,,57.6404839521274
mixed_adaptive_fraud_analysis_disguised_extraction_046,mixed_traffic,fhe_filter,10.3127799811773,5.694222054444253,39.02531001949683,3.321942989714444,0.03899901639670134,,58.62097698263824
mixed_adaptive_fraud_analysis_disguised_extraction_047,mixed_traffic,fhe_filter,8.757186005823314,5.658607988152653,47.40353900706396,3.800841979682446,0.09101600153371692,,65.99982402985916
mixed_adaptive_fraud_analysis_disguised_extraction_048,mixed_traffic,fhe_filter,15.80503804143518,5.150976998265833,36.58937598811463,2.948324021417648,0.04653003998100758,,60.77451608143747
mixed_adaptive_fraud_analysis_disguised_extraction_049,mixed_traffic,fhe_filter,10.11657499475405,5.507441994268447,36.50073299650103,3.04393598344177,0.0456480192951858,,55.44183601159602
mixed_adaptive_fraud_analysis_disguised_extraction_050,mixed_traffic,fhe_filter,10.40430698776618,6.815864006057382,98.29708200413734,5.645278957672417,0.2761549549177289,,121.8957429518923
mixed_adaptive_partial_field_verification_001,mixed_traffic,fhe_filter,67.27300403872505,7.767843024339527,72.71124195540324,7.594480994157493,0.2582269953563809,,155.9975760173984
mixed_adaptive_partial_field_verification_002,mixed_traffic,fhe_filter,15.89891000185162,6.703875958919525,56.76760495407507,4.371788003481925,0.2176859998144209,,84.36868904391304
mixed_adaptive_partial_field_verification_003,mixed_traffic,fhe_filter,98.81120396312326,5.4795200121589,95.64516501268372,5.59189694467932,0.3104349598288536,,206.306021893397
mixed_adaptive_partial_field_verification_004,mixed_traffic,fhe_filter,34.36899703228846,7.263575971592218,65.33796101575717,5.207030975725502,0.2653879928402603,,112.8193880431354
mixed_adaptive_partial_field_verification_005,mixed_traffic,fhe_filter,33.67128898389637,6.595222977921367,136.0387070453726,22.98379800049588,0.07369095692411065,,199.6421369840391
mixed_adaptive_partial_field_verification_006,mixed_traffic,fhe_filter,23.12900498509407,9.340211981907487,91.67095297016203,3.470435040071607,0.063034996856004,,127.9225429752842
mixed_adaptive_partial_field_verification_007,mixed_traffic,fhe_filter,10.68952499190345,5.667612014804035,41.21480497997254,3.414932987652719,0.06203301018103957,,61.28308898769319
mixed_adaptive_partial_field_verification_008,mixed_traffic,fhe_filter,10.46646101167426,5.727951996959746,38.84261701023206,3.472148033324629,0.05568400956690311,,58.79938404541463
mixed_adaptive_partial_field_verification_009,mixed_traffic,fhe_filter,9.852878982201219,5.68134302739054,44.76286796852946,4.518567002378404,0.09078701259568334,,65.18253800459206
mixed_adaptive_partial_field_verification_010,mixed_traffic,fhe_filter,27.269976970274,5.912068008910865,40.22221703780815,3.425869974307716,0.05753600271418691,,77.13240396697074
mixed_adaptive_partial_field_verification_011,mixed_traffic,fhe_filter,10.20325598074123,5.717245978303254,39.92623201338574,3.391086996998638,0.0602809595875442,,59.53516793670133
mixed_adaptive_partial_field_verification_012,mixed_traffic,fhe_filter,12.46255496516824,7.003966020420194,59.81369398068637,3.518768993671983,0.07032603025436401,,83.11278600012884
mixed_adaptive_partial_field_verification_013,mixed_traffic,fhe_filter,11.37614494655281,5.934821965638548,41.61940194899216,3.73486295575276,0.07114600157365203,,62.9866739618592
mixed_adaptive_partial_field_verification_014,mixed_traffic,fhe_filter,11.28461700864136,5.984125949908048,44.25265197642148,3.716726030688733,0.07256900426000357,,65.55553805083036
mixed_adaptive_partial_field_verification_015,mixed_traffic,fhe_filter,10.79798798309639,5.961753020528704,41.44305799854919,3.675132989883423,0.07080700015649199,,62.19282496022061
mixed_adaptive_partial_field_verification_016,mixed_traffic,fhe_filter,11.22533797752112,5.984396964777261,41.60174500430003,3.487201000098139,0.06998499156907201,,62.61523597640917
mixed_adaptive_partial_field_verification_017,mixed_traffic,fhe_filter,11.09096698928624,5.896885995753109,41.33494501002133,3.672268998343498,0.07165799615904689,,62.31051095528528
mixed_adaptive_partial_field_verification_018,mixed_traffic,fhe_filter,11.26927399309352,5.949644953943789,41.48790502222255,3.501312981825322,0.06253400351852179,,62.50850699143484
mixed_adaptive_partial_field_verification_019,mixed_traffic,fhe_filter,9.991397964768112,5.744256020989269,40.40718299802393,3.52726096753031,0.06337498780339956,,59.97235194081441
mixed_adaptive_partial_field_verification_020,mixed_traffic,fhe_filter,9.869483998045325,5.753570992965251,38.9265920384787,3.521453007124364,0.06266398122534156,,58.37093002628535
mixed_adaptive_partial_field_verification_021,mixed_traffic,fhe_filter,10.41626400547102,5.786419962532818,54.05125999823213,7.482063956558704,0.2259289612993598,,78.29599798424169
mixed_adaptive_partial_field_verification_022,mixed_traffic,fhe_filter,34.93178001372144,5.639650044031441,39.77306204615161,3.402194008231163,0.06285397103056312,,84.04788695042953
mixed_adaptive_partial_field_verification_023,mixed_traffic,fhe_filter,10.31725603388622,5.741251981817186,39.87163002602756,3.759469022043049,0.07254898082464933,,60.00804505310953
mixed_adaptive_partial_field_verification_024,mixed_traffic,fhe_filter,11.11237896839157,5.92619099188596,41.8748949887231,3.502293024212122,0.07589400047436357,,62.73626798065379
mixed_adaptive_partial_field_verification_025,mixed_traffic,fhe_filter,10.85027598310262,5.970216006971896,37.85755898570642,3.286310005933046,0.06521801697090268,,58.26723499922082
mixed_adaptive_partial_field_verification_026,mixed_traffic,fhe_filter,10.67243999568745,5.698528024367988,38.30051299883053,3.308762970846146,0.04906399408355355,,58.2584019866772
mixed_adaptive_partial_field_verification_027,mixed_traffic,fhe_filter,10.27907896786928,5.687832017429173,37.99278195947409,3.10449703829363,0.04761095624417067,,57.34932696213946
mixed_adaptive_partial_field_verification_028,mixed_traffic,fhe_filter,10.6149929924868,5.673289997503161,38.27940201153979,3.330626001115888,0.04851300036534667,,58.17817099159583
mixed_adaptive_partial_field_verification_029,mixed_traffic,fhe_filter,10.49333100672811,5.707652017008513,38.11128897359595,3.332749009132385,0.04700000863522291,,57.92143597500399
mixed_adaptive_partial_field_verification_030,mixed_traffic,fhe_filter,9.947583021130413,5.69516298128292,38.37042895611376,3.310425963718444,0.04295399412512779,,57.59585701161996
mixed_adaptive_partial_field_verification_031,mixed_traffic,fhe_filter,10.19540400011465,5.661363014951348,37.59851999348029,3.312458982691169,0.04106102278456092,,57.03565699514002
mixed_adaptive_partial_field_verification_032,mixed_traffic,fhe_filter,10.09656500536948,5.688984005246311,38.06877601891756,4.819640016648918,0.07406098302453756,,58.99397499160841
mixed_adaptive_partial_field_verification_033,mixed_traffic,fhe_filter,29.56690301652998,7.37374002346769,55.55981397628784,3.361492999829352,0.05879800301045179,,96.16538404952735
mixed_adaptive_partial_field_verification_034,mixed_traffic,fhe_filter,10.42934402357787,5.626950995065272,39.76770403096452,3.27225896762684,0.04566804273054004,,59.37138909939677
mixed_adaptive_partial_field_verification_035,mixed_traffic,fhe_filter,10.2539419895038,5.665768985636532,38.04926603334025,3.285638988018036,0.04697003168985248,,57.53331404412165
mixed_adaptive_partial_field_verification_036,mixed_traffic,fhe_filter,10.74330601841211,5.703465023543686,38.32278697518632,3.344797994941473,0.04645995795726776,,58.39108099462464
mixed_adaptive_partial_field_verification_037,mixed_traffic,fhe_filter,10.77594503294677,5.658918991684914,37.87126898532733,3.48829198628664,0.04355597775429487,,58.07053099852055
mixed_adaptive_partial_field_verification_038,mixed_traffic,fhe_filter,10.54980501066893,5.680751986801624,38.47544500604272,3.425599017646164,0.04517799243330956,,58.40771505609155
mixed_adaptive_partial_field_verification_039,mixed_traffic,fhe_filter,10.21095796022564,5.681341979652643,37.74624201469123,3.338708018418401,0.04603900015354156,,57.25372495362535
mixed_adaptive_partial_field_verification_040,mixed_traffic,fhe_filter,10.74915402568877,5.678677989635617,38.96173503017053,3.337996953632683,0.0457089627161622,,59.00400999234989
mixed_adaptive_partial_field_verification_041,mixed_traffic,fhe_filter,10.3446869761683,5.700620997231454,38.29325299011543,3.347100981045514,0.04156195791438222,,57.95730894897133
mixed_adaptive_partial_field_verification_042,mixed_traffic,fhe_filter,10.12110203737393,5.632769025396556,38.05255197221413,3.279249009210616,0.04302500747144222,,57.35972401453182
mixed_adaptive_partial_field_verification_043,mixed_traffic,fhe_filter,10.24591003078967,5.670365993864834,37.96794498339295,3.330064995680004,0.039829988963902,,57.48267803573981
mixed_adaptive_partial_field_verification_044,mixed_traffic,fhe_filter,9.856224991381168,5.69799798540771,54.09335403237492,4.339678969699889,0.07055600872263312,,74.30544297676533
mixed_adaptive_partial_field_verification_045,mixed_traffic,fhe_filter,11.1168859875761,5.699900968465954,44.93460501544178,4.055473022162914,0.0617020414210856,,66.10774603905156
mixed_adaptive_partial_field_verification_046,mixed_traffic,fhe_filter,10.35888801561669,5.658908979967237,45.12689297553152,4.190256004221737,0.07112696766853333,,65.65349496668205
mixed_adaptive_partial_field_verification_047,mixed_traffic,fhe_filter,11.53302000602707,5.737866973504424,46.62222601473331,3.357976966071874,0.05977897671982646,,67.54829600686207
mixed_adaptive_partial_field_verification_048,mixed_traffic,fhe_filter,10.40673098759726,5.954631022177637,41.44812503363937,3.297867020592093,0.0628340058028698,,61.40611198497936
mixed_adaptive_partial_field_verification_049,mixed_traffic,fhe_filter,10.438128025271,5.683957017026842,38.2777780178003,3.32883297232911,0.04610902396962047,,58.00609308062121
mixed_adaptive_partial_field_verification_050,mixed_traffic,fhe_filter,10.05038700532168,5.658718000631779,38.89243101002648,3.417605999857187,0.04722096491605043,,58.29693994019181
mixed_adaptive_debug_log_framing_001,mixed_traffic,fhe_filter,10.49669599160552,5.690987047273666,38.40502997627482,3.350956016220152,0.04473800072446465,,58.21965401992202
mixed_adaptive_debug_log_framing_002,mixed_traffic,fhe_filter,10.04418701631948,5.683084949851036,37.66665200237185,3.257828007917851,0.04535901825875044,,56.92760698730126
mixed_adaptive_debug_log_framing_003,mixed_traffic,fhe_filter,9.945088007953018,5.678578978404403,38.41034800279886,3.273621026892215,0.04407600499689579,,57.58367903763428
mixed_adaptive_debug_log_framing_004,mixed_traffic,fhe_filter,9.863525978289545,5.590014974586666,40.97476496826857,3.485649009235203,0.048462999984622,,60.19549799384549
mixed_adaptive_debug_log_framing_005,mixed_traffic,fhe_filter,10.11078601004556,5.665328993927687,38.43832900747657,3.097936976701021,0.04439702024683356,,57.58752499241382
mixed_adaptive_debug_log_framing_006,mixed_traffic,fhe_filter,10.37322101183236,5.685558018740267,38.74454001197591,3.342614043504,0.04295504186302423,,58.4180720616132
mixed_adaptive_debug_log_framing_007,mixed_traffic,fhe_filter,10.19590505165979,5.607211962342262,38.33944100188091,3.368692996446043,0.04351499956101179,,57.78467108029872
mixed_adaptive_debug_log_framing_008,mixed_traffic,fhe_filter,9.673410968389362,5.628894024994224,37.5103370170109,3.242974984459579,0.04244298906996846,,56.33334390586242
mixed_adaptive_debug_log_framing_009,mixed_traffic,fhe_filter,10.12950396398082,5.6659389520064,66.75542797893286,11.36438798857853,0.2430850290693343,,95.01124196685851
mixed_adaptive_debug_log_framing_010,mixed_traffic,fhe_filter,29.11119896452874,5.349224025849253,45.27765000239015,3.416184976231307,0.06222299998626113,,83.4540359210223
mixed_adaptive_debug_log_framing_011,mixed_traffic,fhe_filter,10.50690101692453,5.734461999963969,39.0697869588621,3.277326002717018,0.06272399332374334,,58.88664297526702
mixed_adaptive_debug_log_framing_012,mixed_traffic,fhe_filter,10.25783695513383,5.774522025603801,40.51936097675934,3.682323964312673,0.0737910158932209,,60.54716499056667
mixed_adaptive_debug_log_framing_013,mixed_traffic,fhe_filter,11.02122198790312,5.993020022287965,42.07257204689085,3.736334969289601,0.07155799539759755,,63.13908298034221
mixed_adaptive_debug_log_framing_014,mixed_traffic,fhe_filter,10.97133802250028,5.908393010031432,41.87614697730169,3.463095985352993,0.07353100227192044,,62.53861403092742
mixed_adaptive_debug_log_framing_015,mixed_traffic,fhe_filter,11.22012099949643,5.979157984256744,41.72290698625147,3.66395601304248,0.07242901483550668,,62.90083500789478
mixed_adaptive_debug_log_framing_016,mixed_traffic,fhe_filter,11.40852400567383,5.953389976639301,41.84187500504777,3.717817016877234,0.0745910219848156,,63.24234703788534
mixed_adaptive_debug_log_framing_017,mixed_traffic,fhe_filter,11.13939000060782,5.942153977230191,41.70733300270513,3.527170978486538,0.06849301280453801,,62.62687500566244
mixed_adaptive_debug_log_framing_018,mixed_traffic,fhe_filter,11.19491300778463,5.963034986052662,40.13154003769159,3.494281962048262,0.06550800753757358,,61.08938803663477
mixed_adaptive_debug_log_framing_019,mixed_traffic,fhe_filter,10.27525402605534,5.797618010547012,39.16811500675976,3.540482022799551,0.0624039676040411,,59.08254900714383
mixed_adaptive_debug_log_framing_020,mixed_traffic,fhe_filter,10.06513898028061,5.752799042966217,39.40260701347142,3.675863961689174,0.061762984842062,,59.19495696434751
mixed_adaptive_debug_log_framing_021,mixed_traffic,fhe_filter,10.37225901382044,5.753240024205297,46.02044296916574,3.425107977818698,0.06265402771532536,,65.8707520342432
mixed_adaptive_debug_log_framing_022,mixed_traffic,fhe_filter,12.63899001060054,5.741491972003132,42.59207099676132,3.335532965138555,0.06256398046389222,,64.60908800363541
mixed_adaptive_debug_log_framing_023,mixed_traffic,fhe_filter,12.70744303474203,5.669694975949824,44.47520599933341,3.314532979857177,0.06243400275707245,,66.46688602631912
mixed_adaptive_debug_log_framing_024,mixed_traffic,fhe_filter,10.32621995545924,5.706641008146107,46.11361399292946,3.450497053563595,0.06353500066325068,,65.8976209233515
mixed_adaptive_debug_log_framing_025,mixed_traffic,fhe_filter,10.47873799689114,6.053040036931634,48.87402401072904,3.416826017200947,0.06136199226602912,,69.12079500034451
mixed_adaptive_debug_log_framing_026,mixed_traffic,fhe_filter,10.04485803423449,5.813761032186449,44.86516100587323,3.719619009643793,0.06079202285036445,,64.73861308768392
mixed_adaptive_debug_log_framing_027,mixed_traffic,fhe_filter,11.02237397572026,5.691496946383268,39.67801004182547,3.440841974224895,0.06192299770191312,,60.13282400090247
mixed_adaptive_debug_log_framing_028,mixed_traffic,fhe_filter,10.48967498354614,5.772989999968559,39.34371803188697,3.588222025427967,0.07217802340164781,,59.51345403445885
mixed_adaptive_debug_log_framing_029,mixed_traffic,fhe_filter,11.3724090042524,5.99013501778245,41.34059400530532,3.442014043685049,0.06683100946247578,,62.45088099967688
mixed_adaptive_debug_log_framing_030,mixed_traffic,fhe_filter,10.36158303031698,5.673339997883886,42.1546750003472,3.295262984465808,0.04850298864766955,,61.76528101786971
mixed_adaptive_debug_log_framing_031,mixed_traffic,fhe_filter,10.71644498733804,5.690617021173239,37.68772399052978,3.422564011998475,0.04794198321178555,,57.79731093207374
mixed_adaptive_debug_log_framing_032,mixed_traffic,fhe_filter,10.58575895149261,5.689793964847922,38.54826500173658,3.360311035066843,0.04727102350443602,,58.46136598847806
mixed_adaptive_debug_log_framing_033,mixed_traffic,fhe_filter,10.16803202219307,5.687902041245252,38.57222199440002,3.334172011818737,0.04700099816545844,,58.03987302351743
mixed_adaptive_debug_log_framing_034,mixed_traffic,fhe_filter,10.22733096033335,5.673450999893248,38.40861498611048,3.390756959561259,0.04661997081711888,,57.97820090083405
mixed_adaptive_debug_log_framing_035,mixed_traffic,fhe_filter,10.16673998674378,5.646469944622368,38.13806001562625,3.367422032169998,0.04353601252660155,,57.58945795241743
mixed_adaptive_debug_log_framing_036,mixed_traffic,fhe_filter,10.13896899530664,5.645829020068049,37.96070400858298,3.30009002937004,0.046068977098912,,57.32197599718347
mixed_adaptive_debug_log_framing_037,mixed_traffic,fhe_filter,10.17530402168632,5.696826032362878,37.6281850039959,4.496874986216426,0.126069993712008,,58.42037597903982
mixed_adaptive_debug_log_framing_038,mixed_traffic,fhe_filter,28.5366969765164,7.728713972028345,45.90683302376419,4.20241296524182,0.06081099854782224,,86.68136695632711
mixed_adaptive_debug_log_framing_039,mixed_traffic,fhe_filter,10.87066798936576,5.704345996491611,42.13229200104252,4.170414991676807,0.07966003613546491,,63.20119806332514
mixed_adaptive_debug_log_framing_040,mixed_traffic,fhe_filter,11.12472801469266,5.707862030249089,42.77046897914261,3.318669041618705,0.05822704406455159,,63.21094109443948
mixed_adaptive_debug_log_framing_041,mixed_traffic,fhe_filter,10.20459696883336,5.653280997648835,38.05926098721102,3.416083985939622,0.04676997195929289,,57.61308298679069
mixed_adaptive_debug_log_framing_042,mixed_traffic,fhe_filter,10.57544403010979,5.658568989019841,38.3893059915863,3.361672977916896,0.05138700362294912,,58.26988903572783
mixed_adaptive_debug_log_framing_043,mixed_traffic,fhe_filter,10.4430650244467,5.686600983608514,37.89959201822057,3.274751943536103,0.04720001015812159,,57.58938699727878
mixed_adaptive_debug_log_framing_044,mixed_traffic,fhe_filter,10.50969498464838,5.683696013875306,40.30376899754629,3.311296983156353,0.04681100836023688,,60.08619297062978
mixed_adaptive_debug_log_framing_045,mixed_traffic,fhe_filter,10.35130798118189,5.670085025485605,38.37243001908064,3.364066011272371,0.04705099854618311,,58.03646997082978
mixed_adaptive_debug_log_framing_046,mixed_traffic,fhe_filter,10.60589996632189,5.662113020662218,38.05142000783235,3.392378974240273,0.04283402813598514,,57.98567202873528
mixed_adaptive_debug_log_framing_047,mixed_traffic,fhe_filter,10.56906400481239,5.678638000972569,38.15562697127461,3.355694003403187,0.04472699947655201,,58.03436395945027
mixed_adaptive_debug_log_framing_048,mixed_traffic,fhe_filter,10.12561901006848,5.666259967256337,37.63166000135243,3.223135019652545,0.04327500937506557,,56.91873206524178
mixed_adaptive_debug_log_framing_049,mixed_traffic,fhe_filter,10.09150699246675,5.659179005306214,38.32855500513688,3.321713011246175,0.043304986320436,,57.67378397285938
mixed_adaptive_debug_log_framing_050,mixed_traffic,fhe_filter,10.09326096391305,5.686699994839728,38.36860600858927,3.336545021738857,0.04420697223395109,,57.75552790146321
mixed_adaptive_indirect_inference_001,mixed_traffic,fhe_filter,10.21977997152135,5.681032023858279,44.93921203538775,3.30372602911666,0.06210297578945756,,64.44083497626707
mixed_adaptive_indirect_inference_002,mixed_traffic,fhe_filter,10.38692099973559,5.642083007842302,48.7560480250977,3.413189959246665,0.06206304533407092,,68.49639903521165
mixed_adaptive_indirect_inference_003,mixed_traffic,fhe_filter,11.18261402007192,5.564298015087843,43.5013149981387,3.363824973348528,0.06147200474515557,,63.90640302561224
mixed_adaptive_indirect_inference_004,mixed_traffic,fhe_filter,10.60134201543406,5.674763000570238,45.15175096457824,3.443574998527765,0.06141199264675379,,65.16917701810598
mixed_adaptive_indirect_inference_005,mixed_traffic,fhe_filter,10.28330501867458,5.921772972214967,42.68186498666182,3.859939984977245,0.07046596147119999,,63.06472100550309
mixed_adaptive_indirect_inference_006,mixed_traffic,fhe_filter,11.27049600472674,5.637697002384812,43.51429402595386,3.824857994914055,0.0715880305506289,,64.56509203417227
mixed_adaptive_indirect_inference_007,mixed_traffic,fhe_filter,10.6657290016301,5.674941989127547,42.22057398874313,3.107501019258052,0.06112200208008289,,61.96397898020223
mixed_adaptive_indirect_inference_008,mixed_traffic,fhe_filter,10.38949599023908,5.672077997587621,38.12139498768374,3.322414006106555,0.04746101330965757,,57.78524198103696
mixed_adaptive_indirect_inference_009,mixed_traffic,fhe_filter,10.6460900278762,5.687210010364652,38.35328301647678,3.27674497384578,0.04856300074607134,,58.24246705742553
mixed_adaptive_indirect_inference_010,mixed_traffic,fhe_filter,10.48939500469714,5.680861999280751,38.32936601247638,3.361363022122532,0.04822202026844025,,58.14131605438888
mixed_adaptive_indirect_inference_011,mixed_traffic,fhe_filter,10.65959001425654,5.65250898944214,38.01704803481698,3.38813301641494,0.05367095582187176,,58.00203693797812
mixed_adaptive_indirect_inference_012,mixed_traffic,fhe_filter,10.54518803721294,5.662593990564346,38.2250199909322,3.277156036347151,0.0472610117867589,,57.9861419973895
mixed_adaptive_indirect_inference_013,mixed_traffic,fhe_filter,10.51064598141238,5.692709994036704,37.92731300927699,3.247009997721761,0.04529795842245221,,57.65297194011509
mixed_adaptive_indirect_inference_014,mixed_traffic,fhe_filter,10.29266999103129,5.642575037200004,40.6039779772982,4.063255968503654,0.04701997386291623,,60.87905296590179
mixed_adaptive_indirect_inference_015,mixed_traffic,fhe_filter,10.55295998230577,5.667400953825563,38.35298196645454,3.36511799832806,0.04123098915442824,,58.2101879408583
mixed_adaptive_indirect_inference_016,mixed_traffic,fhe_filter,10.21048595430329,5.683855968527496,37.98211604589596,3.364996984601021,0.04518800415098667,,57.51627794234082
mixed_adaptive_indirect_inference_017,mixed_traffic,fhe_filter,10.09877899195999,5.633450986351818,37.85403299843892,3.276804985944182,0.04508800338953733,,57.14270798489451
mixed_adaptive_indirect_inference_018,mixed_traffic,fhe_filter,12.56321597611532,7.088423997629434,56.45322403870523,3.642053983639926,0.08213298860937357,,80.07747196825221
mixed_adaptive_indirect_inference_019,mixed_traffic,fhe_filter,12.27827795082703,5.688854027539492,40.03276099683717,3.427592047955841,0.06803200813010335,,61.73290393780917
mixed_adaptive_indirect_inference_020,mixed_traffic,fhe_filter,12.73433299502358,5.638818023726344,41.66822595288977,3.29985999269411,0.06232404848560691,,63.64036601735279
mixed_adaptive_indirect_inference_021,mixed_traffic,fhe_filter,11.37704699067399,5.720631044823676,39.62056303862482,3.428243042435497,0.06118201417848468,,60.44690497219563
mixed_adaptive_indirect_inference_022,mixed_traffic,fhe_filter,10.48884401097894,5.731407029088587,40.47226201510057,3.775382996536791,0.07185799768194556,,60.78573205741122
mixed_adaptive_indirect_inference_023,mixed_traffic,fhe_filter,11.16586895659566,5.964437033981085,41.83249198831618,3.684486029669642,0.07345998892560601,,62.97044892562553
mixed_adaptive_indirect_inference_024,mixed_traffic,fhe_filter,11.25765696633607,5.952831008471549,41.65826999815181,3.777406003791839,0.07166794966906309,,62.9635599325411
mixed_adaptive_indirect_inference_025,mixed_traffic,fhe_filter,11.14177401177585,5.953050043899566,41.92907601827756,3.754242032300681,0.07329002255573869,,63.10106604360044
mixed_adaptive_indirect_inference_026,mixed_traffic,fhe_filter,11.36608002707362,5.9603700065054,41.46370897069573,3.529675013851374,0.0735200010240078,,62.64099502004683
mixed_adaptive_indirect_inference_027,mixed_traffic,fhe_filter,11.45870797336102,5.942133953794837,41.97828000178561,3.754581965040416,0.07239897968247533,,63.44712391728535
mixed_adaptive_indirect_inference_028,mixed_traffic,fhe_filter,11.45812799222767,5.958468944299966,40.82752403337508,3.327881975565106,0.06138195749372244,,61.87523796688765
mixed_adaptive_indirect_inference_029,mixed_traffic,fhe_filter,10.61132800532505,5.757996987085789,39.5014850073494,3.67962900782004,0.06265396950766444,,59.85269293887541
mixed_adaptive_indirect_inference_030,mixed_traffic,fhe_filter,10.4567960370332,5.741563043557107,39.55834900261834,3.466970985755324,0.05603401223197579,,59.51866204850376
mixed_adaptive_indirect_inference_031,mixed_traffic,fhe_filter,10.12039196211845,5.662253010086715,43.44223596854135,3.440061002038419,0.0624230015091598,,62.96409998321906
mixed_adaptive_indirect_inference_032,mixed_traffic,fhe_filter,12.664117035456,5.72838302468881,41.46169603336602,3.383504983503371,0.06223295349627733,,63.53362399386242
mixed_adaptive_indirect_inference_033,mixed_traffic,fhe_filter,10.73972001904622,5.78647997463122,47.2700169775635,3.451867960393429,0.06155204027891159,,67.54609307972714
mixed_adaptive_indirect_inference_034,mixed_traffic,fhe_filter,10.85512299323454,6.16588001139462,42.82188595971093,3.574120986741036,0.06138201570138335,,63.71405499521643
mixed_adaptive_indirect_inference_035,mixed_traffic,fhe_filter,10.53769700229168,5.678788991644979,43.0182900163345,4.363115003798157,0.07047498365864158,,63.93028801539913
mixed_adaptive_indirect_inference_036,mixed_traffic,fhe_filter,10.60908398358151,5.727420968469232,44.85627700341865,4.241994000039995,0.07041502976790071,,65.76197600224987
mixed_adaptive_indirect_inference_037,mixed_traffic,fhe_filter,10.9185180044733,5.671817983966321,52.04519996186718,3.345848992466927,0.06101204780861735,,72.27559806779027
mixed_adaptive_indirect_inference_038,mixed_traffic,fhe_filter,10.3477819939144,5.703636037651449,38.06597099173814,3.39383096434176,0.04614901263266802,,57.78774502687156
mixed_adaptive_indirect_inference_039,mixed_traffic,fhe_filter,9.987721976358443,5.641983007080853,38.29647798556834,3.354701970238239,0.04949502181261778,,57.55839199991897
mixed_adaptive_indirect_inference_040,mixed_traffic,fhe_filter,10.40515897329897,5.642643955070525,37.72277699317783,3.302012977655977,0.044988002628088,,57.34859796939418
mixed_adaptive_indirect_inference_041,mixed_traffic,fhe_filter,10.49097697250545,5.62874402385205,38.31799898762256,3.25630500447005,0.04788202932104468,,57.97194200567901
mixed_adaptive_indirect_inference_042,mixed_traffic,fhe_filter,10.41428203461692,5.671718041412532,38.34728302899748,3.299349045846611,0.0449370127171278,,58.00741509301588
mixed_adaptive_indirect_inference_043,mixed_traffic,fhe_filter,10.27476298622787,5.675594031345099,38.29647798556834,3.433880978263915,0.04825304495170712,,57.96023498987779
mixed_adaptive_indirect_inference_044,mixed_traffic,fhe_filter,10.38344600237906,5.681392969563603,38.40497002238408,3.30462702549994,0.04527805140241981,,58.04936808999628
mixed_adaptive_indirect_inference_045,mixed_traffic,fhe_filter,10.87243994697928,5.708514014258981,38.58878498431295,3.414372971747071,0.04133197944611311,,58.85368591407314
mixed_adaptive_indirect_inference_046,mixed_traffic,fhe_filter,10.14520903117955,5.697685992345214,37.75852097896859,3.273890994023532,0.04522799281403422,,57.15071997838095
mixed_adaptive_indirect_inference_047,mixed_traffic,fhe_filter,10.21215901710093,5.6464490480721,38.17771002650261,3.165198024362326,0.04194298526272178,,57.47228197287768
mixed_adaptive_indirect_inference_048,mixed_traffic,fhe_filter,9.815804020036012,5.655393004417419,59.49012900236994,4.406458989251405,0.08980499114841223,,79.71291500143707
mixed_adaptive_indirect_inference_049,mixed_traffic,fhe_filter,12.95664598001167,5.7335399906151,39.8985409992747,3.301382006611675,0.06186298560351133,,62.18828697456047
mixed_adaptive_indirect_inference_050,mixed_traffic,fhe_filter,17.85141904838383,5.620660958811641,49.72078499849886,3.891828004270792,0.08046097354963422,,77.45073107071221
