{
  "base_batch_count": 625,
  "base_example_count": 10000,
  "base_examples_per_second": 114.8539730510496,
  "base_forward_gpu_synchronized_total_ms": 85159.97878235066,
  "base_forward_total_ms": 87067.07947800169,
  "base_loss_batches_path": "/root/hecta-palm/experiment_runtime/runs/tmp/stage1_mia_timing/20260412-r1/base_loss_batches.csv",
  "base_loss_cache_used": false,
  "base_mean_batch_ms": 139.30107095213606,
  "base_mean_ms_per_example": 8.706707947800169,
  "base_model_load_ms": 2881.8205640418455,
  "base_p50_batch_ms": 138.80751800024882,
  "base_p95_batch_ms": 140.83886161679402,
  "dataset_load_ms": 94.57757498603314,
  "exposures": [
    {
      "adapter_model_load_ms": 1365.1038249954581,
      "artifact_write_ms": 41.96896200301126,
      "batch_count": 625,
      "bootstrap_ms": 6810.196244041435,
      "example_count": 10000,
      "examples_per_second": 66.44074940321869,
      "exposure_condition": "1x",
      "forward_batches_path": "/root/hecta-palm/experiment_runtime/runs/tmp/stage1_mia_timing/20260412-r1/1x/forward_batches.csv",
      "forward_gpu_synchronized_total_ms": 148571.19597308338,
      "forward_total_ms": 150510.04225300858,
      "mean_batch_ms": 240.80481492672115,
      "mean_gpu_synchronized_batch_ms": 237.7139135569334,
      "mean_ms_per_example": 15.051004225300858,
      "measurement_modes": {
        "gpu_synchronized_timing": true,
        "wall_clock_batch_timing": true
      },
      "metrics_compute_ms": 26.043192017823458,
      "p50_batch_ms": 241.18418397847563,
      "p50_gpu_synchronized_batch_ms": 238.1282080314122,
      "p95_batch_ms": 243.53902278235182,
      "p95_gpu_synchronized_batch_ms": 240.4099919833243,
      "run_name": "official-1x-20260411-r1",
      "total_exposure_wall_clock_ms": 158792.03772096662
    },
    {
      "adapter_model_load_ms": 1413.3864420000464,
      "artifact_write_ms": 43.37043297709897,
      "batch_count": 625,
      "bootstrap_ms": 6863.652269006707,
      "example_count": 10000,
      "examples_per_second": 65.84472971759396,
      "exposure_condition": "10x",
      "forward_batches_path": "/root/hecta-palm/experiment_runtime/runs/tmp/stage1_mia_timing/20260412-r1/10x/forward_batches.csv",
      "forward_gpu_synchronized_total_ms": 149915.80286214594,
      "forward_total_ms": 151872.4435940385,
      "mean_batch_ms": 242.98474594093858,
      "mean_gpu_synchronized_batch_ms": 239.8652845794335,
      "mean_ms_per_example": 15.187244359403849,
      "measurement_modes": {
        "gpu_synchronized_timing": true,
        "wall_clock_batch_timing": true
      },
      "metrics_compute_ms": 25.590327044483274,
      "p50_batch_ms": 243.34962101420388,
      "p50_gpu_synchronized_batch_ms": 240.23109499830753,
      "p95_batch_ms": 244.19358080485836,
      "p95_gpu_synchronized_batch_ms": 241.088468011003,
      "run_name": "official-10x-20260411-r1",
      "total_exposure_wall_clock_ms": 160258.21645301767
    },
    {
      "adapter_model_load_ms": 1332.8774799592793,
      "artifact_write_ms": 44.015888997819275,
      "batch_count": 625,
      "bootstrap_ms": 6832.761597994249,
      "example_count": 10000,
      "examples_per_second": 65.89068397564975,
      "exposure_condition": "50x",
      "forward_batches_path": "/root/hecta-palm/experiment_runtime/runs/tmp/stage1_mia_timing/20260412-r1/50x/forward_batches.csv",
      "forward_gpu_synchronized_total_ms": 149779.79578229133,
      "forward_total_ms": 151766.52292296058,
      "mean_batch_ms": 242.81501017212867,
      "mean_gpu_synchronized_batch_ms": 239.64767325166613,
      "mean_ms_per_example": 15.176652292296058,
      "measurement_modes": {
        "gpu_synchronized_timing": true,
        "wall_clock_batch_timing": true
      },
      "metrics_compute_ms": 26.09503298299387,
      "p50_batch_ms": 243.33517503691837,
      "p50_gpu_synchronized_batch_ms": 240.1837590150535,
      "p95_batch_ms": 243.92955281073228,
      "p95_gpu_synchronized_batch_ms": 240.7584630069323,
      "run_name": "official-50x-20260411-r1",
      "total_exposure_wall_clock_ms": 160042.1291530365
    }
  ],
  "measurement_modes": {
    "gpu_synchronized_timing": true,
    "wall_clock_batch_timing": true
  },
  "mia_summary_write_ms": 0.7075050380080938,
  "output_root": "/root/hecta-palm/experiment_runtime/runs/tmp/stage1_mia_timing/20260412-r1",
  "tokenization_ms": 6033.30431797076,
  "tokenizer_load_ms": 909.1322619933635,
  "total_wall_clock_ms": 576308.8008560007
}
