row_id,eval_dataset,filter_mode,embedding_ms,encryption_ms,fhe_scoring_ms,decryption_ms,threshold_ms,io_ms,total_filter_ms
mixed_benign_operational_transaction_scoring_001,mixed_traffic,fhe_filter,14.36374097829685,5.761175008956343,38.92610897310078,3.35876498138532,0.04908401751890779,,62.69144301768392
mixed_benign_operational_transaction_scoring_002,mixed_traffic,fhe_filter,8.952418982516974,5.558923003263772,39.09502300666645,3.507847955916077,0.04249397898092866,,57.38806293811649
mixed_benign_operational_transaction_scoring_003,mixed_traffic,fhe_filter,8.624999027233571,5.464992020279169,41.58844001358375,3.19768296321854,0.03785704029724002,,59.14119206136093
mixed_benign_operational_transaction_scoring_004,mixed_traffic,fhe_filter,8.49834899418056,5.542579048778862,40.12639803113416,3.69940500240773,0.04253297811374068,,58.13865800155327
mixed_benign_operational_transaction_scoring_005,mixed_traffic,fhe_filter,8.323546964675188,5.713353981263936,39.51678401790559,3.269130014814436,0.04278396954759955,,57.0955349248834
mixed_benign_operational_transaction_scoring_006,mixed_traffic,fhe_filter,8.496946014929563,5.635467998217791,40.36107996944338,3.244642983190715,0.0410510110668838,,58.00832202658057
mixed_benign_operational_transaction_scoring_007,mixed_traffic,fhe_filter,8.626780996564776,5.589808977674693,38.74109196476638,3.316151036415249,0.04082196392118931,,56.55134993139654
mixed_benign_operational_transaction_scoring_008,mixed_traffic,fhe_filter,8.55197903001681,5.328266997821629,38.4759739972651,3.41665098676458,0.03932794788852334,,56.04243493871763
mixed_benign_operational_transaction_scoring_009,mixed_traffic,fhe_filter,8.492950990330428,5.63845201395452,38.48532802658156,3.272055007982999,0.04234403604641557,,56.16068403469399
mixed_benign_operational_transaction_scoring_010,mixed_traffic,fhe_filter,8.482425997499377,5.237590987235308,38.4732999955304,3.37424804456532,0.04021002678200603,,55.83624803693965
mixed_benign_operational_transaction_scoring_011,mixed_traffic,fhe_filter,8.918178034946322,5.415647989138961,38.71958999661729,3.348518977873027,0.04086201079189777,,56.67078902479261
mixed_benign_operational_transaction_scoring_012,mixed_traffic,fhe_filter,8.793712011538446,5.273876013234258,39.48167199268937,3.264744009356946,0.03807700704783201,,57.08114302251488
mixed_benign_operational_transaction_scoring_013,mixed_traffic,fhe_filter,9.781061962712556,5.996667954605073,38.91464200569317,3.133145975880325,0.03365101292729378,,58.08544001774862
mixed_benign_operational_transaction_scoring_014,mixed_traffic,fhe_filter,8.416636032052338,5.473583994898945,38.91628503333777,3.418505017179996,0.03449199721217155,,56.48778402246535
mixed_benign_operational_transaction_scoring_015,mixed_traffic,fhe_filter,8.309755998197943,5.458551982883364,39.35161698609591,3.594859037548304,0.03303901758044958,,56.97566497838125
mixed_benign_operational_transaction_scoring_016,mixed_traffic,fhe_filter,8.31363198813051,5.309019004926085,39.50744098983705,3.177432983648032,0.04075100878253579,,56.578739953693
mixed_benign_operational_transaction_scoring_017,mixed_traffic,fhe_filter,8.156255993526429,5.666333017870784,38.75389200402424,3.121218993328512,0.04123197868466377,,55.9684059699066
mixed_benign_operational_transaction_scoring_018,mixed_traffic,fhe_filter,8.358218008652329,5.362247989978641,38.848161988426,3.398964996449649,0.04029000410810113,,56.23703700257465
mixed_benign_operational_transaction_scoring_019,mixed_traffic,fhe_filter,8.382003987208009,5.473073979374021,39.58090097876266,3.068148973397911,0.03789697075262666,,56.77165894303471
mixed_benign_operational_transaction_scoring_020,mixed_traffic,fhe_filter,8.221714000683278,5.433134036138654,39.06567895319313,3.333155997097492,0.03479199949651957,,56.31563498172909
mixed_benign_operational_transaction_scoring_021,mixed_traffic,fhe_filter,9.022084006574005,5.405952979344875,39.37746700830758,3.088639001362026,0.0331700430251658,,57.15706903720275
mixed_benign_operational_transaction_scoring_022,mixed_traffic,fhe_filter,8.625800022855401,5.23729098495096,39.28224300034344,3.091603983193636,0.03439094871282578,,56.49862898280844
mixed_benign_operational_transaction_scoring_023,mixed_traffic,fhe_filter,8.31814797129482,5.430008983239532,38.984045968391,3.250691981520504,0.03461097367107868,,56.24388693831861
mixed_benign_operational_transaction_scoring_024,mixed_traffic,fhe_filter,8.305980998557061,5.312122986651957,38.87944901362062,3.333927015773952,0.03855803515762091,,56.09777005156502
mixed_benign_operational_transaction_scoring_025,mixed_traffic,fhe_filter,8.419090008828789,5.421576963271946,38.50915498333052,3.242079983465374,0.03876799019053578,,55.85810996126384
mixed_benign_operational_transaction_scoring_026,mixed_traffic,fhe_filter,8.447162981610745,5.272223032079637,38.82043098565191,3.109110984951258,0.04093098687008023,,55.91871199430898
mixed_benign_operational_transaction_scoring_027,mixed_traffic,fhe_filter,8.540933020412922,5.23512699874118,38.45291998004541,3.108328965026885,0.04327500937506557,,55.61050004325807
mixed_benign_operational_transaction_scoring_028,mixed_traffic,fhe_filter,8.542304974980652,5.259204015601426,39.18929403880611,3.203882952220738,0.03994000144302845,,56.46143498597667
mixed_benign_operational_transaction_scoring_029,mixed_traffic,fhe_filter,8.300641959067434,5.625192017760128,39.50282401638106,3.226195985917002,0.04144199192523956,,56.92358693340793
mixed_benign_operational_transaction_scoring_030,mixed_traffic,fhe_filter,8.205680001992732,5.257130018435419,39.18792202603072,3.130862955003977,0.04207296296954155,,56.05520500103012
mixed_benign_operational_transaction_scoring_031,mixed_traffic,fhe_filter,8.874933992046863,5.196531012188643,38.61611400498077,3.086455981247127,0.04123197868466377,,56.04400997981429
mixed_benign_operational_transaction_scoring_032,mixed_traffic,fhe_filter,8.397718018386513,5.550700996536762,38.71261898893863,3.251052985433489,0.04153297049924731,,56.19032902177423
mixed_benign_operational_transaction_scoring_033,mixed_traffic,fhe_filter,8.184137986972928,5.448798008728772,38.9329600147903,3.227598033845425,0.04114100011065602,,56.06522003654391
mixed_benign_operational_transaction_scoring_034,mixed_traffic,fhe_filter,8.532329986337572,5.459344014525414,38.5819340008311,3.103451977949589,0.03868801286444068,,55.94384000869468
mixed_benign_operational_transaction_scoring_035,mixed_traffic,fhe_filter,8.44850396970287,5.228066991548985,38.83430198766291,3.050401981454343,0.05126598989591002,,55.84843398537487
mixed_benign_operational_transaction_scoring_036,mixed_traffic,fhe_filter,8.427773020230234,5.246243963483721,39.07801798777655,3.16510396078229,0.04242302384227514,,56.18534004315734
mixed_benign_operational_transaction_scoring_037,mixed_traffic,fhe_filter,8.697508019395173,5.138752982020378,38.67526404792443,3.088009019847959,0.04088104469701648,,55.86747411871329
mixed_benign_operational_transaction_scoring_038,mixed_traffic,fhe_filter,8.429264998994768,5.218321981374174,38.63557399017736,3.067547979298979,0.03985996590927243,,55.6291279499419
mixed_benign_operational_transaction_scoring_039,mixed_traffic,fhe_filter,8.084208006039262,5.298783013131469,38.74003002420068,3.135170030873269,0.04338502185419202,,55.53019902436063
mixed_benign_operational_transaction_scoring_040,mixed_traffic,fhe_filter,8.265630051027983,5.464850983116776,38.86053099995479,3.114829014521092,0.03962899791076779,,55.97431404748932
mixed_benign_operational_transaction_scoring_041,mixed_traffic,fhe_filter,8.79056699341163,5.287245963700116,41.50751896668226,3.114297986030579,0.03887899219989777,,58.96492803003639
mixed_benign_operational_transaction_scoring_042,mixed_traffic,fhe_filter,8.338269020896405,5.661635950673372,38.58367603970692,3.239906975068152,0.04438700852915645,,56.09808105509728
mixed_benign_operational_transaction_scoring_043,mixed_traffic,fhe_filter,8.346071001142263,5.472983990330249,39.76477601099759,3.492856048978865,0.04228402394801378,,57.34497006051242
mixed_benign_operational_transaction_scoring_044,mixed_traffic,fhe_filter,8.315764949657023,5.509929032996297,38.39281998807564,3.237903991248459,0.03786600427702069,,55.72927597677335
mixed_benign_operational_transaction_scoring_045,mixed_traffic,fhe_filter,8.285960997454822,5.508166970685124,38.6948129744269,3.354267973918468,0.04034099401906133,,56.11161194974557
mixed_benign_operational_transaction_scoring_046,mixed_traffic,fhe_filter,8.423706982284784,5.479562969412655,38.51272002793849,3.336201014462858,0.04099099896848202,,56.01956194732338
mixed_benign_operational_transaction_scoring_047,mixed_traffic,fhe_filter,8.410897047724575,5.337440990842879,38.73200801899657,3.298513998743147,0.04112202441319823,,56.0484750312753
mixed_benign_operational_transaction_scoring_048,mixed_traffic,fhe_filter,9.964947996195406,5.810590053442866,39.5328999729827,3.212103969417512,0.03972899867221713,,58.78854403272271
mixed_benign_operational_transaction_scoring_049,mixed_traffic,fhe_filter,8.264699019491673,5.40164700942114,38.860049971845,3.118525026366115,0.03999000182375312,,55.91179104521871
mixed_benign_operational_transaction_scoring_050,mixed_traffic,fhe_filter,8.415064017754048,5.433543992694467,38.81562303286046,3.202339983545244,0.0397789990529418,,56.13532499410212
mixed_benign_operational_transaction_scoring_051,mixed_traffic,fhe_filter,9.09020600374788,5.39711001329124,38.92489802092314,3.11765301739797,0.03216799814254045,,56.78981798700988
mixed_benign_operational_transaction_scoring_052,mixed_traffic,fhe_filter,8.644778048619628,5.27620903449133,38.78870396874845,3.162280016113073,0.03412103978917003,,56.13421404268593
mixed_benign_operational_transaction_scoring_053,mixed_traffic,fhe_filter,8.228335005696863,5.277780990581959,39.07075698953122,3.095579973887652,0.03301899414509535,,55.93514599604532
mixed_benign_operational_transaction_scoring_054,mixed_traffic,fhe_filter,8.544888987671584,5.279584031086415,38.78985496703535,3.08883999241516,0.0326989684253931,,55.96411891747266
mixed_benign_operational_transaction_scoring_055,mixed_traffic,fhe_filter,8.326151000801474,5.206845002248883,38.65150699857622,3.187708032783121,0.0382870202884078,,55.63886096933857
mixed_benign_operational_transaction_scoring_056,mixed_traffic,fhe_filter,8.375364996027201,5.207174981478602,38.62197499256581,3.064012969844043,0.04140200326219201,,55.53624901222065
mixed_benign_operational_transaction_scoring_057,mixed_traffic,fhe_filter,8.39136797003448,5.153945996426046,39.14780198829249,3.103732015006244,0.03386096796020865,,56.06501991860569
mixed_benign_operational_transaction_scoring_058,mixed_traffic,fhe_filter,8.359030005522072,5.315788032021374,39.00862298905849,3.440938016865402,0.03079598536714911,,56.38208502205089
mixed_benign_operational_transaction_scoring_059,mixed_traffic,fhe_filter,8.264167001470923,5.277762014884502,39.36624998459592,3.463332017417997,0.03164797089993954,,56.63031898438931
mixed_benign_operational_transaction_scoring_060,mixed_traffic,fhe_filter,8.274924010038376,5.269298970233649,39.01394101558253,3.171393997035921,0.0314170029014349,,55.98717299290001
mixed_benign_operational_transaction_scoring_061,mixed_traffic,fhe_filter,8.436446019914001,5.42780599789694,40.84998299367726,3.047297999728471,0.03939901944249868,,58.02931502694264
mixed_benign_operational_transaction_scoring_062,mixed_traffic,fhe_filter,8.834152016788721,5.379724025260657,38.59472298063338,3.149010008201003,0.03380997804924846,,56.21865997090936
mixed_benign_operational_transaction_scoring_063,mixed_traffic,fhe_filter,8.303826965857297,5.204792018048465,39.01054599555209,3.312996006570756,0.03391096834093332,,56.09332193853334
mixed_benign_operational_transaction_scoring_064,mixed_traffic,fhe_filter,8.389456022996455,5.450249998830259,38.60446804901585,3.261849982663989,0.03839697455987334,,55.97114999545738
mixed_benign_operational_transaction_scoring_065,mixed_traffic,fhe_filter,8.209386025555432,5.388797959312797,38.85813697706908,3.247688000556082,0.03775599179789424,,55.96827401313931
mixed_benign_operational_transaction_scoring_066,mixed_traffic,fhe_filter,8.211389009375125,5.450811004266143,38.81810704478994,3.239596029743552,0.0308559974655509,,55.97809999017045
mixed_benign_operational_transaction_scoring_067,mixed_traffic,fhe_filter,8.41664697509259,5.238503043074161,38.95044600358233,3.126656985841691,0.03690499579533935,,56.00257695186883
mixed_benign_operational_transaction_scoring_068,mixed_traffic,fhe_filter,9.38144198153168,6.00690400460735,39.18822202831507,3.335700021125376,0.03654399188235402,,58.17625299096107
mixed_benign_operational_transaction_scoring_069,mixed_traffic,fhe_filter,8.409516012761742,5.274698021821678,38.84596901480108,3.09999700402841,0.03825698513537645,,55.89584697736427
mixed_benign_operational_transaction_scoring_070,mixed_traffic,fhe_filter,8.442825987003744,5.239974998403341,38.86062098899856,3.121940011624247,0.03710499731823802,,55.92960701324046
mixed_benign_routing_followup_001,mixed_traffic,fhe_filter,8.357017009984702,5.241136008407921,39.22633099136874,2.939786994829774,0.03592396387830377,,56.02750496473163
mixed_benign_routing_followup_002,mixed_traffic,fhe_filter,8.626941009424627,5.264720995910466,38.71390095446259,2.906918001826853,0.03585300873965025,,55.77681702561677
mixed_benign_routing_followup_003,mixed_traffic,fhe_filter,8.24239500798285,5.277201009448618,39.29963998962194,2.896632009651512,0.03807700704783201,,55.98223704146221
mixed_benign_routing_followup_004,mixed_traffic,fhe_filter,8.212649961933494,5.367015022784472,39.22886296641082,3.047437989152968,0.03803701838478446,,56.12289597047493
mixed_benign_routing_followup_005,mixed_traffic,fhe_filter,8.389196009375155,5.378562025725842,38.97653595777228,2.947828965261579,0.03831798676401377,,55.95805199118331
mixed_benign_routing_followup_006,mixed_traffic,fhe_filter,9.450846002437174,5.723899987060577,38.67640503449365,2.9045429546386,0.03822700819000602,,57.01898003462702
mixed_benign_routing_followup_007,mixed_traffic,fhe_filter,8.381393039599061,5.359314032830298,39.05190899968147,2.89455900201574,0.03711500903591514,,55.95033802092075
mixed_benign_routing_followup_008,mixed_traffic,fhe_filter,9.589565044734627,5.826504027936608,39.47157703805715,3.027177997864783,0.04174199420958757,,58.18574904697016
mixed_benign_routing_followup_009,mixed_traffic,fhe_filter,8.268274017609656,5.292362999171019,39.09660404315218,3.024092991836369,0.04135200288146734,,55.95031805569306
mixed_benign_routing_followup_010,mixed_traffic,fhe_filter,8.33172001875937,5.428486969321966,38.98784198099747,3.088208963163197,0.04090199945494533,,56.1046110233292
mixed_benign_routing_followup_011,mixed_traffic,fhe_filter,8.44293599948287,5.267206055577844,41.02434404194355,3.003712045028806,0.03899901639670134,,58.01067803986371
mixed_benign_routing_followup_012,mixed_traffic,fhe_filter,8.420661964919418,5.146875977516174,39.05477200169116,2.892354968935251,0.03751600161194801,,55.777468951419
mixed_benign_routing_followup_013,mixed_traffic,fhe_filter,8.149967005010694,5.194065975956619,39.6080520004034,2.932926989160478,0.04046096000820398,,56.16282694973052
mixed_benign_routing_followup_014,mixed_traffic,fhe_filter,8.384588989429176,5.167705996427685,39.22253398923203,2.990583016071469,0.03614398883655667,,56.02743395138532
mixed_benign_routing_followup_015,mixed_traffic,fhe_filter,8.312400022987276,5.169579002540559,38.92168402671814,2.937443030532449,0.03542297054082155,,55.6036889902316
mixed_benign_routing_followup_016,mixed_traffic,fhe_filter,8.321964007336646,5.186453985515982,38.72286505065858,2.919367048889399,0.03648496931418777,,55.41483598062769
mixed_benign_routing_followup_017,mixed_traffic,fhe_filter,8.355855010449886,5.369157996028662,39.00535899447277,2.901198982726783,0.03708596341311932,,55.89577794307843
mixed_benign_routing_followup_018,mixed_traffic,fhe_filter,8.182946010492742,5.288397020194679,39.46261398959905,2.85257602808997,0.03839697455987334,,56.05186999309808
mixed_benign_routing_followup_019,mixed_traffic,fhe_filter,8.000263012945652,5.210870993323624,39.64186296798289,2.878684957977384,0.03653502790257335,,55.99413509480655
mixed_benign_routing_followup_020,mixed_traffic,fhe_filter,8.152580005116761,5.261987971607596,39.39905797597021,2.763261960353702,0.0353030045516789,,55.83887099055573
mixed_benign_routing_followup_021,mixed_traffic,fhe_filter,8.070387004408985,5.213214026298374,38.87315100291744,3.134327998850495,0.03746600123122334,,55.55625801207498
mixed_benign_routing_followup_022,mixed_traffic,fhe_filter,8.454143011476845,5.17056102398783,39.62429601233453,2.829762001056224,0.03656500484794378,,56.3418060191907
mixed_benign_routing_followup_023,mixed_traffic,fhe_filter,8.128195011522621,5.323970981407911,38.78414700739086,2.920438011642545,0.03662501694634557,,55.41902303230017
mixed_benign_routing_followup_024,mixed_traffic,fhe_filter,8.121203980408609,5.247585999313742,39.3174960045144,2.83079402288422,0.03818800905719399,,55.78222800977528
mixed_benign_routing_followup_025,mixed_traffic,fhe_filter,8.277068031020463,5.279494042042643,39.46321504190564,2.813066996168345,0.03091600956395268,,56.08909705188125
mixed_benign_routing_followup_026,mixed_traffic,fhe_filter,8.567041950300336,5.308037041686475,39.14145298767835,2.821850008331239,0.03369100159034133,,56.09700997592881
mixed_benign_routing_followup_027,mixed_traffic,fhe_filter,8.203336969017982,5.280744982883334,39.45678495801985,2.778884954750538,0.03166799433529377,,55.97898195264861
mixed_benign_routing_followup_028,mixed_traffic,fhe_filter,8.274613006506115,5.320626019965857,39.40674097975716,2.856481994967908,0.03216799814254045,,56.11657805275172
mixed_benign_routing_followup_029,mixed_traffic,fhe_filter,8.134393021464348,5.463059002067894,39.28932402050123,2.846287039574236,0.03186799585819244,,55.9900079970248
mixed_benign_routing_followup_030,mixed_traffic,fhe_filter,7.985319010913372,5.494104989338666,39.45122798904777,2.907848975155503,0.03295997157692909,,56.09740898944438
mixed_benign_routing_followup_031,mixed_traffic,fhe_filter,8.329856034833938,5.247746012173593,41.24726902227849,2.851052966434509,0.03444100730121136,,57.93672607978806
mixed_benign_routing_followup_032,mixed_traffic,fhe_filter,8.350407006219029,5.291971960105002,39.25318899564445,2.855469996575266,0.03185798414051533,,56.00890598725528
mixed_benign_routing_followup_033,mixed_traffic,fhe_filter,7.97718798276037,5.388327001128346,39.47944001993164,3.016511967871338,0.03213802119717002,,56.11916200723499
mixed_benign_routing_followup_034,mixed_traffic,fhe_filter,8.251387975178659,5.261135986074805,39.32694997638464,2.897773985750973,0.03284000558778644,,56.00043397862464
mixed_benign_routing_followup_035,mixed_traffic,fhe_filter,8.206391998101026,5.302247998770326,39.30730099091306,2.807528013363481,0.03266904968768358,,55.88131601689383
mixed_benign_routing_followup_036,mixed_traffic,fhe_filter,8.359541010577232,5.27755101211369,39.31763698346913,2.792285988107324,0.03180699422955513,,56.00533098913729
mixed_benign_routing_followup_037,mixed_traffic,fhe_filter,8.131148992106318,5.363879958167672,39.49501202441752,2.80551501782611,0.03391096834093332,,56.05544691206887
mixed_benign_routing_followup_038,mixed_traffic,fhe_filter,8.138179022353142,5.335148016456515,39.48532795766369,2.844063041266054,0.03243802348151803,,56.06276600155979
mixed_benign_routing_followup_039,mixed_traffic,fhe_filter,8.106922032311559,5.301167024299502,39.46733201155439,2.808199031278491,0.03214896423742175,,55.94031501095742
mixed_benign_routing_followup_040,mixed_traffic,fhe_filter,8.230126986745745,5.502387997694314,39.51574303209782,2.967739012092352,0.03449199721217155,,56.47870100801811
mixed_benign_routing_followup_041,mixed_traffic,fhe_filter,8.299710985738784,5.317822040524334,38.92586001893505,2.798654953949153,0.03547302912920713,,55.60194700956345
mixed_benign_routing_followup_042,mixed_traffic,fhe_filter,8.221403986681253,5.253184994217008,39.38584896968678,2.973997965455055,0.03746600123122334,,56.09750002622604
mixed_benign_routing_followup_043,mixed_traffic,fhe_filter,8.064849011134356,5.445232032798231,39.31120701599866,3.391093050595373,0.03939896123483777,,56.47848994703963
mixed_benign_routing_followup_044,mixed_traffic,fhe_filter,8.433571958448738,5.173284967895597,38.74170396011323,2.945324988104403,0.03612501313909888,,55.55541894864291
mixed_benign_routing_followup_045,mixed_traffic,fhe_filter,9.490916039794683,5.696378997527063,38.66615099832416,2.911383984610438,0.04346499918028712,,57.03448306303471
mixed_benign_routing_followup_046,mixed_traffic,fhe_filter,8.398369012866169,5.174015997909009,39.26022996893153,2.994788985233754,0.04364503547549248,,56.09639704925939
mixed_benign_routing_followup_047,mixed_traffic,fhe_filter,8.440752048045397,5.158042011316866,39.18165399227291,2.970182045828551,0.03813795046880841,,56.02316895965487
mixed_benign_routing_followup_048,mixed_traffic,fhe_filter,8.260523027274758,5.435688013676554,39.14979501860216,2.960446989163756,0.03954896237701178,,56.11257295822725
mixed_benign_routing_followup_049,mixed_traffic,fhe_filter,8.109194983262569,5.422418005764484,39.16043997742236,2.914668992161751,0.03780698170885444,,55.87488494347781
mixed_benign_routing_followup_050,mixed_traffic,fhe_filter,8.073491975665092,5.209258990362287,38.65512402262539,2.956291020382196,0.03496295539662242,,55.15472794650123
mixed_benign_routing_followup_051,mixed_traffic,fhe_filter,8.334813988767564,5.254345946013927,41.11666401149705,2.928409026935697,0.03761699190363288,,57.89923103293404
mixed_benign_routing_followup_052,mixed_traffic,fhe_filter,8.651398005895317,5.301186989527196,38.89802802586928,2.94201000360772,0.03796699456870556,,56.05691898381338
mixed_benign_routing_followup_053,mixed_traffic,fhe_filter,8.495193964336067,5.134787003044039,39.11885904381052,3.040658019017428,0.03588397521525621,,56.05247092898935
mixed_benign_routing_followup_054,mixed_traffic,fhe_filter,8.221092983148992,5.177179991733283,39.35989097226411,3.041268966626376,0.03590300912037492,,56.06137501308694
mixed_benign_routing_followup_055,mixed_traffic,fhe_filter,8.106882043648511,5.164320988114923,39.43331103073433,3.037763992324471,0.03566301893442869,,56.00421904819086
mixed_benign_routing_followup_056,mixed_traffic,fhe_filter,8.481643977575004,5.143780959770083,39.10920402267948,2.942319959402084,0.03852800000458956,,55.94158597523347
mixed_benign_routing_followup_057,mixed_traffic,fhe_filter,8.29953100765124,5.152604018803686,39.31641404051334,2.967388019897044,0.03799697151407599,,56.00045400206
mixed_benign_routing_followup_058,mixed_traffic,fhe_filter,8.317808038555086,5.166525021195412,39.34594005113468,2.91958695743233,0.03734603524208069,,56.01498606847599
mixed_benign_routing_followup_059,mixed_traffic,fhe_filter,8.207972976379097,5.121477006468922,39.43266998976469,2.920057042501867,0.03900798037648201,,55.94722297973931
mixed_benign_routing_followup_060,mixed_traffic,fhe_filter,8.310897974297404,5.155858001671731,39.36210297979414,2.901889965869486,0.03764702705666423,,55.99481600802392
mixed_benign_routing_followup_061,mixed_traffic,fhe_filter,8.19656701060012,5.447455972898751,39.2323579872027,2.987578045576811,0.03662501694634557,,56.12652306444943
mixed_benign_routing_followup_062,mixed_traffic,fhe_filter,8.234923996496946,5.132563994266093,39.44737202255055,2.913337026257068,0.03447203198447824,,55.98730500787497
mixed_benign_routing_followup_063,mixed_traffic,fhe_filter,8.221714000683278,5.191693024244159,39.39390101004392,2.927628986071795,0.03524299245327711,,55.99588697077706
mixed_benign_routing_followup_064,mixed_traffic,fhe_filter,8.15857999259606,5.386424018070102,39.29035499459133,2.951644011773169,0.03785698208957911,,56.0512010124512
mixed_benign_routing_followup_065,mixed_traffic,fhe_filter,8.098358986899257,5.198972998186946,39.52549799578264,3.010992950294167,0.03768701571971178,,56.09592801192775
mixed_benign_routing_followup_066,mixed_traffic,fhe_filter,8.41304095229134,5.143180023878813,39.14381703361869,2.914107986725867,0.0382269499823451,,55.87889190064743
mixed_benign_routing_followup_067,mixed_traffic,fhe_filter,8.146310981828719,5.414446000941098,39.31748704053462,2.995781018398702,0.03535300493240356,,56.13310297485441
mixed_benign_routing_followup_068,mixed_traffic,fhe_filter,8.0765969469212,5.237691977526993,39.45662500336766,3.086948010604829,0.03556295996531844,,56.11877189949155
mixed_benign_routing_followup_069,mixed_traffic,fhe_filter,8.159261022228748,5.071040999609977,39.45134702371433,3.134768980089575,0.0333200441673398,,56.07620807131752
mixed_benign_routing_followup_070,mixed_traffic,fhe_filter,8.168385014869273,5.343600001651794,39.12177204620093,2.947177970781922,0.03243901301175356,,55.83654902875423
mixed_benign_risk_factor_summary_001,mixed_traffic,fhe_filter,8.187954023014754,5.328316998202354,41.19423002703115,3.005655016750097,0.03595295129343867,,57.97950993292034
mixed_benign_risk_factor_summary_002,mixed_traffic,fhe_filter,8.274072024505585,5.281866993755102,39.03758700471371,2.985064988024533,0.03456097329035401,,55.83979201037437
mixed_benign_risk_factor_summary_003,mixed_traffic,fhe_filter,8.177797950338572,5.339914001524448,38.57052797684446,2.936091041192412,0.03568298416212201,,55.28682394651696
mixed_benign_risk_factor_summary_004,mixed_traffic,fhe_filter,8.257046982180327,5.268797976896167,38.60153298592195,2.876372018363327,0.03692496102303267,,55.26725394884124
mixed_benign_risk_factor_summary_005,mixed_traffic,fhe_filter,8.185120008420199,5.249710055068135,39.11472199251875,2.958825032692403,0.03494200063869357,,55.76996802119538
mixed_benign_risk_factor_summary_006,mixed_traffic,fhe_filter,8.281274000182748,5.298673000652343,39.24779203953221,2.904683991800994,0.03572396235540509,,55.9951079194434
mixed_benign_risk_factor_summary_007,mixed_traffic,fhe_filter,7.985349977388978,5.475677957292646,39.34078197926283,3.059135982766747,0.03090599784627557,,56.11745896749198
mixed_benign_risk_factor_summary_008,mixed_traffic,fhe_filter,7.876907999161631,5.29136200202629,39.65732600772753,2.921218052506447,0.03640499198809266,,56.00000399863347
mixed_benign_risk_factor_summary_009,mixed_traffic,fhe_filter,8.033852034714073,5.424701957963407,39.33177801081911,2.968820044770837,0.03565300721675158,,56.02270609233528
mixed_benign_risk_factor_summary_010,mixed_traffic,fhe_filter,8.294602972455323,5.348937993403524,38.65150699857622,3.032915992662311,0.03980001201853156,,55.59407395776361
mixed_benign_risk_factor_summary_011,mixed_traffic,fhe_filter,9.844688000157475,5.709457967896014,37.77458297554404,2.989691973198205,0.03849703352898359,,56.62936600856483
mixed_benign_risk_factor_summary_012,mixed_traffic,fhe_filter,9.817757003474981,5.698352004401386,38.37672702502459,2.995199989527464,0.04094099858775735,,57.15509498259053
mixed_benign_risk_factor_summary_013,mixed_traffic,fhe_filter,8.704418025445193,5.259955010842532,39.35776796424761,2.996300987433642,0.03633502637967467,,56.5805051010102
mixed_benign_risk_factor_summary_014,mixed_traffic,fhe_filter,8.23548500193283,5.337239999789745,39.22631003661081,2.956602023914456,0.0382169964723289,,56.02034501498565
mixed_benign_risk_factor_summary_015,mixed_traffic,fhe_filter,8.380632032640278,5.399163987021893,38.94445794867352,2.97974597197026,0.03386102616786957,,55.96301809418947
mixed_benign_risk_factor_summary_016,mixed_traffic,fhe_filter,8.242925978265703,5.263240018393844,39.28287496091798,2.918143989518285,0.03401102731004357,,55.96721504116431
mixed_benign_risk_factor_summary_017,mixed_traffic,fhe_filter,9.429413999896497,5.658703041262925,38.78638095920905,3.001729026436806,0.03075698623433709,,57.13271198328584
mixed_benign_risk_factor_summary_018,mixed_traffic,fhe_filter,8.087252965196967,5.373795982450247,39.27516296971589,2.902731008362025,0.03484199987724423,,55.89940294157714
mixed_benign_risk_factor_summary_019,mixed_traffic,fhe_filter,8.297026972286403,5.234756972640753,39.39541301224381,2.928881032858044,0.03606395330280066,,56.11776997102425
mixed_benign_risk_factor_summary_020,mixed_traffic,fhe_filter,8.644419023767114,5.321467004250735,38.83659496204928,2.869311021640897,0.03752595512196422,,55.93308398965746
mixed_benign_risk_factor_summary_021,mixed_traffic,fhe_filter,8.152130991220474,5.302988982293755,41.78975202376023,2.923031977843493,0.036654993891716,,58.42972599202767
mixed_benign_risk_factor_summary_022,mixed_traffic,fhe_filter,8.324828988406807,5.280386016238481,38.85564295342192,2.948520006611943,0.03679597284644842,,55.67044991767034
mixed_benign_risk_factor_summary_023,mixed_traffic,fhe_filter,8.09409300563857,5.480015010107309,39.37111695995554,3.06574598653242,0.03759696846827865,,56.27434601774439
mixed_benign_risk_factor_summary_024,mixed_traffic,fhe_filter,9.734100953210145,5.855347029864788,38.9845980098471,2.884473011363298,0.04114198964089155,,57.72446893388405
mixed_benign_risk_factor_summary_025,mixed_traffic,fhe_filter,8.128314046189189,5.219923972617835,39.44108303403482,2.936922013759613,0.03624404780566692,,55.99392409203574
mixed_benign_risk_factor_summary_026,mixed_traffic,fhe_filter,8.054472971707582,5.414935993030667,39.42366602132097,3.131614008452743,0.03543298225849867,,56.28740397514775
mixed_benign_risk_factor_summary_027,mixed_traffic,fhe_filter,8.167002000845969,5.350310006178916,38.90981595031917,2.878084022086114,0.0354530056938529,,55.57543702889234
mixed_benign_risk_factor_summary_028,mixed_traffic,fhe_filter,9.637125011067837,5.835506948642433,39.48255500290543,2.973797963932157,0.03388099139556289,,58.18659998476505
mixed_benign_risk_factor_summary_029,mixed_traffic,fhe_filter,8.193561981897801,5.316569993738085,39.41415197914466,2.982511010486633,0.0337699893862009,,56.16513994755223
mixed_benign_risk_factor_summary_030,mixed_traffic,fhe_filter,8.295123989228159,5.292903981171548,39.12620095070451,2.944884006865323,0.03704603295773268,,55.92216702643782
mixed_benign_risk_factor_summary_031,mixed_traffic,fhe_filter,8.381893974728882,5.264812032692134,39.11325096851215,2.981889992952347,0.03677501808851957,,56.00242700893432
mixed_benign_risk_factor_summary_032,mixed_traffic,fhe_filter,9.735934028867632,5.754004989285022,39.20310502871871,2.884272951632738,0.03708596341311932,,57.83892999170348
mixed_benign_risk_factor_summary_033,mixed_traffic,fhe_filter,8.144589024595916,5.467224982567132,38.4143739938736,2.959867008030415,0.03783695865422487,,55.25245401076972
mixed_benign_risk_factor_summary_034,mixed_traffic,fhe_filter,8.07749800151214,5.2711819880642,39.38095201738179,2.986576990224421,0.03820797428488731,,55.98101596115157
mixed_benign_risk_factor_summary_035,mixed_traffic,fhe_filter,8.3856699639,5.289709020871669,39.12539000157267,2.892525983043015,0.0379459816031158,,55.95825996715575
mixed_benign_risk_factor_summary_036,mixed_traffic,fhe_filter,8.155604999046773,5.296209012158215,39.41363102057949,2.941710001323372,0.03696494968608022,,56.07561598299071
mixed_benign_risk_factor_summary_037,mixed_traffic,fhe_filter,8.145891013555229,5.389850004576147,39.22153305029497,2.950812980998307,0.03420095890760422,,55.97229197155684
mixed_benign_risk_factor_summary_038,mixed_traffic,fhe_filter,8.221092983148992,5.040326039306819,39.64435699163005,3.044314042199403,0.03652495797723532,,56.21423496631905
mixed_benign_risk_factor_summary_039,mixed_traffic,fhe_filter,8.35690600797534,5.277179996483028,38.70935598388314,2.988689986523241,0.03671599552035332,,55.60140596935526
mixed_benign_risk_factor_summary_040,mixed_traffic,fhe_filter,8.380842045880854,5.253934999927878,38.41740702046081,2.924824017100036,0.03947899676859379,,55.24329806212336
mixed_benign_risk_factor_summary_041,mixed_traffic,fhe_filter,8.334032027050853,5.255597992800176,39.26686098566279,2.869079995434731,0.03747601294890046,,55.98999804351479
mixed_benign_risk_factor_summary_042,mixed_traffic,fhe_filter,8.185839978978038,5.203178967349231,39.37880898592994,3.372735984157771,0.03753596683964133,,56.40610196860507
mixed_benign_risk_factor_summary_043,mixed_traffic,fhe_filter,8.604537986684591,5.201216030400246,39.10133196040988,3.270993009209633,0.02693099668249488,,56.43037002300844
mixed_benign_risk_factor_summary_044,mixed_traffic,fhe_filter,8.129415975417942,5.298261996358633,38.86762296315283,3.305294027086347,0.03006501356139779,,55.85988296661526
mixed_benign_risk_factor_summary_045,mixed_traffic,fhe_filter,8.193291025236249,5.335558031219989,38.72164397034794,2.962921978905797,0.03000500146299601,,55.46882702037692
mixed_benign_risk_factor_summary_046,mixed_traffic,fhe_filter,8.235685003455728,5.272683978546411,39.35146797448397,3.060988965444267,0.03144802758470178,,56.18446104926988
mixed_benign_risk_factor_summary_047,mixed_traffic,fhe_filter,8.189255022443831,5.212582997046411,39.29471300216392,2.93629098450765,0.03245798870921135,,55.90015300549567
mixed_benign_risk_factor_summary_048,mixed_traffic,fhe_filter,8.134854026138783,5.39017899427563,39.2870910000056,2.958133991342038,0.0314170029014349,,56.03523703757674
mixed_benign_risk_factor_summary_049,mixed_traffic,fhe_filter,8.262085029855371,5.227896966971457,39.34184298850596,2.924653992522508,0.03239902434870601,,56.0159680317156
mixed_benign_risk_factor_summary_050,mixed_traffic,fhe_filter,8.358489023521543,5.285012011881918,39.13967096013948,2.872254990506917,0.03226898843422532,,55.91937300050631
mixed_benign_risk_factor_summary_051,mixed_traffic,fhe_filter,8.322114998009056,5.278321972582489,39.17737700976431,2.973077003844082,0.03218802157789469,,56.00896797841415
mixed_benign_risk_factor_summary_052,mixed_traffic,fhe_filter,8.264358039014041,5.275899020489305,39.19754695380107,2.934619027655572,0.03362097777426243,,55.93233305262402
mixed_benign_risk_factor_summary_053,mixed_traffic,fhe_filter,8.061204047407955,5.398873006924987,38.873722020071,3.060197981540114,0.03554398426786065,,55.66226900555193
mixed_benign_risk_factor_summary_054,mixed_traffic,fhe_filter,8.133893017657101,5.271110974717885,38.98227401077747,2.987919026054442,0.03541301703080535,,55.63554703257978
mixed_benign_risk_factor_summary_055,mixed_traffic,fhe_filter,9.553330019116402,5.721246998291463,39.51906802831218,2.980818971991539,0.03359996480867267,,58.03280899999663
mixed_benign_risk_factor_summary_056,mixed_traffic,fhe_filter,8.123979030642658,5.369318998418748,39.4003500114195,2.932296018116176,0.03696500789374113,,56.08978902455419
mixed_benign_risk_factor_summary_057,mixed_traffic,fhe_filter,8.260141999926418,5.367386038415134,39.68140296638012,2.992725989315659,0.03431201912462711,,56.56457098666579
mixed_benign_risk_factor_summary_058,mixed_traffic,fhe_filter,8.131890033837408,5.267084983643144,39.66900298837572,2.983942977152765,0.0341710401698947,,56.31195107707754
mixed_benign_risk_factor_summary_059,mixed_traffic,fhe_filter,8.113442047033459,5.246995016932487,39.89479201845825,3.22041695471853,0.03120698966085911,,56.73271202249452
mixed_benign_risk_factor_summary_060,mixed_traffic,fhe_filter,9.588022017851472,5.804521031677723,39.69819803023711,2.918415004387498,0.03287004074081779,,58.26837505446747
mixed_benign_risk_factor_summary_061,mixed_traffic,fhe_filter,8.326290990225971,5.381527007557452,39.16429699165747,2.909120987169445,0.03266899148002267,,56.03976297425106
mixed_benign_risk_factor_summary_062,mixed_traffic,fhe_filter,8.340161992236972,5.276910029351711,41.43304895842448,3.00902099115774,0.03310001920908689,,58.31858899910003
mixed_benign_risk_factor_summary_063,mixed_traffic,fhe_filter,8.274853986222297,5.260155012365431,38.75459299888462,3.002209996338934,0.03146700328215957,,55.55155099136755
mixed_benign_risk_factor_summary_064,mixed_traffic,fhe_filter,9.491688048001379,5.805052001960576,39.64637900935486,2.942972001619637,0.03316998481750488,,58.14751301659271
mixed_benign_risk_factor_summary_065,mixed_traffic,fhe_filter,8.163458027411252,5.360425042454153,39.25680497195572,2.909931994508952,0.03233802272006869,,55.95138104399666
mixed_benign_risk_factor_summary_066,mixed_traffic,fhe_filter,8.10945697594434,5.331141001079232,39.44320499431342,3.001048986334354,0.03143696812912822,,56.14444095408544
mixed_benign_risk_factor_summary_067,mixed_traffic,fhe_filter,8.06074304273352,5.066745041403919,39.52529898378998,2.962820988614112,0.03291899338364601,,55.8757470571436
mixed_benign_risk_factor_summary_068,mixed_traffic,fhe_filter,8.356506004929543,5.302216974087059,39.20579899568111,2.940869017038494,0.03290001768618822,,56.06352002359927
mixed_benign_risk_factor_summary_069,mixed_traffic,fhe_filter,8.23548500193283,5.181105982046574,39.52316596405581,3.259706019889563,0.03394100349396467,,56.460865016561
mixed_benign_risk_factor_summary_070,mixed_traffic,fhe_filter,8.387683017645031,5.359394010156393,39.71425100462511,2.931964991148561,0.03430101787671447,,56.65781907737255
mixed_benign_case_queue_review_001,mixed_traffic,fhe_filter,8.22370802052319,5.211861978750676,39.31064700009301,2.968449960462749,0.03789702896028757,,55.98810606170446
mixed_benign_case_queue_review_002,mixed_traffic,fhe_filter,8.365479006897658,5.378342000767589,39.06739194644615,2.91048304643482,0.03709603333845735,,55.98897702293471
mixed_benign_case_queue_review_003,mixed_traffic,fhe_filter,8.080552972387522,5.364802025724202,39.4139820127748,2.940698002930731,0.03635499160736799,,56.06291897129267
mixed_benign_case_queue_review_004,mixed_traffic,fhe_filter,8.155175019055605,5.27103099739179,39.20916502829641,2.963371982332319,0.03695598570629954,,55.86763599421829
mixed_benign_case_queue_review_005,mixed_traffic,fhe_filter,8.343486988451332,5.474687030073255,38.07062801206484,2.997533010784537,0.03180798375979066,,55.14234898146242
mixed_benign_case_queue_review_006,mixed_traffic,fhe_filter,7.960363000165671,5.378953996114433,39.44736102130264,2.991355024278164,0.03506301436573267,,56.0381929972209
mixed_benign_case_queue_review_007,mixed_traffic,fhe_filter,8.173792040906847,5.378421978093684,39.24135200213641,3.024924022611231,0.03520300379022956,,56.08177604153752
mixed_benign_case_queue_review_008,mixed_traffic,fhe_filter,8.253142004832625,5.183149012736976,39.29878899361938,2.95598094817251,0.03520300379022956,,55.95110199647024
mixed_benign_case_queue_review_009,mixed_traffic,fhe_filter,8.280462003313005,5.318102019373327,39.19416200369596,2.889731025788933,0.03535300493240356,,55.94479100545868
mixed_benign_case_queue_review_010,mixed_traffic,fhe_filter,8.000713016372174,5.203849985264242,39.61399203399196,2.963803010061383,0.03820797428488731,,56.04650499299169
mixed_benign_case_queue_review_011,mixed_traffic,fhe_filter,8.368865004740655,5.335458961781114,39.11982994759455,2.898605016525835,0.03614398883655667,,55.98531098803505
mixed_benign_case_queue_review_012,mixed_traffic,fhe_filter,8.494384004734457,5.253795010503381,41.05303896358237,2.94322200352326,0.03599398769438267,,58.00491996342316
mixed_benign_case_queue_review_013,mixed_traffic,fhe_filter,8.129806024953723,5.39180199848488,39.32873398298398,2.904103952459991,0.03856798866763711,,56.01991305593401
mixed_benign_case_queue_review_014,mixed_traffic,fhe_filter,8.197027025744319,5.122057977132499,39.54620001604781,3.120176959782839,0.03604398807510734,,56.24745402019471
mixed_benign_case_queue_review_015,mixed_traffic,fhe_filter,8.316625957377255,5.085753044113517,38.96666102809832,3.105155017692596,0.04099204670637846,,55.74115598574281
mixed_benign_case_queue_review_016,mixed_traffic,fhe_filter,9.578599012456834,5.840514961164445,38.5739830089733,3.056482004467398,0.04949397407472134,,57.33603698899969
mixed_benign_case_queue_review_017,mixed_traffic,fhe_filter,9.853770025074482,5.832302966155112,38.3720500394702,3.024292993359268,0.04568800795823336,,57.35646607354283
mixed_benign_case_queue_review_018,mixed_traffic,fhe_filter,9.654321009293199,5.669237987603992,38.44769299030304,2.819305984303355,0.04069099668413401,,56.85946095036343
mixed_benign_case_queue_review_019,mixed_traffic,fhe_filter,9.891766996588558,5.642799020279199,38.83009502897039,2.92971299495548,0.03908900544047356,,57.55969195161015
mixed_benign_case_queue_review_020,mixed_traffic,fhe_filter,8.316455991007388,5.347797006834298,39.10752199590206,2.931134018581361,0.03403099253773689,,55.963268969208
mixed_benign_case_queue_review_021,mixed_traffic,fhe_filter,8.162815996911377,5.35195303382352,39.35271000955254,2.896811987739056,0.03617402398958802,,56.02793500293046
mixed_benign_case_queue_review_022,mixed_traffic,fhe_filter,8.243857009802014,5.299132957588881,39.30134203983471,2.92806897778064,0.0399000127799809,,56.03840103140101
mixed_benign_case_queue_review_023,mixed_traffic,fhe_filter,8.154844981618226,5.391762009821832,39.25138799240813,2.988588996231556,0.0371459755115211,,56.04944896185771
mixed_benign_case_queue_review_024,mixed_traffic,fhe_filter,8.483557030558586,5.27131202397868,38.97523402702063,2.900348044931889,0.03879802534356713,,55.8948460384272
mixed_benign_case_queue_review_025,mixed_traffic,fhe_filter,8.116886951029301,5.39992400445044,39.40674103796482,2.95193400233984,0.03855803515762091,,56.2118609668687
mixed_benign_case_queue_review_026,mixed_traffic,fhe_filter,8.272379986010492,5.313626024872065,39.17239897418767,2.955780015327036,0.03782601561397314,,55.98463001661003
mixed_benign_case_queue_review_027,mixed_traffic,fhe_filter,8.379612001590431,5.33605896634981,39.08922499977052,2.944744017440826,0.0372159993276,,56.01434601703659
mixed_benign_case_queue_review_028,mixed_traffic,fhe_filter,8.107693982310593,5.228747962974012,39.26772304112092,2.938695019111037,0.03714603371918201,,55.81009003799409
mixed_benign_case_queue_review_029,mixed_traffic,fhe_filter,8.000241999980062,5.345461948309094,38.75533503014594,2.906277019064873,0.0395300448872149,,55.27300504036248
mixed_benign_case_queue_review_030,mixed_traffic,fhe_filter,8.309165015816689,5.320325959473848,39.08466704888269,2.917774021625519,0.03495201235637069,,55.89259299449623
mixed_benign_case_queue_review_031,mixed_traffic,fhe_filter,8.271217986475676,5.111922975629568,39.47857901221141,3.333397035021335,0.0394699745811522,,56.46225693635643
mixed_benign_case_queue_review_032,mixed_traffic,fhe_filter,8.228935010265559,5.368727957829833,40.87602300569415,2.923771971836686,0.03216898767277598,,57.65611701644957
mixed_benign_case_queue_review_033,mixed_traffic,fhe_filter,8.178951044101268,5.393936007749289,39.20846298569813,2.917633042670786,0.03261800156906247,,55.95700000412762
mixed_benign_case_queue_review_034,mixed_traffic,fhe_filter,8.165360020939261,5.398712994065136,39.26123300334439,3.101229027379304,0.03274896880611777,,56.18621298344806
mixed_benign_case_queue_review_035,mixed_traffic,fhe_filter,8.166921965312213,5.241136997938156,39.31489301612601,3.348479978740215,0.03154802834615111,,56.33186199702322
mixed_benign_case_queue_review_036,mixed_traffic,fhe_filter,8.245842007454485,5.445582966785878,38.98393700364977,3.212645999155939,0.03422104055061936,,56.15161207970232
mixed_benign_case_queue_review_037,mixed_traffic,fhe_filter,9.695083019323647,5.806624016258866,38.73350197682157,2.901999978348613,0.03716599894687533,,57.40944703575224
mixed_benign_case_queue_review_038,mixed_traffic,fhe_filter,8.504577970597893,5.174818041268736,39.21931894728914,2.966217056382447,0.03605399979278445,,56.12833594204858
mixed_benign_case_queue_review_039,mixed_traffic,fhe_filter,8.184129022993147,5.047925980761647,39.43784697912633,3.035029978491366,0.03295001806691289,,55.96318101743236
mixed_benign_case_queue_review_040,mixed_traffic,fhe_filter,8.285128977149725,5.308958003297448,39.00766198057681,2.897983998991549,0.040390994399786,,55.77252194052562
mixed_benign_case_queue_review_041,mixed_traffic,fhe_filter,8.108584966976196,5.264372040983289,38.64150302251801,2.884263987652957,0.03898900467902422,,55.16466294648126
mixed_benign_case_queue_review_042,mixed_traffic,fhe_filter,8.069545961916447,5.301997996866703,39.44365598727018,2.9129070462659,0.03497203579172492,,55.9873339952901
mixed_benign_case_queue_review_043,mixed_traffic,fhe_filter,8.038119005504996,5.394366045948118,39.46250403532758,2.994799986481667,0.03915897104889154,,56.15692998981103
mixed_benign_case_queue_review_044,mixed_traffic,fhe_filter,8.314883976709098,5.364102020394057,39.05117796966806,2.959445992019027,0.03511301474645734,,55.95030100084841
mixed_benign_case_queue_review_045,mixed_traffic,fhe_filter,7.979160989634693,5.229409027379006,39.54214398982003,2.909672039095312,0.03773596836254001,,55.9248409117572
mixed_benign_case_queue_review_046,mixed_traffic,fhe_filter,8.283887000288814,5.349648999981582,39.29397097090259,2.925203996710479,0.03678497159853578,,56.11460498766974
mixed_benign_case_queue_review_047,mixed_traffic,fhe_filter,8.29471496399492,5.339975003153086,39.20470800949261,2.960416954010725,0.04239397821947932,,56.0686289682053
mixed_benign_case_queue_review_048,mixed_traffic,fhe_filter,8.214323024731129,5.124371033161879,39.47236901149154,3.041488991584629,0.03726599970832467,,56.12109502544627
mixed_benign_case_queue_review_049,mixed_traffic,fhe_filter,8.167562948074192,5.371461971662939,39.16818299330771,2.906868001446128,0.03742601256817579,,55.88286893907934
mixed_benign_case_queue_review_050,mixed_traffic,fhe_filter,8.326782030053437,5.362638970836997,39.13641499821097,2.886106027290225,0.03825704334303737,,55.98276806995273
mixed_benign_case_queue_review_051,mixed_traffic,fhe_filter,8.296957006677985,5.367096047848463,39.0803010086529,3.351043967995793,0.03483198815956712,,56.35977297788486
mixed_benign_case_queue_review_052,mixed_traffic,fhe_filter,8.513261971529573,5.261507001705468,40.7477009575814,2.952255017589778,0.03604398807510734,,57.73680796846747
mixed_benign_case_queue_review_053,mixed_traffic,fhe_filter,8.150276960805058,5.175538011826575,39.4185179611668,3.311613982077688,0.0351819908246398,,56.31780897965655
mixed_benign_case_queue_review_054,mixed_traffic,fhe_filter,8.439332013949752,4.987886000890285,40.37543298909441,3.073477011639625,0.05607400089502335,,57.1621970157139
mixed_benign_case_queue_review_055,mixed_traffic,fhe_filter,9.455865016207099,5.880835000425577,38.95258001284674,2.977363008540124,0.04402600461617112,,57.5377990026027
mixed_benign_case_queue_review_056,mixed_traffic,fhe_filter,8.226612990256399,5.465993017423898,39.05692597618327,3.089930978603661,0.04032003926113248,,56.10608303686604
mixed_benign_case_queue_review_057,mixed_traffic,fhe_filter,8.225059020332992,5.172192992176861,39.28692097542807,3.009420994203538,0.04022999200969934,,55.95926201203838
mixed_benign_case_queue_review_058,mixed_traffic,fhe_filter,8.018149994313717,5.211803014390171,39.55423197476193,3.49332601763308,0.03927899524569511,,56.54460197547451
mixed_benign_case_queue_review_059,mixed_traffic,fhe_filter,8.174362999852747,5.368227022700012,39.37824798049405,2.994798996951431,0.03820698475465178,,56.18094501551241
mixed_benign_case_queue_review_060,mixed_traffic,fhe_filter,8.161353995092213,5.350541032385081,39.56314502283931,2.967078005895019,0.03785698208957911,,56.30384996766225
mixed_benign_case_queue_review_061,mixed_traffic,fhe_filter,9.494743018876761,5.673404026310891,39.38160301186144,2.988620020914823,0.03975897561758757,,57.80442798277363
mixed_benign_case_queue_review_062,mixed_traffic,fhe_filter,8.047632989473641,5.12048602104187,38.82266499567777,2.980469027534127,0.03603403456509113,,55.23289507254958
mixed_benign_case_queue_review_063,mixed_traffic,fhe_filter,8.17914999788627,5.35538699477911,39.13728700717911,3.059505950659513,0.03546400694176555,,55.99220300791785
mixed_benign_case_queue_review_064,mixed_traffic,fhe_filter,7.924729026854038,5.465883004944772,38.39946101652458,3.000267024617642,0.03860698780044913,,55.05625798832625
mixed_benign_case_queue_review_065,mixed_traffic,fhe_filter,8.263436960987747,5.209659982938319,39.23751699039713,2.97938595758751,0.03816699609160423,,55.95291295321658
mixed_benign_case_queue_review_066,mixed_traffic,fhe_filter,8.280712005216628,5.076639994513243,39.48429698357359,2.940967970062047,0.03738701343536377,,56.04554200544953
mixed_benign_case_queue_review_067,mixed_traffic,fhe_filter,8.386132016312331,5.355307948775589,39.06064201146364,2.96528497710824,0.03597402246668935,,56.03078106651083
mixed_benign_case_queue_review_068,mixed_traffic,fhe_filter,8.253090956714004,5.047325976192951,39.48162298183888,2.887589042074978,0.03616401227191091,,55.93088897876441
mixed_benign_case_queue_review_069,mixed_traffic,fhe_filter,8.176167029887438,5.215457989834249,39.44257402326912,2.937874000053853,0.03713596379384398,,56.03453703224659
mixed_benign_case_queue_review_070,mixed_traffic,fhe_filter,8.124258019961417,5.384781979955733,39.30105199106038,2.894709003157914,0.03715598722919822,,55.9665440232493
mixed_benign_audit_risk_review_001,mixed_traffic,fhe_filter,8.396635996177793,5.32932800706476,39.23698700964451,2.895289973821491,0.03523298073559999,,56.11948302248493
mixed_benign_audit_risk_review_002,mixed_traffic,fhe_filter,8.322153997141868,5.167537019588053,41.29795596236363,2.956872980576009,0.0369449844583869,,58.00771294161677
mixed_benign_audit_risk_review_003,mixed_traffic,fhe_filter,8.252230007201433,5.370620987378061,39.24958501011133,2.90930102346465,0.03590300912037492,,56.04415904963389
mixed_benign_audit_risk_review_004,mixed_traffic,fhe_filter,8.138380013406277,5.373906984459609,39.32389599503949,2.938485005870461,0.03788701724261045,,56.04055605363101
mixed_benign_audit_risk_review_005,mixed_traffic,fhe_filter,8.33584601059556,5.334065994247794,39.03583501232788,2.968079003039747,0.03673497121781111,,55.9382020146586
mixed_benign_audit_risk_review_006,mixed_traffic,fhe_filter,8.076547004748136,5.338652990758419,39.391708036419,2.936582022812217,0.03840698627755046,,56.01016903528944
mixed_benign_audit_risk_review_007,mixed_traffic,fhe_filter,8.368693990632892,5.306734994519502,39.17791799176484,2.992305962834507,0.03642501542344689,,56.10854603582993
mixed_benign_audit_risk_review_008,mixed_traffic,fhe_filter,8.248475030995905,5.250230024103075,39.22656102804467,2.920838014688343,0.03668502904474735,,55.90830708388239
mixed_benign_audit_risk_review_009,mixed_traffic,fhe_filter,8.224177989177406,5.256108997855335,40.36159301176667,3.033778048120439,0.03972998820245266,,57.14091594563797
mixed_benign_audit_risk_review_010,mixed_traffic,fhe_filter,8.196747046895325,5.229078000411391,39.30910502094775,2.961949969176203,0.03589398693293333,,55.95653905766085
mixed_benign_audit_risk_review_011,mixed_traffic,fhe_filter,8.253862033598125,5.360265029594302,39.20171299250796,2.922791987657547,0.03742595436051488,,56.00298795616254
mixed_benign_audit_risk_review_012,mixed_traffic,fhe_filter,7.923016033601016,5.265673040412366,39.20583898434415,3.019436029717326,0.04015001468360424,,55.67966302623972
mixed_benign_audit_risk_review_013,mixed_traffic,fhe_filter,8.409365022089332,5.262529011815786,39.51247996883467,2.962901024147868,0.03371998900547624,,56.41299299895763
mixed_benign_audit_risk_review_014,mixed_traffic,fhe_filter,8.357547980267555,5.305453028995544,39.13263999857008,2.957713964860886,0.03659504000097513,,56.01919302716851
mixed_benign_audit_risk_review_015,mixed_traffic,fhe_filter,8.367141999769956,5.335108027793467,39.04640098335221,3.035831032320857,0.03931898390874267,,56.05582799762487
mixed_benign_audit_risk_review_016,mixed_traffic,fhe_filter,9.903213998768479,5.591121036559343,39.22829299699515,3.288751002401114,0.03932794788852334,,58.27823793515563
mixed_benign_audit_risk_review_017,mixed_traffic,fhe_filter,10.27724600862712,5.825551983434707,39.39376201014966,3.060378017835319,0.03689603181555867,,58.82248602574691
mixed_benign_audit_risk_review_018,mixed_traffic,fhe_filter,9.844356973189861,5.78965904423967,39.05357199255377,3.024963953066617,0.03644503885880113,,57.97513597644866
mixed_benign_audit_risk_review_019,mixed_traffic,fhe_filter,9.200821979902685,5.664621014147997,38.67532400181517,3.084082971327007,0.03550300607457757,,56.88858701614663
mixed_benign_audit_risk_review_020,mixed_traffic,fhe_filter,9.873620001599193,5.813434021547437,39.14023196557537,3.024983976501971,0.03768695751205087,,58.11673693824559
mixed_benign_audit_risk_review_021,mixed_traffic,fhe_filter,9.516755992081016,5.807865993119776,38.94722199765965,2.984584018122405,0.03741600085049868,,57.52251599915326
mixed_benign_audit_risk_review_022,mixed_traffic,fhe_filter,9.214151999913156,5.776177975349128,41.45985003560781,3.091694030445069,0.03858801210299134,,59.81263000285253
mixed_benign_audit_risk_review_023,mixed_traffic,fhe_filter,9.574041003361344,5.778151040431112,39.01868901448324,2.943801984656602,0.03751699114218354,,57.57784901652485
mixed_benign_audit_risk_review_024,mixed_traffic,fhe_filter,8.396968012675643,5.37108100252226,38.47151895752177,2.998593961820006,0.04155200440436602,,55.50974904326722
mixed_benign_audit_risk_review_025,mixed_traffic,fhe_filter,9.585799009073526,5.787155998405069,38.27908099628985,3.022441000211984,0.04159199306741357,,56.94603198207915
mixed_benign_audit_risk_review_026,mixed_traffic,fhe_filter,9.709434001706541,5.848597036674619,38.70072303107008,3.414969018194824,0.03816699609160423,,57.94097302714363
mixed_benign_audit_risk_review_027,mixed_traffic,fhe_filter,11.14704000065103,5.835476971697062,49.23074704129249,3.192765987478197,0.06177299655973911,,69.70562902279198
mixed_benign_audit_risk_review_028,mixed_traffic,fhe_filter,9.872249036561698,5.837769946083426,37.89365303236991,3.006246988661587,0.04346499918028712,,56.88070500036702
mixed_benign_audit_risk_review_029,mixed_traffic,fhe_filter,11.02538697887212,6.680274032987654,92.38394402200356,2.989189990330487,0.0597290345467627,,113.3855250081979
mixed_benign_audit_risk_review_030,mixed_traffic,fhe_filter,10.50096203107387,5.683019000571221,60.6140709714964,4.474927962291986,0.08485699072480202,,81.63286902708933
mixed_benign_audit_risk_review_031,mixed_traffic,fhe_filter,14.51424695551395,5.396138993091881,37.95364400139078,2.797162975184619,0.04762201569974422,,60.93543401220813
mixed_benign_audit_risk_review_032,mixed_traffic,fhe_filter,9.850005037151277,5.800234968774021,38.83429302368313,3.021439013537019,0.04447699757292867,,57.78019304852933
mixed_benign_audit_risk_review_033,mixed_traffic,fhe_filter,9.746039984747767,5.79760002437979,38.34622097201645,3.121578949503601,0.04312500823289156,,57.28264799108729
mixed_benign_audit_risk_review_034,mixed_traffic,fhe_filter,9.846139000728726,5.780656007118523,37.87002700846642,3.010853950399905,0.04294503014534712,,56.78153701592237
mixed_benign_audit_risk_review_035,mixed_traffic,fhe_filter,9.526629990432411,5.532272974960506,37.85876202164218,3.041488991584629,0.04382600309327245,,56.23181199189276
mixed_benign_audit_risk_review_036,mixed_traffic,fhe_filter,9.710896003525704,5.842888029292226,38.77508302684873,3.034788998775184,0.04177296068519354,,57.63329192996025
mixed_benign_audit_risk_review_037,mixed_traffic,fhe_filter,10.07783802924678,5.905262019950897,38.869385025464,3.031252999790013,0.04431599518284202,,58.16529004368931
mixed_benign_audit_risk_review_038,mixed_traffic,fhe_filter,9.920940967276692,5.778711987659335,38.6344239814207,3.006506012752652,0.04128197906538844,,57.60945694055408
mixed_benign_audit_risk_review_039,mixed_traffic,fhe_filter,9.649795014411211,5.79937401926145,38.40782400220633,3.089722013100982,0.04112097667530179,,57.21790995448828
mixed_benign_audit_risk_review_040,mixed_traffic,fhe_filter,9.233360993675888,5.700946028809994,37.77569602243602,3.053496999200433,0.04277401603758335,,56.03265296667814
mixed_benign_audit_risk_review_041,mixed_traffic,fhe_filter,9.739309956785291,5.794425960630178,67.33475503278896,5.560324992984533,0.07484195521101356,,88.79551495192572
mixed_benign_audit_risk_review_042,mixed_traffic,fhe_filter,10.80746098887175,5.414926970843226,40.79786600777879,3.027077007573098,0.04336499841883779,,60.31826802063733
mixed_benign_audit_risk_review_043,mixed_traffic,fhe_filter,9.651858010329306,5.794325959868729,38.22267602663487,2.993508009240031,0.04242401337251067,,56.93382502067834
mixed_benign_audit_risk_review_044,mixed_traffic,fhe_filter,9.79857804486528,5.819383019115776,38.20358699886128,3.054758999496698,0.04507799167186022,,57.15019901981577
mixed_benign_audit_risk_review_045,mixed_traffic,fhe_filter,9.627741994336247,5.716469022445381,38.35430304752663,3.089830977842212,0.04277401603758335,,57.06202500732616
mixed_benign_audit_risk_review_046,mixed_traffic,fhe_filter,9.738588996697217,5.719012988265604,37.48849499970675,3.065716009587049,0.04319497384130955,,56.28904799232259
mixed_benign_audit_risk_review_047,mixed_traffic,fhe_filter,10.27063600486144,5.876579030882567,38.78626000368968,3.085294039919972,0.03788701724261045,,58.2850810023956
mixed_benign_audit_risk_review_048,mixed_traffic,fhe_filter,9.751677978783846,5.848366999998689,38.40482997475192,3.005725040566176,0.04125194391235709,,57.28103494038805
mixed_benign_audit_risk_review_049,mixed_traffic,fhe_filter,9.806849993765354,5.597951996605843,38.42189500574023,3.100197005551308,0.04486797843128443,,57.2006749571301
mixed_benign_audit_risk_review_050,mixed_traffic,fhe_filter,9.763395006302744,5.650961014907807,38.70191401802003,2.97350698383525,0.04608003655448556,,57.36541107762605
mixed_benign_audit_risk_review_051,mixed_traffic,fhe_filter,9.986681048758328,5.784011038485914,37.80329698929563,2.995771006681025,0.04104099934920669,,56.83896207483485
mixed_benign_audit_risk_review_052,mixed_traffic,fhe_filter,9.56620997749269,5.705873016268015,38.0379690323025,2.987097017467022,0.0411819783039391,,56.56762496801093
mixed_benign_audit_risk_review_053,mixed_traffic,fhe_filter,9.750686003826559,5.78535400563851,38.24847401119769,3.190151008311659,0.04015100421383977,,57.23986396333203
mixed_benign_audit_risk_review_054,mixed_traffic,fhe_filter,9.65254899347201,5.78844704432413,64.72403201041743,3.096541971899569,0.06202299846336246,,83.5595169919543
mixed_benign_audit_risk_review_055,mixed_traffic,fhe_filter,10.31897799111903,5.675818014424294,38.24090299895033,3.030012012459338,0.04736095434054732,,57.54340795101598
mixed_benign_audit_risk_review_056,mixed_traffic,fhe_filter,9.554761985782534,5.839623976498842,38.10804401291534,3.064293006900698,0.04489702405408025,,56.84134404873475
mixed_benign_audit_risk_review_057,mixed_traffic,fhe_filter,10.48026100033894,5.871221015695482,38.39336201781407,3.190112009178847,0.04460697527974844,,58.20940696867183
mixed_benign_audit_risk_review_058,mixed_traffic,fhe_filter,10.20229398272932,5.770238989498466,38.46272599184886,3.018625022377819,0.04230299964547157,,57.72449896903709
mixed_benign_audit_risk_review_059,mixed_traffic,fhe_filter,10.18814201233909,5.78182702884078,38.8610020163469,3.035950008779764,0.03347999881953001,,58.12749400502071
mixed_benign_audit_risk_review_060,mixed_traffic,fhe_filter,9.616595052648336,5.68667403422296,38.36362698348239,3.081008035223931,0.03863801248371601,,57.01162107288837
mixed_benign_audit_risk_review_061,mixed_traffic,fhe_filter,10.04578795982525,5.782769003417343,38.80651097279042,3.068198973778635,0.03751699114218354,,57.96705395914614
mixed_benign_audit_risk_review_062,mixed_traffic,fhe_filter,9.802383021451533,5.86505199316889,38.70731202187017,3.106367017608136,0.04327500937506557,,57.75267200078815
mixed_benign_audit_risk_review_063,mixed_traffic,fhe_filter,10.42597903870046,5.599934025667608,38.79143798258156,3.057873982470483,0.04141201497986913,,58.14444908173755
mixed_benign_audit_risk_review_064,mixed_traffic,fhe_filter,9.54308599466458,5.864490987733006,38.0294659989886,3.066616016440094,0.03906898200511932,,56.77015997935086
mixed_benign_audit_risk_review_065,mixed_traffic,fhe_filter,9.466340008657426,5.474787030834705,38.11113897245377,3.104052972048521,0.04012999124825001,,56.42497999360785
mixed_benign_audit_risk_review_066,mixed_traffic,fhe_filter,9.216987004037946,5.643599026370794,57.80509096803144,6.551872007548809,0.4164439742453396,,80.12919494649395
mixed_benign_audit_risk_review_067,mixed_traffic,fhe_filter,36.73593699932098,5.444441048894078,38.28640194842592,3.052696003578603,0.04599901149049401,,83.79754400812089
mixed_benign_audit_risk_review_068,mixed_traffic,fhe_filter,9.556545002851635,5.753073026426136,38.18747500190511,3.045524994377047,0.04432699643075466,,56.81776098208502
mixed_benign_audit_risk_review_069,mixed_traffic,fhe_filter,9.600160003174096,5.635677953250706,37.83865098375827,3.084845026023686,0.04336499841883779,,56.4329230110161
mixed_benign_audit_risk_review_070,mixed_traffic,fhe_filter,9.785078000277281,5.867435014806688,38.60782302217558,3.071664017625153,0.03866798942908645,,57.59937199763954
mixed_adaptive_scaffold_probing_001,mixed_traffic,fhe_filter,10.3561639552936,5.843129009008408,37.99598600016907,3.043973993044347,0.04085100954398513,,57.50680295750499
mixed_adaptive_scaffold_probing_002,mixed_traffic,fhe_filter,10.43518196092919,5.835478019434959,38.96956500830129,3.085225005634129,0.04122202517464757,,58.59675700776279
mixed_adaptive_scaffold_probing_003,mixed_traffic,fhe_filter,10.09112602332607,5.829208006616682,37.92912600329146,3.007639024872333,0.04019000334665179,,57.12678201962262
mixed_adaptive_scaffold_probing_004,mixed_traffic,fhe_filter,10.3425849811174,5.793214018922299,38.33290201146156,3.031182975973934,0.0419629504904151,,57.76968790451065
mixed_adaptive_scaffold_probing_005,mixed_traffic,fhe_filter,10.10438695084304,5.836038035340607,39.10775203257799,3.025526006240398,0.03924901830032468,,58.34146501729265
mixed_adaptive_scaffold_probing_006,mixed_traffic,fhe_filter,10.83896902855486,5.839153018314391,38.71160902781412,2.929019974544644,0.04155200440436602,,58.58670204179361
mixed_adaptive_scaffold_probing_007,mixed_traffic,fhe_filter,9.810535993892699,5.213324970100075,38.73063798528165,3.071673971135169,0.04123197868466377,,57.09263199241832
mixed_adaptive_scaffold_probing_008,mixed_traffic,fhe_filter,10.22436696803197,5.795846984256059,38.43299101572484,3.066435980144888,0.03339000977575779,,57.78139497851953
mixed_adaptive_scaffold_probing_009,mixed_traffic,fhe_filter,9.684496966656297,5.845853011123836,38.41387300053611,3.038003982510418,0.03447197377681732,,57.24406894296408
mixed_adaptive_scaffold_probing_010,mixed_traffic,fhe_filter,9.763376030605286,5.816037999466062,38.49249996710569,2.917412959504873,0.03326998557895422,,57.25648801308125
mixed_adaptive_scaffold_probing_011,mixed_traffic,fhe_filter,10.09251899085939,5.737751955166459,38.51053700782359,3.140347020234913,0.03705604467540979,,57.74717405438423
mixed_adaptive_scaffold_probing_012,mixed_traffic,fhe_filter,9.993721032515168,5.680014030076563,38.26915600802749,3.041067975573242,0.03657495835795999,,57.249667996075
mixed_adaptive_scaffold_probing_013,mixed_traffic,fhe_filter,9.889595035929233,5.800604994874448,40.84323399001732,3.146015980746597,0.03797601675614715,,59.94419608032331
mixed_adaptive_scaffold_probing_014,mixed_traffic,fhe_filter,10.28360601048917,5.738521984312683,38.60894497483969,3.369090962223709,0.03508297959342599,,58.26197599526495
mixed_adaptive_scaffold_probing_015,mixed_traffic,fhe_filter,9.884626953862607,5.586203013081104,38.71580498525873,3.395520034246147,0.03517203731462359,,57.84703203244135
mixed_adaptive_scaffold_probing_016,mixed_traffic,fhe_filter,10.62753202859312,5.644060031045228,38.83633599616587,3.345425007864833,0.03422098234295845,,58.71732905507088
mixed_adaptive_scaffold_probing_017,mixed_traffic,fhe_filter,10.36717998795211,5.722898989915848,38.01480401307344,3.166136040817946,0.04496704787015915,,57.54549003904685
mixed_adaptive_scaffold_probing_018,mixed_traffic,fhe_filter,10.23578294552863,5.760074011050165,39.13277998799458,3.341478994116187,0.033179996535182,,58.73141897609457
mixed_adaptive_scaffold_probing_019,mixed_traffic,fhe_filter,9.934822039213032,5.754415993578732,38.07390399742872,3.238514997065067,0.03618397749960423,,57.27280199062079
mixed_adaptive_scaffold_probing_020,mixed_traffic,fhe_filter,10.09089598665014,5.808565998449922,38.99285104125738,3.303632023744285,0.03942905459553003,,58.46580100478604
mixed_adaptive_scaffold_probing_021,mixed_traffic,fhe_filter,10.57780598057434,5.778182006906718,38.37251098593697,3.341098024975508,0.03586400998756289,,58.33480402361602
mixed_adaptive_scaffold_probing_022,mixed_traffic,fhe_filter,10.16043103300035,5.713794962503016,38.8125809840858,3.289590997155756,0.03719597589224577,,58.24236699845642
mixed_adaptive_scaffold_probing_023,mixed_traffic,fhe_filter,10.0949919433333,5.688487959560007,37.84409898798913,3.364553966093808,0.04395598080009222,,57.26411892101169
mixed_adaptive_scaffold_probing_024,mixed_traffic,fhe_filter,10.01483201980591,5.674357002135366,38.35568600334227,3.42785898828879,0.04125200212001801,,57.74420901434496
mixed_adaptive_scaffold_probing_025,mixed_traffic,fhe_filter,9.773449972271919,5.587324965745211,38.00740302540362,3.278314019553363,0.04158297087997198,,56.91639898577705
mixed_adaptive_scaffold_probing_026,mixed_traffic,fhe_filter,10.50633896375075,5.931301973760128,38.64391800016165,3.184833971317858,0.04053098382428288,,58.53469495195895
mixed_adaptive_scaffold_probing_027,mixed_traffic,fhe_filter,10.03156800288707,5.713574995752424,38.15723798470572,3.261688980273902,0.04661001730710268,,57.44238698389381
mixed_adaptive_scaffold_probing_028,mixed_traffic,fhe_filter,10.10633900295943,5.679473979398608,38.52682199794799,3.318094008136541,0.0432250089943409,,57.90340702515095
mixed_adaptive_scaffold_probing_029,mixed_traffic,fhe_filter,10.02908399095759,5.796329001896083,38.65886002313346,3.366025979630649,0.0434260000474751,,58.12639300711453
mixed_adaptive_scaffold_probing_030,mixed_traffic,fhe_filter,9.970597049687058,5.655898014083505,38.70181401725858,3.251544025260955,0.04131195601075888,,57.85155098419636
mixed_adaptive_scaffold_probing_031,mixed_traffic,fhe_filter,10.9590080101043,5.811472015921026,37.87151002325118,3.114178020041436,0.04810199607163668,,58.03424399346113
mixed_adaptive_scaffold_probing_032,mixed_traffic,fhe_filter,10.53111598594114,5.80747501226142,38.25072903418913,3.143592039123178,0.04253402585163713,,58.00652201287448
mixed_adaptive_scaffold_probing_033,mixed_traffic,fhe_filter,10.14604797819629,5.874536000192165,40.2720479760319,3.378955007065088,0.04256400279700756,,59.94267400819808
mixed_adaptive_scaffold_probing_034,mixed_traffic,fhe_filter,10.14823204604909,5.863239988684654,38.43368298839778,3.367927973158658,0.04054099554196,,58.08260705089197
mixed_adaptive_scaffold_probing_035,mixed_traffic,fhe_filter,10.25385101092979,5.904419987928122,38.14733203034848,3.234208037611097,0.04095199983566999,,57.8095480450429
mixed_adaptive_scaffold_probing_036,mixed_traffic,fhe_filter,10.76693099457771,5.85729000158608,38.61633595079184,3.181198961101472,0.03951898543164134,,58.69021901162341
mixed_adaptive_scaffold_probing_037,mixed_traffic,fhe_filter,9.990065009333193,5.876288982108235,37.9229870159179,3.212875977624208,0.04169205203652382,,57.27472505532205
mixed_adaptive_scaffold_probing_038,mixed_traffic,fhe_filter,9.830244991462678,5.909667990636081,37.64180699363351,3.306225989945233,0.04189304308965802,,56.95702903904021
mixed_adaptive_scaffold_probing_039,mixed_traffic,fhe_filter,10.22403599927202,5.830750043969601,38.30858605215326,3.4700509859249,0.04161300603300333,,58.10342897893861
mixed_adaptive_scaffold_probing_040,mixed_traffic,fhe_filter,10.09559299563989,5.877560994122177,38.45098795136437,3.125004004687071,0.04251400241628289,,57.82218597596511
mixed_adaptive_scaffold_probing_041,mixed_traffic,fhe_filter,10.12263400480151,5.796368990559131,38.55096799088642,3.272174973972142,0.04093098687008023,,58.01208998309448
mixed_adaptive_scaffold_probing_042,mixed_traffic,fhe_filter,10.104367043823,5.81342400982976,38.07644598418847,3.315720008686185,0.04005996743217111,,57.58000299101695
mixed_adaptive_scaffold_probing_043,mixed_traffic,fhe_filter,9.894451999571174,5.821175989694893,37.66715299570933,3.248640976380557,0.04234403604641557,,56.9120830623433
mixed_adaptive_scaffold_probing_044,mixed_traffic,fhe_filter,10.09057596093044,5.865441984497011,38.12131402082741,3.331604006234556,0.04228303441777825,,57.68064403673634
mixed_adaptive_scaffold_probing_045,mixed_traffic,fhe_filter,10.10047004092485,5.895757989492267,38.55079901404679,3.346576995681971,0.042224011849612,,58.17404406843707
mixed_adaptive_scaffold_probing_046,mixed_traffic,fhe_filter,9.545198001433164,5.810069036670029,37.26517100585625,3.420427965465933,0.04189298488199711,,56.30791699513793
mixed_adaptive_scaffold_probing_047,mixed_traffic,fhe_filter,10.4434639797546,5.840265017468482,38.61784795299172,3.190602001268417,0.04081195220351219,,58.36199590703472
mixed_adaptive_scaffold_probing_048,mixed_traffic,fhe_filter,10.29695599572733,5.847004009410739,37.96667198184878,3.280156990513206,0.04355504643172026,,57.66403902089223
mixed_adaptive_scaffold_probing_049,mixed_traffic,fhe_filter,10.23884903406724,5.82362903514877,37.90777397807688,3.238826000597328,0.04194199573248625,,57.48035403667018
mixed_adaptive_scaffold_probing_050,mixed_traffic,fhe_filter,9.606169012840837,5.888947052881122,38.05172099964693,3.430171986110508,0.04031095886602998,,57.24644294241443
mixed_adaptive_guardrail_policy_extraction_001,mixed_traffic,fhe_filter,10.03040501382202,5.841736972797662,37.60902601061389,3.179826017003506,0.03980996552854776,,56.92997894948348
mixed_adaptive_guardrail_policy_extraction_002,mixed_traffic,fhe_filter,10.35635499283671,5.884691025130451,38.04426797432825,3.382811031769961,0.036093988455832,,57.93084896868095
mixed_adaptive_guardrail_policy_extraction_003,mixed_traffic,fhe_filter,9.285259991884232,5.91615802841261,40.39458301849663,3.305255027953535,0.04007003735750914,,59.1703390236944
mixed_adaptive_guardrail_policy_extraction_004,mixed_traffic,fhe_filter,9.724285977426916,5.911701999139041,37.64009400038049,3.370772989001125,0.04666001768782735,,56.9195129792206
mixed_adaptive_guardrail_policy_extraction_005,mixed_traffic,fhe_filter,9.843394975177944,5.913564993534237,37.75773901725188,3.627358004450798,0.04009099211543798,,57.41169198881835
mixed_adaptive_guardrail_policy_extraction_006,mixed_traffic,fhe_filter,9.941712953150272,5.911051004659384,38.12746301991865,3.317472990602255,0.04135200288146734,,57.56822595139965
mixed_adaptive_guardrail_policy_extraction_007,mixed_traffic,fhe_filter,9.763667010702193,5.889297986868769,38.62453799229115,3.331825020723045,0.04116201307624578,,57.88843700429425
mixed_adaptive_guardrail_policy_extraction_008,mixed_traffic,fhe_filter,9.782923967577517,5.885511985979974,37.82469098223373,3.354048007167876,0.04206300945952535,,57.11635801708326
mixed_adaptive_guardrail_policy_extraction_009,mixed_traffic,fhe_filter,9.763395006302744,5.932583007961512,37.92504104785621,3.341409028507769,0.04115200135856867,,57.23258299985901
mixed_adaptive_guardrail_policy_extraction_010,mixed_traffic,fhe_filter,9.804396016988903,5.898252013139427,37.51560696400702,3.434006997849792,0.03966898657381535,,56.9203729974106
mixed_adaptive_guardrail_policy_extraction_011,mixed_traffic,fhe_filter,9.713412029668689,5.900805001147091,38.11279102228582,3.304984013084322,0.04133203765377402,,57.30233708163723
mixed_adaptive_guardrail_policy_extraction_012,mixed_traffic,fhe_filter,9.930084983352572,5.907215003389865,37.96417900593951,3.306586993858218,0.04177296068519354,,57.38018295960501
mixed_adaptive_guardrail_policy_extraction_013,mixed_traffic,fhe_filter,9.989243990276009,5.840374971739948,37.59647801052779,3.330170991830528,0.04052097210660577,,57.02437099535018
mixed_adaptive_guardrail_policy_extraction_014,mixed_traffic,fhe_filter,9.941102005541325,5.848517990671098,38.38616097345948,3.286515944637358,0.04179298412054777,,57.73402395425364
mixed_adaptive_guardrail_policy_extraction_015,mixed_traffic,fhe_filter,9.950315987225622,5.909878993406892,37.86461002891883,3.420106950215995,0.04165194695815444,,57.41600692272186
mixed_adaptive_guardrail_policy_extraction_016,mixed_traffic,fhe_filter,9.674002008978277,5.916507972870022,37.90527099044994,3.44182999106124,0.04319497384130955,,57.21755098784342
mixed_adaptive_guardrail_policy_extraction_017,mixed_traffic,fhe_filter,10.36041998304427,5.891420994885266,37.85207198234275,3.390392055734992,0.0412709778174758,,57.81615595333278
mixed_adaptive_guardrail_policy_extraction_018,mixed_traffic,fhe_filter,10.02305501606315,5.827045009937137,38.49359200103208,3.23316699359566,0.04044099478051066,,57.84534197300673
mixed_adaptive_guardrail_policy_extraction_019,mixed_traffic,fhe_filter,9.957235015463084,5.924221011810005,38.82405802141875,3.321498981676996,0.03953900886699557,,58.29626502236351
mixed_adaptive_guardrail_policy_extraction_020,mixed_traffic,fhe_filter,9.88894299371168,5.913064000196755,37.53751999465749,3.320596995763481,0.04057004116475582,,56.92956707207486
mixed_adaptive_guardrail_policy_extraction_021,mixed_traffic,fhe_filter,9.64471697807312,5.91100100427866,37.63230098411441,3.405855968594551,0.04183297278359532,,56.86536192661151
mixed_adaptive_guardrail_policy_extraction_022,mixed_traffic,fhe_filter,9.858889039605856,5.888286978006363,38.06433896534145,3.39979596901685,0.04141201497986913,,57.4787420919165
mixed_adaptive_guardrail_policy_extraction_023,mixed_traffic,fhe_filter,9.89097700221464,5.912652995903045,40.17224902054295,3.438944986555725,0.042593979742378,,59.68349700560793
mixed_adaptive_guardrail_policy_extraction_024,mixed_traffic,fhe_filter,9.895252995193005,5.902868986595422,38.16171397920698,3.390471974853426,0.04079099744558334,,57.62008199235424
mixed_adaptive_guardrail_policy_extraction_025,mixed_traffic,fhe_filter,9.696565975900739,5.920404044445604,37.36163699068129,3.420547000132501,0.04002999048680067,,56.67311500292271
mixed_adaptive_guardrail_policy_extraction_026,mixed_traffic,fhe_filter,9.846139000728726,5.899322975892574,38.36827498162165,3.418795007746667,0.04243402509018779,,57.80261702602729
mixed_adaptive_guardrail_policy_extraction_027,mixed_traffic,fhe_filter,9.804065979551524,5.909408966545016,38.52452896535397,3.366625984199345,0.04156300565227866,,57.87559697637334
mixed_adaptive_guardrail_policy_extraction_028,mixed_traffic,fhe_filter,9.925208985805511,5.919092975091189,38.48695295164362,3.464964043814689,0.04220299888402224,,58.06862597819418
mixed_adaptive_guardrail_policy_extraction_029,mixed_traffic,fhe_filter,9.850915987044573,5.888626968953758,38.20541099412367,3.405915980692953,0.04446599632501602,,57.62561992742121
mixed_adaptive_guardrail_policy_extraction_030,mixed_traffic,fhe_filter,10.15700498828664,5.81053999485448,38.59712701523677,3.245304978918284,0.03739603562280536,,58.07653802912682
mixed_adaptive_guardrail_policy_extraction_031,mixed_traffic,fhe_filter,10.10960398707539,5.826364038512111,37.89905196754262,3.462520020548254,0.04052999429404736,,57.56632197881117
mixed_adaptive_guardrail_policy_extraction_032,mixed_traffic,fhe_filter,9.923745004925877,5.898732983041555,38.05394301889464,3.421239031013101,0.04155200440436602,,57.56631202530116
mixed_adaptive_guardrail_policy_extraction_033,mixed_traffic,fhe_filter,9.877867996692657,5.88417996186763,37.92845504358411,3.383080998901278,0.03923900658264756,,57.34122602734715
mixed_adaptive_guardrail_policy_extraction_034,mixed_traffic,fhe_filter,10.01077599357814,5.855928000528365,37.4755670200102,3.358763991855085,0.04182296106591821,,56.97471695020795
mixed_adaptive_guardrail_policy_extraction_035,mixed_traffic,fhe_filter,9.957615984603763,5.934366025030613,38.08856499381363,3.327797981910408,0.04239298868924379,,57.57992202416062
mixed_adaptive_guardrail_policy_extraction_036,mixed_traffic,fhe_filter,10.29049599310383,5.816138000227511,38.29115902772173,3.256842028349638,0.04076102050021291,,57.92525096330792
mixed_adaptive_guardrail_policy_extraction_037,mixed_traffic,fhe_filter,9.911838045809418,5.907635961193591,37.37773897591978,3.585474973078817,0.04258297849446535,,57.05661798128858
mixed_adaptive_guardrail_policy_extraction_038,mixed_traffic,fhe_filter,9.947271028067917,5.870749999303371,37.90515102446079,3.268811036832631,0.04066101973876357,,57.25754000013694
mixed_adaptive_guardrail_policy_extraction_039,mixed_traffic,fhe_filter,9.989864018280059,5.86631300393492,38.84361701784655,3.165655944030732,0.04167301813140512,,58.1445800489746
mixed_adaptive_guardrail_policy_extraction_040,mixed_traffic,fhe_filter,10.42058103485033,5.768246948719025,37.94033301528543,3.404003044124693,0.04242401337251067,,57.80186603078619
mixed_adaptive_guardrail_policy_extraction_041,mixed_traffic,fhe_filter,10.23293996695429,5.847644992172718,38.27413398539647,3.277943993452936,0.04040100611746311,,57.90296796476468
mixed_adaptive_guardrail_policy_extraction_042,mixed_traffic,fhe_filter,10.14859299175441,5.810040049254894,38.75494399107993,3.156931954436004,0.04220398841425776,,58.14177700085565
mixed_adaptive_guardrail_policy_extraction_043,mixed_traffic,fhe_filter,9.781633038073778,5.941527022514492,39.75267999339849,3.276471979916096,0.04073098534718156,,59.02298702858388
mixed_adaptive_guardrail_policy_extraction_044,mixed_traffic,fhe_filter,10.21130598383024,5.838411976583302,38.16448902944103,3.248790046200156,0.04056096076965332,,57.73345194756985
mixed_adaptive_guardrail_policy_extraction_045,mixed_traffic,fhe_filter,9.973380947485566,5.845461972057819,37.52406901912764,3.328390012029558,0.04202302079647779,,56.94926797877997
mixed_adaptive_guardrail_policy_extraction_046,mixed_traffic,fhe_filter,9.927260980475694,5.819784011691809,38.13012799946591,3.253756964113563,0.03963999915868044,,57.39908298710361
mixed_adaptive_guardrail_policy_extraction_047,mixed_traffic,fhe_filter,10.08499698946252,5.829879955854267,38.03903999505565,3.304994024801999,0.04251400241628289,,57.52954800846055
mixed_adaptive_guardrail_policy_extraction_048,mixed_traffic,fhe_filter,10.12460800120607,5.856489005964249,37.55099000409245,3.364773001521826,0.04107196582481265,,57.16591392410919
mixed_adaptive_guardrail_policy_extraction_049,mixed_traffic,fhe_filter,10.15647401800379,5.852153000887483,37.93635696638376,3.270582994446158,0.0422529992647469,,57.48816597042605
mixed_adaptive_guardrail_policy_extraction_050,mixed_traffic,fhe_filter,10.12132200412452,5.862116988282651,38.25498599326238,3.26179905096069,0.04126096609979868,,57.77142895385623
mixed_adaptive_compliance_reframing_001,mixed_traffic,fhe_filter,9.851878043264151,5.865914048627019,37.92124398751184,3.242479986511171,0.04255399107933044,,57.15311405947432
mixed_adaptive_compliance_reframing_002,mixed_traffic,fhe_filter,9.951417974662036,5.862637946847826,38.27875998103991,3.340016002766788,0.04254403756931424,,57.70464101806283
mixed_adaptive_compliance_reframing_003,mixed_traffic,fhe_filter,9.450936981011182,5.864530976396054,38.2701070047915,3.299136005807668,0.04141195677220821,,57.1599529357627
mixed_adaptive_compliance_reframing_004,mixed_traffic,fhe_filter,9.499961044639349,5.803818989079446,39.70663098152727,3.440486965700984,0.05680497270077467,,58.74109402066097
mixed_adaptive_compliance_reframing_005,mixed_traffic,fhe_filter,10.56176197016612,5.849358974955976,38.36886503268033,3.307819017209113,0.04105200059711933,,58.35639795986935
mixed_adaptive_compliance_reframing_006,mixed_traffic,fhe_filter,10.17839799169451,5.842718004714698,38.53738901671022,3.402840986382216,0.04659994738176465,,58.23874095221981
mixed_adaptive_compliance_reframing_007,mixed_traffic,fhe_filter,10.58982399990782,5.861866986379027,38.41359197394922,3.194869961589575,0.03996002487838268,,58.32909600576386
mixed_adaptive_compliance_reframing_008,mixed_traffic,fhe_filter,9.92573902476579,5.888806947041303,37.90059400489554,3.193345968611538,0.04189304308965802,,57.17936408473179
mixed_adaptive_compliance_reframing_009,mixed_traffic,fhe_filter,9.759859996847808,5.811062001157552,37.39266202319413,3.21478903060779,0.04283396992832422,,56.44684395520017
mixed_adaptive_compliance_reframing_010,mixed_traffic,fhe_filter,9.772299032192677,5.829228030052036,38.66281697992235,3.124963957816362,0.04454702138900757,,57.66507203225046
mixed_adaptive_compliance_reframing_011,mixed_traffic,fhe_filter,9.860080026555806,5.854646966326982,38.04932598723099,3.483231994323432,0.03947899676859379,,57.51507700188085
mixed_adaptive_compliance_reframing_012,mixed_traffic,fhe_filter,9.803806024137884,5.855698022060096,37.48664300655946,3.331083047669381,0.03994000144302845,,56.74951802939177
mixed_adaptive_compliance_reframing_013,mixed_traffic,fhe_filter,9.696204040665179,5.84541296120733,39.99983996618539,3.310883999802172,0.04131201421841979,,59.12177509162575
mixed_adaptive_compliance_reframing_014,mixed_traffic,fhe_filter,9.83448198530823,5.894516012631357,37.58084401488304,3.388768993318081,0.04287500632926822,,56.97178299305961
mixed_adaptive_compliance_reframing_015,mixed_traffic,fhe_filter,9.664657001849264,5.884571990463883,37.90278598899022,3.352705971337855,0.04069099668413401,,57.07416596123949
mixed_adaptive_compliance_reframing_016,mixed_traffic,fhe_filter,10.09856798918918,5.88242697995156,38.11776998918504,3.307118022348732,0.04092196468263865,,57.67485697288066
mixed_adaptive_compliance_reframing_017,mixed_traffic,fhe_filter,9.827091998886317,5.753074015956372,37.22211701096967,3.169551957398653,0.03732601180672646,,56.23722198652104
mixed_adaptive_compliance_reframing_018,mixed_traffic,fhe_filter,9.765047987457365,5.873384012375027,37.8312100074254,3.370092017576098,0.04004000220447779,,57.10798600921407
mixed_adaptive_compliance_reframing_019,mixed_traffic,fhe_filter,10.09544398402795,5.844670988153666,37.60884696384892,3.340036957524717,0.03882800228893757,,57.15667898766696
mixed_adaptive_compliance_reframing_020,mixed_traffic,fhe_filter,10.08154201554134,5.831831949763,37.93454496189952,3.410983015783131,0.04071102011948824,,57.52825504168868
mixed_adaptive_compliance_reframing_021,mixed_traffic,fhe_filter,10.20399597473443,5.802617990411818,38.47275202861056,3.365906013641506,0.03985903458669782,,58.11328202253208
mixed_adaptive_compliance_reframing_022,mixed_traffic,fhe_filter,9.781422035302967,5.931171006523073,37.92567999335006,3.452124947216362,0.03928894875571132,,57.35668895067647
mixed_adaptive_compliance_reframing_023,mixed_traffic,fhe_filter,9.911197004839778,5.854164948686957,37.52978902775794,3.259825985878706,0.04172296030446887,,56.83260294608772
mixed_adaptive_compliance_reframing_024,mixed_traffic,fhe_filter,9.821954008657485,5.828026973176748,38.34128397284076,3.315129957627505,0.04087202250957489,,57.57604003883898
mixed_adaptive_compliance_reframing_025,mixed_traffic,fhe_filter,10.04292402649298,5.833154020365328,38.79152901936322,3.27237497549504,0.04115200135856867,,58.21429402567446
mixed_adaptive_compliance_reframing_026,mixed_traffic,fhe_filter,9.990756982006133,5.876159004401416,38.40167500311509,3.10654699569568,0.03892800305038691,,57.64363898197189
mixed_adaptive_compliance_reframing_027,mixed_traffic,fhe_filter,10.21450199186802,5.843709979671985,38.05992199340835,3.31252597970888,0.04164199344813824,,57.70109500735998
mixed_adaptive_compliance_reframing_028,mixed_traffic,fhe_filter,9.859369951300323,5.855686962604523,38.20761502720416,3.222741011995822,0.04067103145644069,,57.41059000138193
mixed_adaptive_compliance_reframing_029,mixed_traffic,fhe_filter,10.28717099688947,5.866284016519785,37.89760998915881,3.223771986085922,0.03579398617148399,,57.54057498415932
mixed_adaptive_compliance_reframing_030,mixed_traffic,fhe_filter,9.540160011965781,5.745141999796033,38.04050397593528,3.122850961517543,0.03691599704325199,,56.71183200320229
mixed_adaptive_compliance_reframing_031,mixed_traffic,fhe_filter,10.43272897368297,5.762378044892102,38.10242697363719,3.214247990399599,0.03568304236978292,,57.77196097187698
mixed_adaptive_compliance_reframing_032,mixed_traffic,fhe_filter,9.845588996540755,5.859803990460932,38.14536100253463,3.320397983770818,0.03541295882314444,,57.43248295038939
mixed_adaptive_compliance_reframing_033,mixed_traffic,fhe_filter,9.835073025897145,5.850379006005824,39.96175294741988,3.397022024728358,0.03337999805808067,,59.30478899972513
mixed_adaptive_compliance_reframing_034,mixed_traffic,fhe_filter,10.4000800056383,5.776859004981816,37.9475939553231,3.233627008739859,0.03616401227191091,,57.62344802496955
mixed_adaptive_compliance_reframing_035,mixed_traffic,fhe_filter,9.953110013157129,5.815698008518666,38.71653700480238,3.23481997475028,0.03274896880611777,,57.98164597945288
mixed_adaptive_compliance_reframing_036,mixed_traffic,fhe_filter,9.984086034819484,5.868687003385276,38.70138502679765,3.324113029520959,0.03466202178969979,,58.14859503880143
mixed_adaptive_compliance_reframing_037,mixed_traffic,fhe_filter,10.01407200237736,5.795778008177876,38.42611203435808,3.243902989197522,0.03466196358203888,,57.74269794346765
mixed_adaptive_compliance_reframing_038,mixed_traffic,fhe_filter,10.02668001456186,5.83383598132059,38.11157098971307,3.298514988273382,0.03584398655220866,,57.5358479982242
mixed_adaptive_compliance_reframing_039,mixed_traffic,fhe_filter,10.00362500781193,5.818952980916947,38.13551599159837,3.246245963964611,0.03445101901888847,,57.46701301541179
mixed_adaptive_compliance_reframing_040,mixed_traffic,fhe_filter,10.35392103949562,5.829439032822847,38.39882102329284,3.204474051017314,0.03573298454284668,,58.05172002874315
mixed_adaptive_compliance_reframing_041,mixed_traffic,fhe_filter,10.09536301717162,5.84734498988837,38.5113789816387,3.274189017247409,0.03596401074901223,,57.99427500460297
mixed_adaptive_compliance_reframing_042,mixed_traffic,fhe_filter,10.11543301865458,5.806583969388157,38.34590100450441,3.317091963253915,0.03697496140375733,,57.84986697835848
mixed_adaptive_compliance_reframing_043,mixed_traffic,fhe_filter,9.860701975412667,5.859574011992663,37.45095001067966,3.311134001705796,0.03991002449765801,,56.75767204957083
mixed_adaptive_compliance_reframing_044,mixed_traffic,fhe_filter,10.0201609893702,5.861265992280096,37.88597200764343,3.265745006501675,0.04064105451107025,,57.30238906107843
mixed_adaptive_compliance_reframing_045,mixed_traffic,fhe_filter,10.08583896327764,5.797591002192348,38.62572100479156,3.249650995712727,0.04402600461617112,,58.03213099716231
mixed_adaptive_compliance_reframing_046,mixed_traffic,fhe_filter,10.07379195652902,5.877921008504927,38.6443289462477,3.258815035223961,0.04868296673521399,,58.1358878989704
mixed_adaptive_compliance_reframing_047,mixed_traffic,fhe_filter,10.2870209957473,5.846033047419041,38.74554095091298,3.318514965940267,0.04644901491701603,,58.47137002274394
mixed_adaptive_compliance_reframing_048,mixed_traffic,fhe_filter,10.55269798962399,5.736380000598729,38.75758801586926,3.187839000020176,0.04645902663469315,,58.51121904561296
mixed_adaptive_compliance_reframing_049,mixed_traffic,fhe_filter,9.97386098606512,5.846924032084644,37.82155597582459,3.312405024189502,0.04447699757292867,,57.22995899850503
mixed_adaptive_compliance_reframing_050,mixed_traffic,fhe_filter,10.26178296888247,5.72989898500964,38.10806502588093,3.362620016559958,0.042743980884552,,57.73132096510381
mixed_adaptive_fraud_analysis_disguised_extraction_001,mixed_traffic,fhe_filter,9.932258981280029,5.852032045368105,37.70851599983871,3.243201004806906,0.04006997914984822,,57.00505193090066
mixed_adaptive_fraud_analysis_disguised_extraction_002,mixed_traffic,fhe_filter,9.894882037770003,5.817981960717589,37.64612198574468,3.30162001773715,0.04197302041575313,,56.93226307630539
mixed_adaptive_fraud_analysis_disguised_extraction_003,mixed_traffic,fhe_filter,9.524416993372142,5.899572977796197,40.61369103146717,3.290733031462878,0.04740100121125579,,59.60718198912218
mixed_adaptive_fraud_analysis_disguised_extraction_004,mixed_traffic,fhe_filter,10.05038595758379,5.873304035048932,37.89117897395045,3.249710949603468,0.04384497879073024,,57.33449495164678
mixed_adaptive_fraud_analysis_disguised_extraction_005,mixed_traffic,fhe_filter,9.87197901122272,5.875737988390028,38.14926702762023,3.307487990241498,0.04862301284447312,,57.4839009786956
mixed_adaptive_fraud_analysis_disguised_extraction_006,mixed_traffic,fhe_filter,9.970946004614234,5.860876000951976,37.58651198586449,3.304273006506264,0.042032974306494,,57.00080498354509
mixed_adaptive_fraud_analysis_disguised_extraction_007,mixed_traffic,fhe_filter,9.804086002986878,5.863850004971027,38.28710300149396,3.330482984893024,0.04412600537762046,,57.56127502536401
mixed_adaptive_fraud_analysis_disguised_extraction_008,mixed_traffic,fhe_filter,9.600671008229256,5.841466947458684,38.21907099336386,3.544442995917052,0.050146016292274,,57.48804600443691
mixed_adaptive_fraud_analysis_disguised_extraction_009,mixed_traffic,fhe_filter,9.951187006663531,5.870870023500174,37.40421996917576,3.36340197827667,0.04368601366877556,,56.86840700218454
mixed_adaptive_fraud_analysis_disguised_extraction_010,mixed_traffic,fhe_filter,10.02853194950148,5.930730956606567,38.13978197285905,3.385896037798375,0.03924901830032468,,57.75093997363001
mixed_adaptive_fraud_analysis_disguised_extraction_011,mixed_traffic,fhe_filter,9.627382038161159,5.888146988581866,37.57847100496292,3.361349052283913,0.04339503357186913,,56.72770610544831
mixed_adaptive_fraud_analysis_disguised_extraction_012,mixed_traffic,fhe_filter,9.505119000095874,5.902608041651547,37.56834601517767,3.49904497852549,0.04043098306283355,,56.74552399432287
mixed_adaptive_fraud_analysis_disguised_extraction_013,mixed_traffic,fhe_filter,9.659000032115728,5.909709027037024,38.08603202924132,3.412345016840845,0.05040597170591354,,57.34888900769874
mixed_adaptive_fraud_analysis_disguised_extraction_014,mixed_traffic,fhe_filter,9.998977999202907,5.874316033441573,38.13943197019398,3.31460899906233,0.04367600195109844,,57.60177702177316
mixed_adaptive_fraud_analysis_disguised_extraction_015,mixed_traffic,fhe_filter,9.494752972386777,5.88960899040103,37.69000800093636,3.387398028280586,0.04298496060073376,,56.73295492306352
mixed_adaptive_fraud_analysis_disguised_extraction_016,mixed_traffic,fhe_filter,9.734221966937184,5.892332992516458,37.71032899385318,3.583742014598101,0.043154985178262,,57.19267291715369
mixed_adaptive_fraud_analysis_disguised_extraction_017,mixed_traffic,fhe_filter,10.05330099724233,5.852892994880676,37.82209596829489,3.294138005003333,0.04315399564802647,,57.2962379665114
mixed_adaptive_fraud_analysis_disguised_extraction_018,mixed_traffic,fhe_filter,9.778828010894358,5.44458202784881,37.86419896641746,3.487929003313184,0.03905902849510312,,56.84135702904314
mixed_adaptive_fraud_analysis_disguised_extraction_019,mixed_traffic,fhe_filter,9.866890031844378,5.913464992772788,37.4722609994933,3.271844994742423,0.03987998934462667,,56.79684999631718
mixed_adaptive_fraud_analysis_disguised_extraction_020,mixed_traffic,fhe_filter,9.781112021300942,5.931371008045971,38.17769000306726,3.323872981127352,0.0436650007031858,,57.48675303766504
mixed_adaptive_fraud_analysis_disguised_extraction_021,mixed_traffic,fhe_filter,9.894923015963286,5.896838963963091,39.4174880348146,3.343902004417032,0.041663006413728,,58.82451002253219
mixed_adaptive_fraud_analysis_disguised_extraction_022,mixed_traffic,fhe_filter,8.823227020911872,5.440525012090802,38.47510600462556,3.305935009848326,0.04156201612204313,,56.31486704805866
mixed_adaptive_fraud_analysis_disguised_extraction_023,mixed_traffic,fhe_filter,8.531909959856421,5.454797006677836,41.03684501023963,3.220818005502224,0.04186201840639114,,58.51394298952073
mixed_adaptive_fraud_analysis_disguised_extraction_024,mixed_traffic,fhe_filter,8.403878018725663,5.468276969622821,38.78638200694695,3.264983999542892,0.03913900582119823,,56.19022104656324
mixed_adaptive_fraud_analysis_disguised_extraction_025,mixed_traffic,fhe_filter,8.635185018647462,5.421397974714637,38.33917999872938,3.27850499888882,0.03960001049563289,,55.94095902051777
mixed_adaptive_fraud_analysis_disguised_extraction_026,mixed_traffic,fhe_filter,8.593300997745246,5.423850030638278,38.49269199417904,3.342170035466552,0.03682496026158333,,56.11771991243586
mixed_adaptive_fraud_analysis_disguised_extraction_027,mixed_traffic,fhe_filter,8.554723986890167,5.429870041552931,38.41198998270556,3.343721968121827,0.03810704220086336,,56.01301504066214
mixed_adaptive_fraud_analysis_disguised_extraction_028,mixed_traffic,fhe_filter,8.552360988687724,5.432964011561126,38.44929701881483,3.374347987119108,0.03943900810554624,,56.0792550095357
mixed_adaptive_fraud_analysis_disguised_extraction_029,mixed_traffic,fhe_filter,10.15750697115436,5.864039994776249,39.25604501273483,3.165183996316046,0.03563298378139734,,58.70686291018501
mixed_adaptive_fraud_analysis_disguised_extraction_030,mixed_traffic,fhe_filter,8.315274026244879,5.465884984005243,38.8164070318453,3.355680033564568,0.0366450403816998,,56.21482705464587
mixed_adaptive_fraud_analysis_disguised_extraction_031,mixed_traffic,fhe_filter,10.54599898634478,5.839594989083707,39.06901500886306,3.237724013160914,0.03364996518939734,,58.95259196404368
mixed_adaptive_fraud_analysis_disguised_extraction_032,mixed_traffic,fhe_filter,8.860140980686992,5.445954040624201,39.18796399375424,3.320919000543654,0.03796699456870556,,57.08048498490825
mixed_adaptive_fraud_analysis_disguised_extraction_033,mixed_traffic,fhe_filter,8.593861944973469,5.460105021484196,39.35407300014049,3.228308982215822,0.03695598570629954,,56.90091592259705
mixed_adaptive_fraud_analysis_disguised_extraction_034,mixed_traffic,fhe_filter,8.704289037268609,5.421065958216786,38.51595695596188,3.434218000620604,0.03696500789374113,,56.33911403128877
mixed_adaptive_fraud_analysis_disguised_extraction_035,mixed_traffic,fhe_filter,8.757928968407214,5.417049978859723,39.07655697548762,3.286556981038302,0.03607402322813869,,56.80106597719714
mixed_adaptive_fraud_analysis_disguised_extraction_036,mixed_traffic,fhe_filter,8.705860003829002,5.418973974883556,39.26755301654339,3.342771029565483,0.03848696360364556,,57.00067395810038
mixed_adaptive_fraud_analysis_disguised_extraction_037,mixed_traffic,fhe_filter,8.296546991914511,5.463130015414208,38.74111396726221,3.34092800039798,0.03654399188235402,,56.1062449705787
mixed_adaptive_fraud_analysis_disguised_extraction_038,mixed_traffic,fhe_filter,8.288965036626905,5.442299006972462,38.65400399081409,3.221990016754717,0.03719603409990668,,55.8728450560011
mixed_adaptive_fraud_analysis_disguised_extraction_039,mixed_traffic,fhe_filter,8.405430009588599,5.460846005007625,38.68393797893077,3.325035038869828,0.03817700780928135,,56.14119704114273
mixed_adaptive_fraud_analysis_disguised_extraction_040,mixed_traffic,fhe_filter,8.379990991670638,5.384861025959253,38.69397297967225,3.188539994880557,0.03602402284741402,,55.90968899196014
mixed_adaptive_fraud_analysis_disguised_extraction_041,mixed_traffic,fhe_filter,8.753192028962076,5.420975969173014,39.38243503216654,3.401819034479558,0.0367250177077949,,57.22247803350911
mixed_adaptive_fraud_analysis_disguised_extraction_042,mixed_traffic,fhe_filter,8.623857982456684,5.365452030673623,38.39519602479413,3.356091037858278,0.03521301550790668,,56.00158899324015
mixed_adaptive_fraud_analysis_disguised_extraction_043,mixed_traffic,fhe_filter,8.694654039572924,5.358060996513814,38.47080800915137,3.321147989481688,0.03551301779225469,,56.1074860743247
mixed_adaptive_fraud_analysis_disguised_extraction_044,mixed_traffic,fhe_filter,8.568675024434924,5.440686014480889,38.27764000743628,3.158714971505105,0.03873795503750443,,55.71105302078649
mixed_adaptive_fraud_analysis_disguised_extraction_045,mixed_traffic,fhe_filter,8.393973053898662,5.394876992795616,38.8632170506753,3.293946967460215,0.0372860231436789,,56.21196405263618
mixed_adaptive_fraud_analysis_disguised_extraction_046,mixed_traffic,fhe_filter,8.744618040509522,5.375599022954702,38.34763402119279,3.363933006767184,0.03962998744100332,,56.10042699845508
mixed_adaptive_fraud_analysis_disguised_extraction_047,mixed_traffic,fhe_filter,8.702866034582257,5.423378956038505,40.31076701357961,3.568749001715332,0.039049016777426,,58.27277404023334
mixed_adaptive_fraud_analysis_disguised_extraction_048,mixed_traffic,fhe_filter,9.038157993927598,5.408067023381591,38.68406894616783,3.249472007155418,0.03740604734048247,,56.64675502339378
mixed_adaptive_fraud_analysis_disguised_extraction_049,mixed_traffic,fhe_filter,9.033370995894074,5.364621989428997,38.88109402032569,3.17935599014163,0.03916898276656866,,56.7290079779923
mixed_adaptive_fraud_analysis_disguised_extraction_050,mixed_traffic,fhe_filter,8.671138959471136,5.501015984918922,38.2318909978494,3.267046995460987,0.03825698513537645,,55.93785195378587
mixed_adaptive_partial_field_verification_001,mixed_traffic,fhe_filter,8.359201019629836,5.406575044617057,38.70566101977602,3.162820998113602,0.03945897333323956,,55.90161797590554
mixed_adaptive_partial_field_verification_002,mixed_traffic,fhe_filter,8.399190963245928,5.441946967039257,38.47909101750702,3.15486901672557,0.03884796751663089,,55.74094690382481
mixed_adaptive_partial_field_verification_003,mixed_traffic,fhe_filter,8.468495041597635,5.44940895633772,38.43301202869043,3.30504501471296,0.03645499236881733,,55.92147802235559
mixed_adaptive_partial_field_verification_004,mixed_traffic,fhe_filter,8.180132019333541,5.410199984908104,38.74399804044515,3.260997997131199,0.03755599027499557,,55.86052697617561
mixed_adaptive_partial_field_verification_005,mixed_traffic,fhe_filter,8.337147999554873,5.440715991426259,38.70543104130775,3.207328030839562,0.03408099291846156,,55.95109303249046
mixed_adaptive_partial_field_verification_006,mixed_traffic,fhe_filter,8.361143001820892,5.445552989840508,38.71881996747106,3.17360699409619,0.03731600008904934,,55.96782697830349
mixed_adaptive_partial_field_verification_007,mixed_traffic,fhe_filter,8.238259004428983,5.391643033362925,38.94212504383177,3.12432402279228,0.03797700628638268,,55.96224899636582
mixed_adaptive_partial_field_verification_008,mixed_traffic,fhe_filter,8.778139017522335,5.470711039379239,39.3265220336616,3.587578015867621,0.04169304156675935,,57.43266502395272
mixed_adaptive_partial_field_verification_009,mixed_traffic,fhe_filter,8.431759022641927,5.347275990061462,39.35821895720437,3.389680990949273,0.03655499313026667,,56.79036100627854
mixed_adaptive_partial_field_verification_010,mixed_traffic,fhe_filter,8.225029043387622,5.43955503962934,38.85822900338098,3.259565972257406,0.03557297168299556,,56.04481301270425
mixed_adaptive_partial_field_verification_011,mixed_traffic,fhe_filter,8.323095971718431,5.426134041044861,38.67358202114701,3.312435001134872,0.04141195677220821,,56.00610497640446
mixed_adaptive_partial_field_verification_012,mixed_traffic,fhe_filter,8.282335009425879,5.461566033773124,38.69899100391194,3.348099009599537,0.03701599780470133,,56.05902499519289
mixed_adaptive_partial_field_verification_013,mixed_traffic,fhe_filter,9.804085944779217,5.407626973465085,38.19585702149197,3.349981037899852,0.03605399979278445,,57.02571297297254
mixed_adaptive_partial_field_verification_014,mixed_traffic,fhe_filter,10.08014002582058,5.816519958898425,41.26973502570763,3.151323995552957,0.03513303818181157,,60.57876005070284
mixed_adaptive_partial_field_verification_015,mixed_traffic,fhe_filter,8.062816050369292,5.489738949108869,38.39358402183279,3.326024976558983,0.03814703086391091,,55.53759203758091
mixed_adaptive_partial_field_verification_016,mixed_traffic,fhe_filter,8.423737017437816,5.464271001983434,38.38659299071878,3.405675000976771,0.04011002602055669,,55.9500110684894
mixed_adaptive_partial_field_verification_017,mixed_traffic,fhe_filter,8.330287004355341,5.468868010211736,38.58440899057314,3.155991027597338,0.03787601599469781,,55.80349004594609
mixed_adaptive_partial_field_verification_018,mixed_traffic,fhe_filter,9.121162001974881,5.41103194700554,38.88769401237369,3.184804052580148,0.04328496288508177,,56.8762089824304
mixed_adaptive_partial_field_verification_019,mixed_traffic,fhe_filter,8.504417026415467,5.46107703121379,38.38233597343788,3.340918978210539,0.03908795770257711,,55.95375498523936
mixed_adaptive_partial_field_verification_020,mixed_traffic,fhe_filter,8.448714041151106,5.446374998427927,38.90324698295444,3.285826009232551,0.03952899714931846,,56.35174305643886
mixed_adaptive_partial_field_verification_021,mixed_traffic,fhe_filter,9.835221979301423,5.978442961350083,38.66512997774407,3.095980966463685,0.0355230295099318,,57.83642700407654
mixed_adaptive_partial_field_verification_022,mixed_traffic,fhe_filter,8.47881002118811,5.392224004026502,38.734242960345,3.207227040547878,0.03962899791076779,,56.08255905099213
mixed_adaptive_partial_field_verification_023,mixed_traffic,fhe_filter,8.569895988330245,5.397221015300602,38.60650199931115,3.176742000505328,0.035013013985008,,56.01093301083893
mixed_adaptive_partial_field_verification_024,mixed_traffic,fhe_filter,8.605970011558384,5.396951048169285,38.51205098908395,3.225655003916472,0.03624398959800601,,56.00434099324048
mixed_adaptive_partial_field_verification_025,mixed_traffic,fhe_filter,8.35793896112591,5.418493004981428,38.78568101208657,3.221128019504249,0.04164199344813824,,56.05192395159975
mixed_adaptive_partial_field_verification_026,mixed_traffic,fhe_filter,8.538569964002818,5.392202991060913,38.60510105732828,3.289269981905818,0.03622501390054822,,56.09261494828388
mixed_adaptive_partial_field_verification_027,mixed_traffic,fhe_filter,8.31470504635945,5.496138997841626,38.68365800008178,3.149621014017612,0.03539299359545112,,55.90930004836991
mixed_adaptive_partial_field_verification_028,mixed_traffic,fhe_filter,8.390007016714662,5.394476000219584,38.78795402124524,3.269300039391965,0.0355839729309082,,56.10494298161939
mixed_adaptive_partial_field_verification_029,mixed_traffic,fhe_filter,8.825621043797582,5.370760976802558,38.43799000605941,3.243612009100616,0.03414100501686335,,56.13730207551271
mixed_adaptive_partial_field_verification_030,mixed_traffic,fhe_filter,8.524508972186595,5.416809988673776,38.54420897550881,3.292155044618994,0.03062596078962088,,56.0342469252646
mixed_adaptive_partial_field_verification_031,mixed_traffic,fhe_filter,8.712190960068256,5.399513989686966,39.01869000401348,3.256201976910233,0.03506301436573267,,56.64750694995746
mixed_adaptive_partial_field_verification_032,mixed_traffic,fhe_filter,8.639450999908149,5.38435101043433,39.64912501396611,3.23685200419277,0.03466196358203888,,57.1706309565343
mixed_adaptive_partial_field_verification_033,mixed_traffic,fhe_filter,8.451629022601992,5.37443597568199,38.78243599319831,3.285515995230526,0.03691494930535555,,56.15403596311808
mixed_adaptive_partial_field_verification_034,mixed_traffic,fhe_filter,8.591058023739606,5.396238993853331,41.53296002186835,3.169812029227614,0.03818701952695847,,58.95634705666453
mixed_adaptive_partial_field_verification_035,mixed_traffic,fhe_filter,8.369315008167177,5.439363012555987,38.74902700772509,3.428359981626272,0.03722601104527712,,56.25102197518572
mixed_adaptive_partial_field_verification_036,mixed_traffic,fhe_filter,8.710266032721847,5.380376009270549,39.20897498028353,3.400847956072539,0.03781699342653155,,56.96524301311001
mixed_adaptive_partial_field_verification_037,mixed_traffic,fhe_filter,8.865509007591754,5.331702996045351,39.15686695836484,3.132845973595977,0.03231799928471446,,56.74390000058338
mixed_adaptive_partial_field_verification_038,mixed_traffic,fhe_filter,8.747221960220486,5.382278002798557,38.36656198836863,3.13667202135548,0.03840797580778599,,55.89930497808382
mixed_adaptive_partial_field_verification_039,mixed_traffic,fhe_filter,8.546250988729298,5.39525697240606,38.85239100782201,3.147198003716767,0.03588403342291713,,56.20935902697966
mixed_adaptive_partial_field_verification_040,mixed_traffic,fhe_filter,8.660173043608665,5.387815996073186,38.5678339516744,3.342829993925989,0.03482203464955091,,56.22027709614486
mixed_adaptive_partial_field_verification_041,mixed_traffic,fhe_filter,8.326140989083797,5.459773994516581,38.59661798924208,3.36407299619168,0.03699504304677248,,56.01185205159709
mixed_adaptive_partial_field_verification_042,mixed_traffic,fhe_filter,8.343958004843444,5.415878025814891,38.530599034857,3.21994797559455,0.0387780019082129,,55.77741301385686
mixed_adaptive_partial_field_verification_043,mixed_traffic,fhe_filter,8.332981029525399,5.384501011576504,38.80857501644641,3.177904000040144,0.03710598684847355,,55.96833903109655
mixed_adaptive_partial_field_verification_044,mixed_traffic,fhe_filter,8.52940499316901,5.427355994470417,38.53152098599821,3.395419975277036,0.03658502828329802,,56.14740605233237
mixed_adaptive_partial_field_verification_045,mixed_traffic,fhe_filter,8.616275968961418,5.406916025094688,39.46385800372809,3.191813942976296,0.0348120229318738,,56.94016598863527
mixed_adaptive_partial_field_verification_046,mixed_traffic,fhe_filter,8.793422020971775,5.414346000179648,39.37849000794813,3.358103975187987,0.04072097362950444,,57.21169203752652
mixed_adaptive_partial_field_verification_047,mixed_traffic,fhe_filter,8.773431996814907,5.402798007708043,39.26344698993489,3.245735017117113,0.03726599970832467,,56.94925901480019
mixed_adaptive_partial_field_verification_048,mixed_traffic,fhe_filter,8.813571999780834,5.391881975810975,38.3789410116151,2.983492973726243,0.03809703048318624,,55.83397706504911
mixed_adaptive_partial_field_verification_049,mixed_traffic,fhe_filter,8.698538003955036,5.402567971032113,38.54486002819613,3.412926977034658,0.03735598875209689,,56.33048096206039
mixed_adaptive_partial_field_verification_050,mixed_traffic,fhe_filter,8.70878400746733,5.324471974745393,38.41275197919458,3.330082050524652,0.03267900319769979,,56.0346280108206
mixed_adaptive_debug_log_framing_001,mixed_traffic,fhe_filter,8.387762994971126,5.81545801833272,38.38859597453848,3.450631978921592,0.03740598913282156,,56.30687595112249
mixed_adaptive_debug_log_framing_002,mixed_traffic,fhe_filter,8.410656999330968,5.433193990029395,38.22135500377044,3.237442986574024,0.03644498065114021,,55.56791700655594
mixed_adaptive_debug_log_framing_003,mixed_traffic,fhe_filter,8.191397995688021,5.487987014930695,38.87053800281137,3.316300979349762,0.03560294862836599,,56.12695496529341
mixed_adaptive_debug_log_framing_004,mixed_traffic,fhe_filter,8.350277959834784,5.418132001068443,40.3722389601171,3.173026954755187,0.03927899524569511,,57.58474196773022
mixed_adaptive_debug_log_framing_005,mixed_traffic,fhe_filter,8.239911985583603,5.42834703810513,39.14742299821228,3.204053966328502,0.03636401379480958,,56.28337996313348
mixed_adaptive_debug_log_framing_006,mixed_traffic,fhe_filter,8.394503965973854,5.457902036141604,38.64091396098956,3.288339998107404,0.03580399788916111,,56.04294093791395
mixed_adaptive_debug_log_framing_007,mixed_traffic,fhe_filter,9.753549995366484,5.8276760391891,37.9338440252468,3.272906003985554,0.03809703048318624,,57.05454602139071
mixed_adaptive_debug_log_framing_008,mixed_traffic,fhe_filter,9.589035005774349,5.889237974770367,38.99584600003436,3.301139047835022,0.03868801286444068,,58.04548301966861
mixed_adaptive_debug_log_framing_009,mixed_traffic,fhe_filter,8.54166503995657,5.458533007185906,39.42310600541532,3.217654011677951,0.0384179875254631,,56.90853903070092
mixed_adaptive_debug_log_framing_010,mixed_traffic,fhe_filter,8.368804992642254,5.470038973726332,38.65669900551438,3.30834899796173,0.03630499122664332,,56.06807902222499
mixed_adaptive_debug_log_framing_011,mixed_traffic,fhe_filter,8.34005099022761,5.454987986013293,38.73380302684382,3.374457999598235,0.03490201197564602,,56.1645120033063
mixed_adaptive_debug_log_framing_012,mixed_traffic,fhe_filter,8.347294002305716,5.430900957435369,39.51002599205822,3.306696016807109,0.04371604882180691,,56.87441804911941
mixed_adaptive_debug_log_framing_013,mixed_traffic,fhe_filter,8.512601023539901,5.423289025202394,38.65494503406808,3.333096974529326,0.03659504000097513,,56.1875780695118
mixed_adaptive_debug_log_framing_014,mixed_traffic,fhe_filter,8.426151005551219,5.432413017842919,38.52205700241029,3.298955038189888,0.03865803591907024,,55.94163906062022
mixed_adaptive_debug_log_framing_015,mixed_traffic,fhe_filter,8.526961959432811,5.425092997029424,38.57939201407135,3.194578981492668,0.03701599780470133,,55.99036195781082
mixed_adaptive_debug_log_framing_016,mixed_traffic,fhe_filter,8.901793975383043,5.371732986532152,39.05722795752808,3.579976968467236,0.037435966078192,,57.17766092857346
mixed_adaptive_debug_log_framing_017,mixed_traffic,fhe_filter,8.745920960791409,5.40285900933668,39.11085799336433,3.16151900915429,0.03761600237339735,,56.68687500292435
mixed_adaptive_debug_log_framing_018,mixed_traffic,fhe_filter,8.21543502388522,5.465552036184818,38.97529595997185,3.791944996919483,0.03891898086294532,,56.71581003116444
mixed_adaptive_debug_log_framing_019,mixed_traffic,fhe_filter,8.461804012767971,5.44698495650664,39.07387203071266,3.204462991561741,0.03709504380822182,,56.45131104392931
mixed_adaptive_debug_log_framing_020,mixed_traffic,fhe_filter,8.627111034002155,5.405122996307909,38.5191910318099,3.43922502361238,0.03724597627297044,,56.26179801765829
mixed_adaptive_debug_log_framing_021,mixed_traffic,fhe_filter,8.880943001713604,5.355147004593164,39.02107395697385,3.564653976354748,0.03658398054540157,,57.08666396094486
mixed_adaptive_debug_log_framing_022,mixed_traffic,fhe_filter,8.357268001418561,5.451422010082752,39.36007199808955,3.368398989550769,0.03830698551610112,,56.80833698716015
mixed_adaptive_debug_log_framing_023,mixed_traffic,fhe_filter,8.708293957170099,5.451852979604155,39.22168497228995,3.452054981607944,0.03641500370576978,,57.09870392456651
mixed_adaptive_debug_log_framing_024,mixed_traffic,fhe_filter,8.262074959930032,5.433535028714687,40.56567896623164,3.349121019709855,0.03784697037190199,,57.87454592064023
mixed_adaptive_debug_log_framing_025,mixed_traffic,fhe_filter,8.567793003749102,5.420814966782928,38.44661300536245,3.361919021699578,0.03573403228074312,,56.0607080697082
mixed_adaptive_debug_log_framing_026,mixed_traffic,fhe_filter,8.580882975365967,5.444190988782793,39.21956103295088,3.318755014333874,0.03589305561035872,,56.827285035979
mixed_adaptive_debug_log_framing_027,mixed_traffic,fhe_filter,8.478619973175228,5.411521997302771,38.69951202068478,3.25056305155158,0.03648403799161315,,56.10072700073943
mixed_adaptive_debug_log_framing_028,mixed_traffic,fhe_filter,8.92646104330197,5.442307970952243,39.16236700024456,3.228990011848509,0.03648496931418777,,57.02421197202057
mixed_adaptive_debug_log_framing_029,mixed_traffic,fhe_filter,8.813762047793716,5.395217973273247,38.3117200108245,3.128669050056487,0.03611395368352532,,55.91430701315403
mixed_adaptive_debug_log_framing_030,mixed_traffic,fhe_filter,8.649675990454853,5.391101003624499,38.60700299264863,3.143051988445222,0.03592396387830377,,56.05557793751359
mixed_adaptive_debug_log_framing_031,mixed_traffic,fhe_filter,8.917469007428735,5.394086008891463,38.30334899248555,3.326896985527128,0.03604398807510734,,56.20267102494836
mixed_adaptive_debug_log_framing_032,mixed_traffic,fhe_filter,8.842293987981975,5.405984004028141,38.81486499449238,3.339666000101715,0.03531301626935601,,56.66791700059548
mixed_adaptive_debug_log_framing_033,mixed_traffic,fhe_filter,8.732880989555269,5.378251953516155,38.46158395754173,3.233356983400881,0.0384179875254631,,56.07517797034234
mixed_adaptive_debug_log_framing_034,mixed_traffic,fhe_filter,8.539090980775654,5.397811008151621,38.63950195955113,3.226557979360223,0.03671500599011779,,56.06520496075973
mixed_adaptive_debug_log_framing_035,mixed_traffic,fhe_filter,8.699600992258638,5.401558009907603,39.29076797794551,3.231462964322418,0.03682501846924424,,56.88751599518582
mixed_adaptive_debug_log_framing_036,mixed_traffic,fhe_filter,8.577227010391653,5.491662013810128,38.91649696743116,3.327096987050027,0.03900902811437845,,56.57840304775164
mixed_adaptive_debug_log_framing_037,mixed_traffic,fhe_filter,8.696887991391122,5.409118020907044,39.20987696619704,3.170893003698438,0.03692501923069358,,56.74697598442435
mixed_adaptive_debug_log_framing_038,mixed_traffic,fhe_filter,8.563366020098329,5.380454997066408,39.790857990738,3.247157030273229,0.03569299587979913,,57.24070500582457
mixed_adaptive_debug_log_framing_039,mixed_traffic,fhe_filter,8.73751804465428,5.427155992947519,38.265049981419,3.242068982217461,0.03791699418798089,,55.93637999845669
mixed_adaptive_debug_log_framing_040,mixed_traffic,fhe_filter,8.728565007913858,5.435187020339072,39.24687299877405,3.164855006616563,0.03860797733068466,,56.84091697912663
mixed_adaptive_debug_log_framing_041,mixed_traffic,fhe_filter,8.671969000715762,5.372253945097327,39.49196997564286,3.223932988476008,0.03486202331259847,,57.02307901810855
mixed_adaptive_debug_log_framing_042,mixed_traffic,fhe_filter,8.665169996675104,5.36562199704349,38.50391798187047,3.228469984605908,0.03754597855731845,,56.02758697932586
mixed_adaptive_debug_log_framing_043,mixed_traffic,fhe_filter,8.415945980232209,5.444480979349464,38.76157500781119,3.269111039116979,0.03566395025700331,,56.15271592978388
mixed_adaptive_debug_log_framing_044,mixed_traffic,fhe_filter,8.568595047108829,5.391451995819807,42.03910700744018,3.273888025432825,0.03964995266869664,,59.54004300292581
mixed_adaptive_debug_log_framing_045,mixed_traffic,fhe_filter,8.62917595077306,5.444551003165543,38.8730030390434,3.587697981856763,0.0375059898942709,,56.8003958906047
mixed_adaptive_debug_log_framing_046,mixed_traffic,fhe_filter,8.738289994653314,5.376979999709874,39.018189010676,3.370081016328186,0.03813696093857288,,56.77291395841166
mixed_adaptive_debug_log_framing_047,mixed_traffic,fhe_filter,8.881833986379206,5.373394000343978,38.90798502834514,3.363911993801594,0.03714498598128557,,56.79551797220483
mixed_adaptive_debug_log_framing_048,mixed_traffic,fhe_filter,8.372250013053417,5.448378040455282,38.53232099208981,3.407308016903698,0.03547297092154622,,56.02354998700321
mixed_adaptive_debug_log_framing_049,mixed_traffic,fhe_filter,8.879952016286552,5.401227041147649,39.38315698178485,3.299746022094041,0.03584398655220866,,57.22814804175869
mixed_adaptive_debug_log_framing_050,mixed_traffic,fhe_filter,8.91130801755935,5.416099971625954,39.06988695962355,3.346907033119351,0.03227900015190244,,57.00581398559734
mixed_adaptive_indirect_inference_001,mixed_traffic,fhe_filter,8.4069530130364,5.367786041460931,39.50719302520156,3.24829004239291,0.03144697984680533,,56.78803799673915
mixed_adaptive_indirect_inference_002,mixed_traffic,fhe_filter,8.748933963943273,5.397321016062051,39.44182494888082,3.212184994481504,0.03324996214359999,,57.06449091667309
mixed_adaptive_indirect_inference_003,mixed_traffic,fhe_filter,8.649965981021523,5.350791034288704,39.60636100964621,3.340417984873056,0.03231799928471446,,57.20649298746139
mixed_adaptive_indirect_inference_004,mixed_traffic,fhe_filter,8.572008984629065,5.329247971531004,39.52084295451641,3.171453950926661,0.03635499160736799,,56.85685999924317
mixed_adaptive_indirect_inference_005,mixed_traffic,fhe_filter,9.934542002156377,5.886253959033638,38.79022796172649,3.301009011920542,0.03765604924410582,,58.18157503381371
mixed_adaptive_indirect_inference_006,mixed_traffic,fhe_filter,8.871980011463165,5.36813703365624,39.18237704783678,3.220327023882419,0.03712601028382778,,56.90982105443254
mixed_adaptive_indirect_inference_007,mixed_traffic,fhe_filter,8.445639978162944,5.367246980313212,39.64678099146113,3.136281040497124,0.03567297244444489,,56.86107592191547
mixed_adaptive_indirect_inference_008,mixed_traffic,fhe_filter,8.552521001547575,5.380304995924234,38.73245196882635,3.176881989929825,0.03519299207255244,,56.11012101871893
mixed_adaptive_indirect_inference_009,mixed_traffic,fhe_filter,8.348644012585282,5.457951978314668,38.7727819615975,3.425094007980078,0.03723602276295424,,56.26804701751098
mixed_adaptive_indirect_inference_010,mixed_traffic,fhe_filter,8.351108990609646,5.458893021568656,38.53444498963654,3.279445983935148,0.03490201197564602,,55.88442302541807
mixed_adaptive_indirect_inference_011,mixed_traffic,fhe_filter,8.590366982389241,5.420986039098352,38.46314799739048,3.195711004082114,0.03528303932398558,,55.93140405835584
mixed_adaptive_indirect_inference_012,mixed_traffic,fhe_filter,10.08390699280426,5.910559964831918,38.956367992796,3.272786037996411,0.04567904397845268,,58.49998601479456
mixed_adaptive_indirect_inference_013,mixed_traffic,fhe_filter,8.709205023478717,5.387657030951232,38.87011698679999,3.206876979675144,0.04130200250074267,,56.44259898690507
mixed_adaptive_indirect_inference_014,mixed_traffic,fhe_filter,8.557168010156602,5.479143001139164,40.62277596676722,3.381589020136744,0.03873801324516535,,58.30258800415322
mixed_adaptive_indirect_inference_015,mixed_traffic,fhe_filter,8.829234982840717,5.368688027374446,39.12164497887716,3.214049036614597,0.03725598799064755,,56.79839296499267
mixed_adaptive_indirect_inference_016,mixed_traffic,fhe_filter,8.788653998635709,5.381166003644466,39.39375298796222,3.270812972914428,0.03617402398958802,,57.09807202219963
mixed_adaptive_indirect_inference_017,mixed_traffic,fhe_filter,8.86739301495254,5.420375033281744,38.2338740164414,3.345584962517023,0.03794697113335133,,56.13847298081964
mixed_adaptive_indirect_inference_018,mixed_traffic,fhe_filter,8.423898019827902,5.439023021608591,38.4994630003348,3.355259948875755,0.03453198587521911,,56.01872503757477
mixed_adaptive_indirect_inference_019,mixed_traffic,fhe_filter,8.563386974856257,5.398802983108908,38.42848603380844,3.283111029304564,0.03856798866763711,,55.94496399862692
mixed_adaptive_indirect_inference_020,mixed_traffic,fhe_filter,8.864228962920606,5.454646016005427,38.1669650087133,3.17520002136007,0.03882800228893757,,55.93489995226264
mixed_adaptive_indirect_inference_021,mixed_traffic,fhe_filter,8.67654598550871,5.372554005589336,38.52468897821382,3.173016011714935,0.03539299359545112,,56.01474799914286
mixed_adaptive_indirect_inference_022,mixed_traffic,fhe_filter,8.78644100157544,5.447665986139327,39.06096500577405,3.193146025296301,0.03693497274070978,,56.75274401437491
mixed_adaptive_indirect_inference_023,mixed_traffic,fhe_filter,8.371678995899856,5.378903006203473,38.53366302791983,3.240738005843014,0.03892800305038691,,55.79087202204391
mixed_adaptive_indirect_inference_024,mixed_traffic,fhe_filter,10.22113201906905,5.854927003383636,38.87637704610825,3.36708698887378,0.03703503170982003,,58.5848810733296
mixed_adaptive_indirect_inference_025,mixed_traffic,fhe_filter,8.495935006067157,5.439845030196011,38.49739901488647,3.270132001489401,0.03743602428585291,,55.96858804346994
mixed_adaptive_indirect_inference_026,mixed_traffic,fhe_filter,9.02002101065591,5.417399981524795,38.94206701079383,3.109080018475652,0.03725598799064755,,56.75356602296233
mixed_adaptive_indirect_inference_027,mixed_traffic,fhe_filter,8.811259001959115,5.395478045102209,38.26277703046799,3.360167029313743,0.03892800305038691,,56.09747301787138
mixed_adaptive_indirect_inference_028,mixed_traffic,fhe_filter,8.921222994104028,5.39796199882403,39.34815403772518,3.422068955842406,0.03460200969129801,,57.35106096835807
mixed_adaptive_indirect_inference_029,mixed_traffic,fhe_filter,8.733582973945886,5.445432965643704,39.18512002564967,3.397413005586714,0.034671975299716,,57.02499399194494
mixed_adaptive_indirect_inference_030,mixed_traffic,fhe_filter,8.796195033937693,5.369680002331734,39.22399802831933,3.243172017391771,0.03703497350215912,,56.90511100692675
mixed_adaptive_indirect_inference_031,mixed_traffic,fhe_filter,8.925079018808901,5.383369978517294,38.43380400212482,3.347719029989094,0.03859802382066846,,56.35564005933702
mixed_adaptive_indirect_inference_032,mixed_traffic,fhe_filter,8.780391945037991,5.40708500193432,38.71906100539491,3.494699019938707,0.03647396806627512,,56.66425090748817
mixed_adaptive_indirect_inference_033,mixed_traffic,fhe_filter,8.982244995422661,5.373796040657908,39.13068800466135,3.35087301209569,0.03650400321930647,,57.10175697458908
mixed_adaptive_indirect_inference_034,mixed_traffic,fhe_filter,9.083746990654618,5.365252029150724,41.14818299422041,3.377803019247949,0.03504299093037844,,59.23696898389608
mixed_adaptive_indirect_inference_035,mixed_traffic,fhe_filter,8.838890003971756,5.420055007562041,38.91818004194647,3.266657004132867,0.03718602238222957,,56.70869903406128
mixed_adaptive_indirect_inference_036,mixed_traffic,fhe_filter,8.427183027379215,5.400676978752017,38.7146639986895,3.308238985482603,0.03871798980981112,,56.11681198934093
mixed_adaptive_indirect_inference_037,mixed_traffic,fhe_filter,8.921364031266421,5.365472985431552,39.15885096648708,3.246686013881117,0.0387780019082129,,56.95840303087607
mixed_adaptive_indirect_inference_038,mixed_traffic,fhe_filter,8.561744005419314,5.350131017621607,38.68950600735843,3.771592979319394,0.03815797390416265,,56.64090695790946
mixed_adaptive_indirect_inference_039,mixed_traffic,fhe_filter,8.463317004498094,5.441687011625618,38.24897803133354,3.408459015190601,0.04037999315187335,,55.83101196680218
mixed_adaptive_indirect_inference_040,mixed_traffic,fhe_filter,8.773160981945693,5.464021000079811,38.63751899916679,3.279616008512676,0.03798701800405979,,56.41949496930465
mixed_adaptive_indirect_inference_041,mixed_traffic,fhe_filter,8.642816974315792,5.424281000159681,38.46784395864233,3.378132998477668,0.03868801286444068,,56.17864499799907
mixed_adaptive_indirect_inference_042,mixed_traffic,fhe_filter,8.607533003669232,5.457410996314138,39.4036479992792,3.35968699073419,0.03676494816318154,,57.09386599482968
mixed_adaptive_indirect_inference_043,mixed_traffic,fhe_filter,8.84675100678578,5.471392010804266,39.08023197436705,3.429420990869403,0.03898801514878869,,57.09453602321446
mixed_adaptive_indirect_inference_044,mixed_traffic,fhe_filter,8.725500025320798,5.438663007225841,39.13322300650179,3.237483033444732,0.03687501884996891,,56.80295004276559
mixed_adaptive_indirect_inference_045,mixed_traffic,fhe_filter,9.087943995837122,5.376758985221386,38.95863000070676,3.238364995922893,0.03768695751205087,,56.92758795339614
mixed_adaptive_indirect_inference_046,mixed_traffic,fhe_filter,8.729536028113216,5.475657992064953,39.25898100715131,3.313297056593001,0.04115200135856867,,57.04840901307762
mixed_adaptive_indirect_inference_047,mixed_traffic,fhe_filter,8.615806000307202,5.44350000564009,39.33303197845817,3.393166000023484,0.03782601561397314,,57.04817699734122
mixed_adaptive_indirect_inference_048,mixed_traffic,fhe_filter,10.14404697343707,5.923438991885632,38.48274803021923,3.199777042027563,0.04243396688252687,,58.02126694470644
mixed_adaptive_indirect_inference_049,mixed_traffic,fhe_filter,8.835375017952174,5.4811270092614,39.24910601926968,3.343391988892108,0.03924901830032468,,57.17585008824244
mixed_adaptive_indirect_inference_050,mixed_traffic,fhe_filter,8.344387984834611,5.445364047773182,39.6695650415495,3.100027039181441,0.04171201726421714,,56.82973802322522
